{
  "type": "FeatureCollection",
  "features": [
    {
      "type": "Feature",
      "properties": {
        "zone_label": "02-Vina-Chico",
        "rms_well_swn": null,
        "rms_well_swns": [
          "22N01E28J001M",
          "22N01E28J005M",
          "CWSCH01b",
          "CWSCH02",
          "CWSCH03",
          "CWSCH04",
          "CWSCH05",
          "CWSCH06",
          "CWSCH07"
        ],
        "rms_primary_swns": [
          "CWSCH01b",
          "CWSCH02",
          "CWSCH03",
          "CWSCH07"
        ],
        "rms_supplemental_swns": [
          "22N01E28J001M",
          "22N01E28J005M",
          "CWSCH04",
          "CWSCH05",
          "CWSCH06"
        ],
        "rms_label": "Chico  \u00b7  CWSCH01b, CWSCH02, CWSCH03, CWSCH07 (RMS) + 5 supplemental",
        "mgmt_area_full": "02-Vina-Chico",
        "mgmt_area": "Chico",
        "is_aggregate": true,
        "area_acres": 29718.3
      },
      "geometry": {
        "type": "Polygon",
        "coordinates": [
          [
            [
              -121.76266985895475,
              39.78011958333151
            ],
            [
              -121.75019597158925,
              39.771008684078005
            ],
            [
              -121.74954164877774,
              39.77046287518366
            ],
            [
              -121.74932764448205,
              39.770284348352725
            ],
            [
              -121.74878989180579,
              39.76989553138635
            ],
            [
              -121.74473105587198,
              39.76696062224512
            ],
            [
              -121.73608806441578,
              39.75906261372719
            ],
            [
              -121.73413975954925,
              39.75674807175078
            ],
            [
              -121.73092166400106,
              39.751670933906894
            ],
            [
              -121.72869054603144,
              39.74878047097471
            ],
            [
              -121.72443105694315,
              39.743860016694775
            ],
            [
              -121.71958442196232,
              39.73870220933774
            ],
            [
              -121.71807512263626,
              39.73667947208524
            ],
            [
              -121.71678150049367,
              39.73494570641222
            ],
            [
              -121.71079641064252,
              39.72782738238994
            ],
            [
              -121.71047771126521,
              39.727514118596375
            ],
            [
              -121.70884544406879,
              39.725909684560804
            ],
            [
              -121.70865967547387,
              39.72573089784486
            ],
            [
              -121.70865964804356,
              39.7257308730212
            ],
            [
              -121.70853175753487,
              39.72560489386508
            ],
            [
              -121.708032172685,
              39.72511277127958
            ],
            [
              -121.70662884938548,
              39.72373095436616
            ],
            [
              -121.70601491535437,
              39.72312743111637
            ],
            [
              -121.7016591600943,
              39.71937947255286
            ],
            [
              -121.70399618723418,
              39.718148901440266
            ],
            [
              -121.70634299969828,
              39.71689950225803
            ],
            [
              -121.709668672289,
              39.7151288195638
            ],
            [
              -121.71262391933162,
              39.71361406036834
            ],
            [
              -121.71689123562169,
              39.71145070833618
            ],
            [
              -121.71689837090805,
              39.7114482567063
            ],
            [
              -121.71690551082963,
              39.71144581229282
            ],
            [
              -121.71691265422024,
              39.7114433750927
            ],
            [
              -121.71691980340465,
              39.71144094691311
            ],
            [
              -121.71692695605452,
              39.71143852684762
            ],
            [
              -121.71693411333952,
              39.71143611399832
            ],
            [
              -121.71694127642223,
              39.71143370926879
            ],
            [
              -121.71694844297043,
              39.71143131265334
            ],
            [
              -121.71695561415002,
              39.711428924154866
            ],
            [
              -121.71696278879475,
              39.711426543770465
            ],
            [
              -121.71696996923741,
              39.71142417150601
            ],
            [
              -121.71697715314905,
              39.71142180645475
            ],
            [
              -121.7169843428547,
              39.71141945042405
            ],
            [
              -121.71699153602934,
              39.71141710160669
            ],
            [
              -121.7169987326695,
              39.71141476090354
            ],
            [
              -121.71700593510704,
              39.71141242832015
            ],
            [
              -121.71701314101028,
              39.711410103850646
            ],
            [
              -121.717020352711,
              39.71140778750113
            ],
            [
              -121.71702756671094,
              39.71140547926283
            ],
            [
              -121.71703478650875,
              39.711403179144284
            ],
            [
              -121.7170420097718,
              39.71140088713985
            ],
            [
              -121.71704923766997,
              39.71139860235175
            ],
            [
              -121.7170564701961,
              39.71139632658112
            ],
            [
              -121.71706370618762,
              39.71139405892461
            ],
            [
              -121.71707094681439,
              39.711391798484435
            ],
            [
              -121.71707819206915,
              39.711389547061884
            ],
            [
              -121.71708544079279,
              39.711387302852636
            ],
            [
              -121.71709269414781,
              39.71138506676033
            ],
            [
              -121.71709995096498,
              39.71138283968289
            ],
            [
              -121.71710721358333,
              39.71138061982448
            ],
            [
              -121.71711447850096,
              39.71137840807736
            ],
            [
              -121.71712174804637,
              39.71137620534779
            ],
            [
              -121.7171290222271,
              39.71137400983449
            ],
            [
              -121.71713630103943,
              39.711371822438096
            ],
            [
              -121.71714358214724,
              39.71136964405368
            ],
            [
              -121.71715086905658,
              39.711367472888305
            ],
            [
              -121.71715815943112,
              39.71136530983707
            ],
            [
              -121.71716545326761,
              39.711363155800676
            ],
            [
              -121.71717275173931,
              39.71136100898043
            ],
            [
              -121.71718005367629,
              39.7113588702742
            ],
            [
              -121.71718736024128,
              39.711356740585714
            ],
            [
              -121.71719467027526,
              39.71135461811061
            ],
            [
              -121.71720198493729,
              39.711352504653036
            ],
            [
              -121.71720930306836,
              39.711350398409
            ],
            [
              -121.71721662466113,
              39.7113483011796
            ],
            [
              -121.71722395088585,
              39.711346212067234
            ],
            [
              -121.71723128057914,
              39.711344130168214
            ],
            [
              -121.7172386149008,
              39.71134205728675
            ],
            [
              -121.71724595152139,
              39.71133999251673
            ],
            [
              -121.71725329394006,
              39.71133793586634
            ],
            [
              -121.71726063865773,
              39.711335887327216
            ],
            [
              -121.71726798800712,
              39.71133384690502
            ],
            [
              -121.71727534082198,
              39.711331814596996
            ],
            [
              -121.71728269709845,
              39.7113297913036
            ],
            [
              -121.71729005801028,
              39.71132777522644
            ],
            [
              -121.71729742238419,
              39.71132576816402
            ],
            [
              -121.71730479022699,
              39.71132376831513
            ],
            [
              -121.71731216269785,
              39.71132177748384
            ],
            [
              -121.7236502682307,
              39.709609295180506
            ],
            [
              -121.72365737529744,
              39.70960709076426
            ],
            [
              -121.72366447889698,
              39.70960487823348
            ],
            [
              -121.72367157669382,
              39.70960265848292
            ],
            [
              -121.72367867219329,
              39.709600429719686
            ],
            [
              -121.72368576189353,
              39.709598192836026
            ],
            [
              -121.72369284812328,
              39.7095959487384
            ],
            [
              -121.7236999297236,
              39.70959369562256
            ],
            [
              -121.72370700668704,
              39.70959143528977
            ],
            [
              -121.72371407902102,
              39.70958916593881
            ],
            [
              -121.72372114788459,
              39.70958688937373
            ],
            [
              -121.7237282121182,
              39.70958460379028
            ],
            [
              -121.72373527171557,
              39.70958231099014
            ],
            [
              -121.72374232784563,
              39.70958001007529
            ],
            [
              -121.7237493781766,
              39.70957770104005
            ],
            [
              -121.72375642504055,
              39.70957538388996
            ],
            [
              -121.7237634672711,
              39.709573058622496
            ],
            [
              -121.72377050486894,
              39.70957072523743
            ],
            [
              -121.72377753783313,
              39.70956838373474
            ],
            [
              -121.72378456616462,
              39.70956603411449
            ],
            [
              -121.72379159102542,
              39.709563677280315
            ],
            [
              -121.72379861009037,
              39.709561311425105
            ],
            [
              -121.72380562568485,
              39.70955893835577
            ],
            [
              -121.72381263664995,
              39.70955655626838
            ],
            [
              -121.72381964181194,
              39.709554166961084
            ],
            [
              -121.723826643507,
              39.70955176953914
            ],
            [
              -121.72383364056878,
              39.709549363999884
            ],
            [
              -121.72384063299381,
              39.70954695124346
            ],
            [
              -121.72384762078944,
              39.709544529469106
            ],
            [
              -121.72385460394834,
              39.70954210047766
            ],
            [
              -121.72386158130773,
              39.70953966336621
            ],
            [
              -121.72386855520026,
              39.70953721813975
            ],
            [
              -121.72387552445964,
              39.709534764795826
            ],
            [
              -121.72388248908567,
              39.70953230333456
            ],
            [
              -121.72388944790909,
              39.70952983465351
            ],
            [
              -121.72389640326891,
              39.70952735695702
            ],
            [
              -121.72390335282573,
              39.70952487204097
            ],
            [
              -121.7239102989156,
              39.70952237901026
            ],
            [
              -121.72391723920278,
              39.70951987875991
            ],
            [
              -121.72392417485983,
              39.709517369491266
            ],
            [
              -121.72393110588075,
              39.709514853005885
            ],
            [
              -121.72393803226817,
              39.709512328402944
            ],
            [
              -121.7239449528562,
              39.70950979567983
            ],
            [
              -121.72395186997387,
              39.709507255742544
            ],
            [
              -121.72395878129576,
              39.709504706784486
            ],
            [
              -121.72396568798074,
              39.70950215060936
            ],
            [
              -121.72397258886282,
              39.70949958721478
            ],
            [
              -121.72397948628154,
              39.70949701480474
            ],
            [
              -121.72398637789725,
              39.70949443517513
            ],
            [
              -121.7239932648798,
              39.709491847428076
            ],
            [
              -121.72400014722899,
              39.70948925156355
            ],
            [
              -121.72400702377567,
              39.70948664847941
            ],
            [
              -121.7240138956888,
              39.70948403727762
            ],
            [
              -121.72402076296873,
              39.709481417958536
            ],
            [
              -121.72402762561205,
              39.70947879142247
            ],
            [
              -121.72403448245606,
              39.70947615676636
            ],
            [
              -121.72404133466681,
              39.709473513992556
            ],
            [
              -121.72404818107454,
              39.709470863999336
            ],
            [
              -121.7240550228491,
              39.70946820588864
            ],
            [
              -121.72406185999053,
              39.70946553966036
            ],
            [
              -121.72406869133258,
              39.7094628653118
            ],
            [
              -121.72407551803789,
              39.70946018374655
            ],
            [
              -121.7240823389402,
              39.70945749496155
            ],
            [
              -121.72408915521274,
              39.70945479715856
            ],
            [
              -121.72409596568262,
              39.709452092136026
            ],
            [
              -121.72410277151565,
              39.7094493798967
            ],
            [
              -121.7241095727153,
              39.70944665953967
            ],
            [
              -121.72411636811565,
              39.709443931062694
            ],
            [
              -121.7241231577131,
              39.70944119536593
            ],
            [
              -121.72412994267731,
              39.70943845155182
            ],
            [
              -121.7241367230084,
              39.709435699620244
            ],
            [
              -121.72414349753632,
              39.709432940468965
            ],
            [
              -121.72415026626493,
              39.70943017319759
            ],
            [
              -121.72415703035703,
              39.70942739870926
            ],
            [
              -121.72416378864582,
              39.709424617001716
            ],
            [
              -121.72417054230496,
              39.7094218262757
            ],
            [
              -121.72417729016134,
              39.70941902833027
            ],
            [
              -121.72418403221486,
              39.70941622316535
            ],
            [
              -121.72419076963504,
              39.70941340988281
            ],
            [
              -121.72419750125223,
              39.709410589380916
            ],
            [
              -121.72420422707002,
              39.70940776075862
            ],
            [
              -121.72421094825444,
              39.709404924018955
            ],
            [
              -121.72775693054007,
              39.70790579605602
            ],
            [
              -121.73410000872529,
              39.70528173340737
            ],
            [
              -121.73410178270188,
              39.705281329402325
            ],
            [
              -121.73410355550888,
              39.705280926295245
            ],
            [
              -121.73410532947891,
              39.705280524091414
            ],
            [
              -121.73410710228248,
              39.705280121884954
            ],
            [
              -121.73410887741494,
              39.70527972058444
            ],
            [
              -121.73411065137773,
              39.705279320182036
            ],
            [
              -121.73411242533714,
              39.70527892067995
            ],
            [
              -121.73411420046264,
              39.70527852118078
            ],
            [
              -121.73411597558494,
              39.70527812258234
            ],
            [
              -121.73411775070355,
              39.705277724884404
            ],
            [
              -121.73411952698471,
              39.70527732808994
            ],
            [
              -121.73412130209971,
              39.70527693129262
            ],
            [
              -121.73412307837778,
              39.70527653539864
            ],
            [
              -121.73412485465212,
              39.70527614040534
            ],
            [
              -121.73412663092662,
              39.705275745412024
            ],
            [
              -121.73412840836012,
              39.705275352222564
            ],
            [
              -121.73413018462774,
              39.70527495903059
            ],
            [
              -121.73413196206116,
              39.70527456584124
            ],
            [
              -121.73413373948812,
              39.705274174453116
            ],
            [
              -121.73413551808099,
              39.705273783067724
            ],
            [
              -121.73413729550413,
              39.70527339258031
            ],
            [
              -121.73413907409015,
              39.705273002996094
            ],
            [
              -121.73414085267584,
              39.70527261341184
            ],
            [
              -121.73414263125855,
              39.70527222472849
            ],
            [
              -121.73414440983751,
              39.70527183694564
            ],
            [
              -121.73414618957929,
              39.70527145006599
            ],
            [
              -121.73414796932083,
              39.705271063186366
            ],
            [
              -121.73414974905587,
              39.70527067810824
            ],
            [
              -121.73415152879402,
              39.70527029212931
            ],
            [
              -121.73415330852538,
              39.70526990795177
            ],
            [
              -121.73415508942261,
              39.70526952377668
            ],
            [
              -121.73415687031348,
              39.705269141403036
            ],
            [
              -121.73415865120718,
              39.7052687581287
            ],
            [
              -121.73416043209455,
              39.705268376655766
            ],
            [
              -121.73416221298164,
              39.70526799518262
            ],
            [
              -121.73416399503138,
              39.70526761461287
            ],
            [
              -121.73416577707772,
              39.70526723494381
            ],
            [
              -121.73416755912062,
              39.705266856175356
            ],
            [
              -121.73416934116355,
              39.70526647740696
            ],
            [
              -121.7341711243691,
              39.7052660995418
            ],
            [
              -121.73417290757102,
              39.70526572257721
            ],
            [
              -121.73417468960707,
              39.70526534560998
            ],
            [
              -121.73417647397179,
              39.70526496954875
            ],
            [
              -121.73417825716707,
              39.705264594385405
            ],
            [
              -121.73418004035886,
              39.705264220123084
            ],
            [
              -121.73418182471305,
              39.70526384676375
            ],
            [
              -121.73418360906771,
              39.70526347340437
            ],
            [
              -121.73418539341868,
              39.70526310094583
            ],
            [
              -121.73418717776943,
              39.70526272848714
            ],
            [
              -121.73418896327964,
              39.70526235783246
            ],
            [
              -121.73419074878998,
              39.70526198717785
            ],
            [
              -121.73419253429682,
              39.705261617423744
            ],
            [
              -121.73419431979994,
              39.705261248570274
            ],
            [
              -121.73419610530324,
              39.70526087971701
            ],
            [
              -121.73419789196934,
              39.705260511766774
            ],
            [
              -121.7341996774657,
              39.70526014471476
            ],
            [
              -121.7342014641249,
              39.70525977856595
            ],
            [
              -121.73420325078392,
              39.7052594124171
            ],
            [
              -121.7342050386055,
              39.705259047171516
            ],
            [
              -121.73420682525771,
              39.705258682823946
            ],
            [
              -121.73420861307592,
              39.70525831847914
            ],
            [
              -121.7342104008874,
              39.70525795593541
            ],
            [
              -121.73421218869892,
              39.70525759339196
            ],
            [
              -121.7342139765067,
              39.705257231748945
            ],
            [
              -121.734215765481,
              39.70525687010873
            ],
            [
              -121.73421755328549,
              39.70525650936639
            ],
            [
              -121.7342193422527,
              39.70525614952731
            ],
            [
              -121.73422113121644,
              39.70525579058899
            ],
            [
              -121.73422292134289,
              39.70525543255389
            ],
            [
              -121.734224710303,
              39.705255074516224
            ],
            [
              -121.73422650042596,
              39.70525471738175
            ],
            [
              -121.73422829054552,
              39.70525436114789
            ],
            [
              -121.7342300806651,
              39.70525400491428
            ],
            [
              -121.73423187077758,
              39.70525365048178
            ],
            [
              -121.73423366205643,
              39.70525329605202
            ],
            [
              -121.73423545216902,
              39.70525294161943
            ],
            [
              -121.73423724344075,
              39.705252588990966
            ],
            [
              -121.73423903471267,
              39.705252236362384
            ],
            [
              -121.7342408259812,
              39.705251884634414
            ],
            [
              -121.73424261841215,
              39.70525153380984
            ],
            [
              -121.73424440967702,
              39.70525118298261
            ],
            [
              -121.73424620210469,
              39.705250833058706
            ],
            [
              -121.73424799452887,
              39.70525048403538
            ],
            [
              -121.73424978694952,
              39.70525013591266
            ],
            [
              -121.73425158053647,
              39.70524978779253
            ],
            [
              -121.73425337295369,
              39.705249440570604
            ],
            [
              -121.7342551665336,
              39.70524909425185
            ],
            [
              -121.73425696011017,
              39.705248748833846
            ],
            [
              -121.7342587536867,
              39.70524840341574
            ],
            [
              -121.73426054725627,
              39.70524805979907
            ],
            [
              -121.7342623419955,
              39.705247715284194
            ],
            [
              -121.73426413672782,
              39.70524737257054
            ],
            [
              -121.73426593029396,
              39.705247029854505
            ],
            [
              -121.73426772618554,
              39.705246688944946
            ],
            [
              -121.73426952091432,
              39.70524634713205
            ],
            [
              -121.73427131563629,
              39.7052460071205
            ],
            [
              -121.73427311152437,
              39.70524566711172
            ],
            [
              -121.73427490740903,
              39.70524532800329
            ],
            [
              -121.73427670329025,
              39.70524498979569
            ],
            [
              -121.73427849916808,
              39.705244652488744
            ],
            [
              -121.73428029504585,
              39.70524431518183
            ],
            [
              -121.73428209208619,
              39.70524397877804
            ],
            [
              -121.734283887957,
              39.70524364327232
            ],
            [
              -121.73428568499057,
              39.705243308669985
            ],
            [
              -121.73428748202392,
              39.70524297406768
            ],
            [
              -121.73428928022028,
              39.70524264036855
            ],
            [
              -121.73463438868346,
              39.70517864676225
            ],
            [
              -121.73530401542502,
              39.705081271608265
            ],
            [
              -121.74295204964996,
              39.70433883830806
            ],
            [
              -121.74500921894816,
              39.70413221020079
            ],
            [
              -121.7463491849302,
              39.70399979996979
            ],
            [
              -121.75848684076539,
              39.70280620964946
            ],
            [
              -121.76183485589269,
              39.70246802133064
            ],
            [
              -121.76718365685122,
              39.701927245355556
            ],
            [
              -121.76760145487262,
              39.70190459931102
            ],
            [
              -121.76797583242102,
              39.70161711710822
            ],
            [
              -121.76950143189062,
              39.701499891618774
            ],
            [
              -121.77157151889753,
              39.701553429484385
            ],
            [
              -121.77555349763757,
              39.70213903330695
            ],
            [
              -121.7758306031689,
              39.702020622912855
            ],
            [
              -121.7760050794765,
              39.701918090912045
            ],
            [
              -121.77679380538214,
              39.70051966480626
            ],
            [
              -121.7770068930486,
              39.69982124351376
            ],
            [
              -121.77615317606752,
              39.69750208668687
            ],
            [
              -121.77613080166542,
              39.69668761618257
            ],
            [
              -121.77618328261005,
              39.69558810071587
            ],
            [
              -121.77760422795903,
              39.69444105367304
            ],
            [
              -121.77678679251,
              39.69364668649432
            ],
            [
              -121.77660097353964,
              39.69347804313676
            ],
            [
              -121.77379611328095,
              39.69096623539387
            ],
            [
              -121.77360928838914,
              39.690730003160965
            ],
            [
              -121.77231069785515,
              39.68956301091494
            ],
            [
              -121.77212555498268,
              39.68939887130285
            ],
            [
              -121.77083338893264,
              39.688240959886635
            ],
            [
              -121.76848517096224,
              39.68613927923234
            ],
            [
              -121.76830004489773,
              39.68597513249577
            ],
            [
              -121.76489114392352,
              39.682922663043314
            ],
            [
              -121.76451159384855,
              39.682578698236334
            ],
            [
              -121.76432650161432,
              39.68241454506853
            ],
            [
              -121.76196313628283,
              39.68036665161592
            ],
            [
              -121.76046738598873,
              39.67902530712015
            ],
            [
              -121.76107986564226,
              39.67864185787742
            ],
            [
              -121.76120956194504,
              39.67854613431851
            ],
            [
              -121.76302825833821,
              39.67713470591391
            ],
            [
              -121.7671613164817,
              39.6739321705895
            ],
            [
              -121.76721570559663,
              39.6739748878248
            ],
            [
              -121.76727104380564,
              39.674022145533336
            ],
            [
              -121.76732438229166,
              39.674068231057255
            ],
            [
              -121.76737667182947,
              39.67411502333435
            ],
            [
              -121.767585874719,
              39.674319173238864
            ],
            [
              -121.76768594564581,
              39.674420665798564
            ],
            [
              -121.76771389486314,
              39.67444849597702
            ],
            [
              -121.76774245612326,
              39.67447594455885
            ],
            [
              -121.76777164457599,
              39.67450301247392
            ],
            [
              -121.76780143119298,
              39.674529666338444
            ],
            [
              -121.76783182989224,
              39.67455592689613
            ],
            [
              -121.7678627976196,
              39.67458177244381
            ],
            [
              -121.76789434956319,
              39.67460719220313
            ],
            [
              -121.76792648456079,
              39.67463218527062
            ],
            [
              -121.76795915951894,
              39.67465674165301
            ],
            [
              -121.76799238846598,
              39.67468084876738
            ],
            [
              -121.76802617256477,
              39.67470450751668
            ],
            [
              -121.7680604675622,
              39.67472770610405
            ],
            [
              -121.76809530143169,
              39.67475044458385
            ],
            [
              -121.76850604533637,
              39.67501387888285
            ],
            [
              -121.7685127532522,
              39.67501811998453
            ],
            [
              -121.76851957922388,
              39.67502226043958
            ],
            [
              -121.7685264928726,
              39.67502632270555
            ],
            [
              -121.76853350826221,
              39.675030283391884
            ],
            [
              -121.76854059738078,
              39.67503415415258
            ],
            [
              -121.76854778707163,
              39.67503792423221
            ],
            [
              -121.76855505169539,
              39.675041592679456
            ],
            [
              -121.76856240282734,
              39.67504518383614
            ],
            [
              -121.76856982783953,
              39.67504863913172
            ],
            [
              -121.7685773253764,
              39.675052016208355
            ],
            [
              -121.76858491066712,
              39.675055291677815
            ],
            [
              -121.76859256859203,
              39.67505845560248
            ],
            [
              -121.76860028509252,
              39.67506152957171
            ],
            [
              -121.76860807539637,
              39.67506449109784
            ],
            [
              -121.76861593833729,
              39.675067340178515
            ],
            [
              -121.76862385988966,
              39.67507008849535
            ],
            [
              -121.76863184122243,
              39.67507273514974
            ],
            [
              -121.76863988003645,
              39.67507527022974
            ],
            [
              -121.76864797633803,
              39.675077691933666
            ],
            [
              -121.76865611842726,
              39.6750800137493
            ],
            [
              -121.76866431803894,
              39.675082211380264
            ],
            [
              -121.76867254829168,
              39.6750843072917
            ],
            [
              -121.76868086516558,
              39.67508629168577
            ],
            [
              -121.76869339885894,
              39.67508905987815
            ],
            [
              -121.76913199966236,
              39.67514441511836
            ],
            [
              -121.76950128904794,
              39.67514211493436
            ],
            [
              -121.77008529216322,
              39.67514845336305
            ],
            [
              -121.77012670888664,
              39.67514806145676
            ],
            [
              -121.77015178250393,
              39.67514781863682
            ],
            [
              -121.77017681179689,
              39.67514758563223
            ],
            [
              -121.77020189479418,
              39.675153381129036
            ],
            [
              -121.77022688875381,
              39.6751553979996
            ],
            [
              -121.77025180818111,
              39.67515775158205
            ],
            [
              -121.7702766974015,
              39.67516043205523
            ],
            [
              -121.77030148411679,
              39.6751634491855
            ],
            [
              -121.7703262405554,
              39.67516681482337
            ],
            [
              -121.77035090854956,
              39.675170494628404
            ],
            [
              -121.77037547283376,
              39.67517452369842
            ],
            [
              -121.77039994984038,
              39.67517886693785
            ],
            [
              -121.77042433833041,
              39.67518354686242
            ],
            [
              -121.77044859400681,
              39.67518856518642
            ],
            [
              -121.7704727472574,
              39.675193896750095
            ],
            [
              -121.77049676889888,
              39.67519955500694
            ],
            [
              -121.77052067175534,
              39.67520553908132
            ],
            [
              -121.77054442901945,
              39.675211848921066
            ],
            [
              -121.77056803956074,
              39.67521847371565
            ],
            [
              -121.77059148939615,
              39.67522541253709
            ],
            [
              -121.77061479251255,
              39.67523266541287
            ],
            [
              -121.77063791976461,
              39.67524023408748
            ],
            [
              -121.7706608711619,
              39.67524811585897
            ],
            [
              -121.77068366188601,
              39.675256301749904
            ],
            [
              -121.77070623362357,
              39.67526480245557
            ],
            [
              -121.7707286144254,
              39.675273594612065
            ],
            [
              -121.77075080538278,
              39.67528270073949
            ],
            [
              -121.77092389709249,
              39.67535517437916
            ],
            [
              -121.77253824235174,
              39.676028540162214
            ],
            [
              -121.77371127761164,
              39.676517809974214
            ],
            [
              -121.7739469867411,
              39.676623695835595
            ],
            [
              -121.77490700621607,
              39.67702342761814
            ],
            [
              -121.77647253198595,
              39.67767417740658
            ],
            [
              -121.77731005114015,
              39.67793102591622
            ],
            [
              -121.7773849672818,
              39.678018136768046
            ],
            [
              -121.77750230996229,
              39.67807589832612
            ],
            [
              -121.77798396929029,
              39.678222599684126
            ],
            [
              -121.77809519498867,
              39.67824513077699
            ],
            [
              -121.77842535955641,
              39.67834293172932
            ],
            [
              -121.77828664885985,
              39.6785305502839
            ],
            [
              -121.7782746110716,
              39.679512985242155
            ],
            [
              -121.77761654476346,
              39.682285705581265
            ],
            [
              -121.77760433195344,
              39.682337161996855
            ],
            [
              -121.77757995185735,
              39.683247829709316
            ],
            [
              -121.77793318752586,
              39.683668977970655
            ],
            [
              -121.77860292014726,
              39.68415241017762
            ],
            [
              -121.77887766684329,
              39.685048504867765
            ],
            [
              -121.77898266698736,
              39.68558653390431
            ],
            [
              -121.77898584059481,
              39.68564639671353
            ],
            [
              -121.77900674526656,
              39.68622298409811
            ],
            [
              -121.77858133686209,
              39.687844686933715
            ],
            [
              -121.77815154108757,
              39.68888618828013
            ],
            [
              -121.77814626656293,
              39.689261172154616
            ],
            [
              -121.77824391781901,
              39.68948589392463
            ],
            [
              -121.77844418681626,
              39.68972754208198
            ],
            [
              -121.77881617238137,
              39.690238072948816
            ],
            [
              -121.77900385365885,
              39.69076702515021
            ],
            [
              -121.77910645794118,
              39.691297345698786
            ],
            [
              -121.78067551064694,
              39.69132000514289
            ],
            [
              -121.78169231260868,
              39.691330748896846
            ],
            [
              -121.78356952955907,
              39.691350554361804
            ],
            [
              -121.78506777916205,
              39.69136634535285
            ],
            [
              -121.78984101127946,
              39.69141650834751
            ],
            [
              -121.79343627262102,
              39.69145417137013
            ],
            [
              -121.79342267176702,
              39.69298484325098
            ],
            [
              -121.79339963929522,
              39.69687446167882
            ],
            [
              -121.7933995303109,
              39.696926146377834
            ],
            [
              -121.79363770167305,
              39.69692626087853
            ],
            [
              -121.79368601837055,
              39.69694449462683
            ],
            [
              -121.79369837567857,
              39.69694506752343
            ],
            [
              -121.79348199857367,
              39.698195654645154
            ],
            [
              -121.79346441252088,
              39.698300223224365
            ],
            [
              -121.79333503915234,
              39.69906945740504
            ],
            [
              -121.7933295279137,
              39.699102214979
            ],
            [
              -121.79319735445068,
              39.699888047264864
            ],
            [
              -121.79288772328424,
              39.701728871707836
            ],
            [
              -121.79287827749239,
              39.70179758338631
            ],
            [
              -121.79278419638777,
              39.70248192386513
            ],
            [
              -121.79364456171821,
              39.7020603723761
            ],
            [
              -121.79451090815999,
              39.70163587882835
            ],
            [
              -121.79539054144256,
              39.7012084464139
            ],
            [
              -121.79585202908568,
              39.7009704976796
            ],
            [
              -121.79624299201569,
              39.70076532500645
            ],
            [
              -121.79698115648283,
              39.70039282318112
            ],
            [
              -121.79774059758384,
              39.700009648523036
            ],
            [
              -121.7984851448397,
              39.69963397681696
            ],
            [
              -121.79922148412332,
              39.69926022014405
            ],
            [
              -121.79965101511924,
              39.69904002567692
            ],
            [
              -121.80008047100539,
              39.698819873635166
            ],
            [
              -121.80051001173946,
              39.69859968683113
            ],
            [
              -121.80097226331952,
              39.69837784427208
            ],
            [
              -121.80149175705074,
              39.698111533734085
            ],
            [
              -121.80159572559758,
              39.698047680561594
            ],
            [
              -121.8017269736894,
              39.69799959399583
            ],
            [
              -121.80628796650582,
              39.70452192654214
            ],
            [
              -121.80772618960209,
              39.70395808716964
            ],
            [
              -121.80850604321438,
              39.70362490496361
            ],
            [
              -121.80887676723113,
              39.70338565608307
            ],
            [
              -121.80944468689546,
              39.70317858126676
            ],
            [
              -121.81054218334059,
              39.70300783596735
            ],
            [
              -121.8112188914433,
              39.702759895753324
            ],
            [
              -121.81141221626321,
              39.702689049280664
            ],
            [
              -121.81216492479079,
              39.70241327060711
            ],
            [
              -121.81291666546045,
              39.70213791338968
            ],
            [
              -121.81310969624626,
              39.70206716452715
            ],
            [
              -121.81375316301677,
              39.70183140269219
            ],
            [
              -121.81391222075159,
              39.70213636920566
            ],
            [
              -121.81404746021693,
              39.70239431356374
            ],
            [
              -121.81418090473554,
              39.70264882596923
            ],
            [
              -121.81431436538035,
              39.702903338223756
            ],
            [
              -121.81444781063716,
              39.70315786198688
            ],
            [
              -121.81449923180679,
              39.7032559185946
            ],
            [
              -121.81458125805888,
              39.70341237386804
            ],
            [
              -121.81471472160692,
              39.70366688559827
            ],
            [
              -121.8148240673557,
              39.703875435602306
            ],
            [
              -121.8148481709353,
              39.70392140793812
            ],
            [
              -121.81498162126012,
              39.704175919295146
            ],
            [
              -121.81511508654495,
              39.70443043049888
            ],
            [
              -121.81524853877468,
              39.704684953215136
            ],
            [
              -121.81535449861599,
              39.70488703126048
            ],
            [
              -121.81585881494311,
              39.70456037240257
            ],
            [
              -121.81633170154255,
              39.704254071973054
            ],
            [
              -121.81733988130699,
              39.70360915532791
            ],
            [
              -121.81737750464511,
              39.70367344323306
            ],
            [
              -121.81819301275694,
              39.70315172266997
            ],
            [
              -121.8191524223346,
              39.70252984924731
            ],
            [
              -121.8193612797465,
              39.70240015192185
            ],
            [
              -121.81987826885451,
              39.702055673489184
            ],
            [
              -121.82046275978121,
              39.70167582785751
            ],
            [
              -121.82147526556493,
              39.701017848864225
            ],
            [
              -121.82167923089237,
              39.70113629668841
            ],
            [
              -121.82168181552377,
              39.70113870198109
            ],
            [
              -121.82168252505755,
              39.70113825052437
            ],
            [
              -121.82220061875208,
              39.701620399833836
            ],
            [
              -121.82228449157957,
              39.701719974705966
            ],
            [
              -121.82290709064827,
              39.70244520511844
            ],
            [
              -121.82299330834515,
              39.70254375610132
            ],
            [
              -121.82340518624777,
              39.70299727598225
            ],
            [
              -121.82382725169322,
              39.70344517213771
            ],
            [
              -121.8245079853971,
              39.70413457174798
            ],
            [
              -121.82658892443926,
              39.70602831352083
            ],
            [
              -121.82673529863622,
              39.70607503792637
            ],
            [
              -121.82790944469264,
              39.70710494053181
            ],
            [
              -121.82764237851498,
              39.707237462761604
            ],
            [
              -121.82753105286442,
              39.707419858851324
            ],
            [
              -121.82752184127432,
              39.707501190335975
            ],
            [
              -121.82737381328819,
              39.70763013049939
            ],
            [
              -121.82720131280405,
              39.70772343473279
            ],
            [
              -121.82710250882926,
              39.70772711211582
            ],
            [
              -121.82706481284136,
              39.70772851853737
            ],
            [
              -121.8269606309109,
              39.70775245163626
            ],
            [
              -121.82686387782209,
              39.70777467525514
            ],
            [
              -121.82677023858764,
              39.7077915514747
            ],
            [
              -121.82652478208354,
              39.707820605491165
            ],
            [
              -121.8263007246926,
              39.70779130871877
            ],
            [
              -121.82607973929774,
              39.7078386261092
            ],
            [
              -121.82584543690065,
              39.70785428120932
            ],
            [
              -121.8256681092383,
              39.707820947942736
            ],
            [
              -121.82540375034323,
              39.70784079627648
            ],
            [
              -121.82525413188357,
              39.7078933573379
            ],
            [
              -121.82511345299014,
              39.70797435586614
            ],
            [
              -121.82500826487596,
              39.708051124757
            ],
            [
              -121.82470768778553,
              39.70804492953076
            ],
            [
              -121.82470306641416,
              39.708049875870636
            ],
            [
              -121.82461368274886,
              39.70803108891373
            ],
            [
              -121.82457560687963,
              39.708145380106664
            ],
            [
              -121.82449576992285,
              39.70817615552588
            ],
            [
              -121.82445911434593,
              39.708220807333994
            ],
            [
              -121.82442246460299,
              39.70826546084544
            ],
            [
              -121.8240746939782,
              39.70852154434435
            ],
            [
              -121.82398118786995,
              39.70865496252926
            ],
            [
              -121.82407130521452,
              39.70886818453242
            ],
            [
              -121.82411574037569,
              39.709016132678464
            ],
            [
              -121.82403191602819,
              39.709155893877984
            ],
            [
              -121.82408614726442,
              39.70920777195058
            ],
            [
              -121.82408583602658,
              39.709208682438835
            ],
            [
              -121.82409024514905,
              39.70921290187204
            ],
            [
              -121.82401260372255,
              39.70943658208949
            ],
            [
              -121.82398097658694,
              39.70947501442588
            ],
            [
              -121.8237297680451,
              39.709780345849765
            ],
            [
              -121.82357623732184,
              39.70989721134739
            ],
            [
              -121.82342694811886,
              39.71001479959887
            ],
            [
              -121.82307017160238,
              39.71036689095684
            ],
            [
              -121.82299917699434,
              39.710510969553226
            ],
            [
              -121.82261885835064,
              39.71052697279722
            ],
            [
              -121.82242970893736,
              39.71075916414142
            ],
            [
              -121.8223780865207,
              39.711105617778706
            ],
            [
              -121.82209490603078,
              39.71132380367324
            ],
            [
              -121.82412093144639,
              39.71136191938755
            ],
            [
              -121.82500820919257,
              39.711378602647414
            ],
            [
              -121.82524913700989,
              39.7113671427597
            ],
            [
              -121.82730517502038,
              39.711268199545394
            ],
            [
              -121.83192293643442,
              39.71107565109281
            ],
            [
              -121.83235924877764,
              39.71105746082588
            ],
            [
              -121.83265084159265,
              39.71104530408045
            ],
            [
              -121.83279436730403,
              39.71118588868618
            ],
            [
              -121.83439690364648,
              39.712755687456024
            ],
            [
              -121.83643935182648,
              39.71458272593563
            ],
            [
              -121.83667372243654,
              39.71457093000977
            ],
            [
              -121.84049249537514,
              39.7176639556169
            ],
            [
              -121.84049024464863,
              39.717663923319414
            ],
            [
              -121.84049662434623,
              39.71766909025392
            ],
            [
              -121.84024878239335,
              39.717665527642865
            ],
            [
              -121.84086385294626,
              39.71816365792653
            ],
            [
              -121.84180910788575,
              39.71899698784799
            ],
            [
              -121.84183934527513,
              39.718922081445406
            ],
            [
              -121.84193736799385,
              39.718883543061544
            ],
            [
              -121.84194641622116,
              39.71889388879405
            ],
            [
              -121.84222718975441,
              39.71818341825343
            ],
            [
              -121.8437670679658,
              39.71426419045448
            ],
            [
              -121.84381657551684,
              39.71411851310155
            ],
            [
              -121.8440661516521,
              39.71412999822203
            ],
            [
              -121.84624987338098,
              39.714648016775286
            ],
            [
              -121.8468579916174,
              39.714792877533434
            ],
            [
              -121.84730260588324,
              39.71455481982651
            ],
            [
              -121.84736889435139,
              39.71450292081162
            ],
            [
              -121.84746345783283,
              39.71431695405289
            ],
            [
              -121.84752438889547,
              39.71419714151434
            ],
            [
              -121.84764139104007,
              39.71409061374869
            ],
            [
              -121.84766419267233,
              39.714069851781986
            ],
            [
              -121.84783472007713,
              39.71391460191517
            ],
            [
              -121.84790875583819,
              39.71388857676947
            ],
            [
              -121.84822564488077,
              39.713777167273925
            ],
            [
              -121.84840607793072,
              39.71367888527251
            ],
            [
              -121.8486013505032,
              39.71357253570503
            ],
            [
              -121.84884194986398,
              39.71363401707856
            ],
            [
              -121.84920823194403,
              39.7136336205712
            ],
            [
              -121.84892211525698,
              39.714358608456244
            ],
            [
              -121.8488267510434,
              39.714600271199544
            ],
            [
              -121.84874719696352,
              39.71480184382945
            ],
            [
              -121.84866764359491,
              39.71500341549169
            ],
            [
              -121.84858810376225,
              39.71520498800381
            ],
            [
              -121.84869337601273,
              39.71522391356375
            ],
            [
              -121.85066126237757,
              39.71568442630197
            ],
            [
              -121.85158136280369,
              39.71589973609329
            ],
            [
              -121.85146965895945,
              39.71618071324772
            ],
            [
              -121.85146814625882,
              39.71618451852046
            ],
            [
              -121.85147377585069,
              39.716185849200954
            ],
            [
              -121.85144016314742,
              39.71627039847349
            ],
            [
              -121.85265408619654,
              39.71656083597639
            ],
            [
              -121.85308279302302,
              39.71666339555656
            ],
            [
              -121.85323218584844,
              39.71628600572108
            ],
            [
              -121.85318989453914,
              39.71627611385653
            ],
            [
              -121.85354384275249,
              39.71545936467124
            ],
            [
              -121.85412017136791,
              39.71421597206226
            ],
            [
              -121.85453766496359,
              39.7132524750459
            ],
            [
              -121.8546498003918,
              39.71299368099264
            ],
            [
              -121.85467435184353,
              39.71299909743447
            ],
            [
              -121.8566274910371,
              39.713439802636834
            ],
            [
              -121.85713307998078,
              39.71361811887493
            ],
            [
              -121.85821253550306,
              39.71388163017712
            ],
            [
              -121.85806347881905,
              39.71424425418965
            ],
            [
              -121.8579216013163,
              39.71459321821275
            ],
            [
              -121.85784381585347,
              39.7147832171507
            ],
            [
              -121.85778892936476,
              39.714917256045695
            ],
            [
              -121.8576505628783,
              39.71525552217329
            ],
            [
              -121.85755088532218,
              39.715499030361514
            ],
            [
              -121.8573802812074,
              39.71591594743876
            ],
            [
              -121.85710738877142,
              39.71658278975973
            ],
            [
              -121.85670119456312,
              39.71757479178823
            ],
            [
              -121.8565830572462,
              39.71786346844206
            ],
            [
              -121.8561762290904,
              39.71792145622383
            ],
            [
              -121.8559935696943,
              39.71794750046892
            ],
            [
              -121.85530340261492,
              39.71805602065933
            ],
            [
              -121.85515015565186,
              39.71806775091503
            ],
            [
              -121.85498092464842,
              39.718091876341624
            ],
            [
              -121.85472784266229,
              39.71812795193258
            ],
            [
              -121.85448741725482,
              39.718162233150466
            ],
            [
              -121.85385319563387,
              39.71825264174116
            ],
            [
              -121.85361667296131,
              39.718286363097064
            ],
            [
              -121.85369121234609,
              39.71844568100145
            ],
            [
              -121.85372940303797,
              39.71861455769622
            ],
            [
              -121.85314693134755,
              39.71868140177295
            ],
            [
              -121.85320835110433,
              39.71899368880675
            ],
            [
              -121.85335735720234,
              39.719751218565804
            ],
            [
              -121.85335843670413,
              39.71975670655153
            ],
            [
              -121.85336147820742,
              39.71975634976153
            ],
            [
              -121.85350403324618,
              39.720481051290285
            ],
            [
              -121.85352301014767,
              39.72057752823969
            ],
            [
              -121.85355507712521,
              39.720740416725825
            ],
            [
              -121.85366828294326,
              39.721315966651986
            ],
            [
              -121.85392667215335,
              39.722627982812725
            ],
            [
              -121.85445025358473,
              39.722566570366396
            ],
            [
              -121.8549776013846,
              39.722504701221744
            ],
            [
              -121.85497794820331,
              39.72250646436273
            ],
            [
              -121.85498172239076,
              39.72250602158993
            ],
            [
              -121.85502476885993,
              39.72272483795606
            ],
            [
              -121.85506749759914,
              39.72294202615864
            ],
            [
              -121.8551102265695,
              39.72315921347448
            ],
            [
              -121.85515295458083,
              39.72337639902126
            ],
            [
              -121.85519568652938,
              39.72359359172737
            ],
            [
              -121.85523841738274,
              39.72381077726521
            ],
            [
              -121.85535239584995,
              39.724390091868734
            ],
            [
              -121.85640378898474,
              39.72426667566836
            ],
            [
              -121.85851324663285,
              39.72401923744152
            ],
            [
              -121.86010235692304,
              39.72383279948095
            ],
            [
              -121.86069652023367,
              39.72376308963667
            ],
            [
              -121.86262664976493,
              39.723536618728374
            ],
            [
              -121.86283758249706,
              39.72351185633985
            ],
            [
              -121.86274459748083,
              39.723039469250445
            ],
            [
              -121.86265161252715,
              39.722567093713224
            ],
            [
              -121.86360120611798,
              39.722455627796016
            ],
            [
              -121.86412855901135,
              39.722393716759036
            ],
            [
              -121.86463801024537,
              39.72233390838646
            ],
            [
              -121.86460362779593,
              39.722154572112466
            ],
            [
              -121.86456754352567,
              39.721966316171844
            ],
            [
              -121.86451979542721,
              39.72171729194185
            ],
            [
              -121.8644569404805,
              39.721389491621856
            ],
            [
              -121.86472081068113,
              39.72135836581855
            ],
            [
              -121.86523718758555,
              39.72129746126128
            ],
            [
              -121.8655097074614,
              39.72126533212358
            ],
            [
              -121.86576828851703,
              39.72123481669767
            ],
            [
              -121.86605151272359,
              39.721201405129925
            ],
            [
              -121.8663021265239,
              39.72117184679849
            ],
            [
              -121.86655105088873,
              39.72114247696284
            ],
            [
              -121.866616020679,
              39.72148130927569
            ],
            [
              -121.86666073284685,
              39.721714474462765
            ],
            [
              -121.86669683659888,
              39.72190272979488
            ],
            [
              -121.86673292654989,
              39.72209098418627
            ],
            [
              -121.86676856987899,
              39.72227683321839
            ],
            [
              -121.86680467539804,
              39.72246507677073
            ],
            [
              -121.86683984315357,
              39.72264850687728
            ],
            [
              -121.86687548707285,
              39.72283434322924
            ],
            [
              -121.86691340176581,
              39.72304533227856
            ],
            [
              -121.86917050124664,
              39.7228414041595
            ],
            [
              -121.8701796365098,
              39.72271300357927
            ],
            [
              -121.87020187147695,
              39.722813860284006
            ],
            [
              -121.87034785212396,
              39.72355501467705
            ],
            [
              -121.87058233100818,
              39.724745447286516
            ],
            [
              -121.8706031487876,
              39.72485118170091
            ],
            [
              -121.87109068259781,
              39.72475144803866
            ],
            [
              -121.87170145075211,
              39.724948582629466
            ],
            [
              -121.87170948371124,
              39.724951178151635
            ],
            [
              -121.87270644837564,
              39.724889491945056
            ],
            [
              -121.87271126835834,
              39.72488919369335
            ],
            [
              -121.87274335911937,
              39.72489142156355
            ],
            [
              -121.87277518546975,
              39.724895380254736
            ],
            [
              -121.87281580024434,
              39.72490280075776
            ],
            [
              -121.87284142118122,
              39.72490748408016
            ],
            [
              -121.87287126812693,
              39.72491252177883
            ],
            [
              -121.87290529803691,
              39.72491916830399
            ],
            [
              -121.87293934814618,
              39.724925390069735
            ],
            [
              -121.87297841223307,
              39.724936991620325
            ],
            [
              -121.87301257075107,
              39.72494712605402
            ],
            [
              -121.87304662782132,
              39.724957249560426
            ],
            [
              -121.87308062664326,
              39.724967338767925
            ],
            [
              -121.87311451004173,
              39.72497740532406
            ],
            [
              -121.87315300957341,
              39.72499485435078
            ],
            [
              -121.87317697956829,
              39.72500241350665
            ],
            [
              -121.87320182676027,
              39.72500800650846
            ],
            [
              -121.87322730401226,
              39.72501155382893
            ],
            [
              -121.8732503000093,
              39.725012870354014
            ],
            [
              -121.87325313492497,
              39.7250130326531
            ],
            [
              -121.87327902793692,
              39.72501241924884
            ],
            [
              -121.87330466228353,
              39.72500971417154
            ],
            [
              -121.87332981976284,
              39.725004962220794
            ],
            [
              -121.87335417955187,
              39.72499819637686
            ],
            [
              -121.873386550692,
              39.72497435947117
            ],
            [
              -121.87345785773476,
              39.7249439849289
            ],
            [
              -121.87350889780232,
              39.7249359552551
            ],
            [
              -121.87353534524614,
              39.72492669492072
            ],
            [
              -121.87356201014963,
              39.724917795988056
            ],
            [
              -121.8735888785408,
              39.724909244932064
            ],
            [
              -121.87361592002986,
              39.72490107684699
            ],
            [
              -121.87368590795106,
              39.72488352018894
            ],
            [
              -121.8737461030787,
              39.72487029338189
            ],
            [
              -121.87378236025172,
              39.724855017036326
            ],
            [
              -121.87383437693033,
              39.72483896074215
            ],
            [
              -121.87385668868936,
              39.72483899287025
            ],
            [
              -121.87386594674922,
              39.72483900421609
            ],
            [
              -121.8738895684774,
              39.72483007852991
            ],
            [
              -121.8739376596343,
              39.724822152531246
            ],
            [
              -121.87394081328061,
              39.72482163277181
            ],
            [
              -121.87403316641763,
              39.72482964777149
            ],
            [
              -121.8741777089917,
              39.72495080649995
            ],
            [
              -121.8741844086912,
              39.72495024993702
            ],
            [
              -121.87420041969622,
              39.72494891985611
            ],
            [
              -121.87425287228007,
              39.724973365263075
            ],
            [
              -121.8743615474386,
              39.72505616307185
            ],
            [
              -121.87443958067091,
              39.72510821991435
            ],
            [
              -121.87450543955302,
              39.725144115398635
            ],
            [
              -121.8746164614815,
              39.72520930732926
            ],
            [
              -121.87471120940324,
              39.72525511821749
            ],
            [
              -121.87487616351953,
              39.72532403173542
            ],
            [
              -121.8751399518092,
              39.725442010567086
            ],
            [
              -121.87522180900002,
              39.72546879166529
            ],
            [
              -121.87523428015726,
              39.725473390410116
            ],
            [
              -121.87526744895465,
              39.72548562141009
            ],
            [
              -121.87532246641132,
              39.72551102194411
            ],
            [
              -121.8754376194331,
              39.72557945535964
            ],
            [
              -121.8759611741138,
              39.72585484794409
            ],
            [
              -121.87602857253938,
              39.725875320846484
            ],
            [
              -121.87658834533005,
              39.72617567026868
            ],
            [
              -121.8766997943392,
              39.7262152334307
            ],
            [
              -121.8767701168829,
              39.7262319382105
            ],
            [
              -121.87684478583712,
              39.72623586228949
            ],
            [
              -121.87691950355975,
              39.72623659254729
            ],
            [
              -121.87700787732878,
              39.72624055007549
            ],
            [
              -121.87701077400273,
              39.72624067979231
            ],
            [
              -121.87712290871798,
              39.726238558722116
            ],
            [
              -121.87723504225902,
              39.726236438444616
            ],
            [
              -121.87734613803194,
              39.72622222745037
            ],
            [
              -121.87735153957449,
              39.72622153650062
            ],
            [
              -121.87746329914404,
              39.72624184894731
            ],
            [
              -121.87752909669204,
              39.726280970183915
            ],
            [
              -121.87756738116103,
              39.7263223482507
            ],
            [
              -121.87794400746205,
              39.725312849730955
            ],
            [
              -121.8792276636149,
              39.72560258943054
            ],
            [
              -121.87864751895093,
              39.72698720899957
            ],
            [
              -121.87864584405223,
              39.72699120636837
            ],
            [
              -121.87869737776164,
              39.72701846140948
            ],
            [
              -121.87872943903122,
              39.72708930168358
            ],
            [
              -121.87874126932739,
              39.727127884094436
            ],
            [
              -121.87875693983835,
              39.72718574260885
            ],
            [
              -121.87878138460208,
              39.72721483483366
            ],
            [
              -121.8788589020968,
              39.727298935512565
            ],
            [
              -121.87892435678044,
              39.727360477509
            ],
            [
              -121.8790680184088,
              39.72746125364045
            ],
            [
              -121.87932851777627,
              39.72752788720837
            ],
            [
              -121.87953218044575,
              39.72761057580196
            ],
            [
              -121.8795636036043,
              39.727637817670974
            ],
            [
              -121.87960049368522,
              39.727669792617434
            ],
            [
              -121.87966230347752,
              39.7276977234591
            ],
            [
              -121.87967537885127,
              39.727703632001564
            ],
            [
              -121.8797532557773,
              39.727738823232166
            ],
            [
              -121.87982711972774,
              39.72776137418989
            ],
            [
              -121.87985019967708,
              39.72776842057816
            ],
            [
              -121.87985994397695,
              39.72777139554493
            ],
            [
              -121.88001262968552,
              39.72779989936817
            ],
            [
              -121.88006136461989,
              39.72780611646874
            ],
            [
              -121.88011544863843,
              39.72781301592651
            ],
            [
              -121.88017471984153,
              39.727819404809395
            ],
            [
              -121.88029588531083,
              39.727820578266474
            ],
            [
              -121.8803109122969,
              39.72781880550279
            ],
            [
              -121.88040119251374,
              39.72780815492529
            ],
            [
              -121.88050079867162,
              39.727827135549035
            ],
            [
              -121.8806304585237,
              39.7278824454205
            ],
            [
              -121.88073734332194,
              39.72794654669038
            ],
            [
              -121.88079064529762,
              39.727987611038465
            ],
            [
              -121.88089003551345,
              39.72806515271691
            ],
            [
              -121.88094327243796,
              39.728110714571585
            ],
            [
              -121.88104272911279,
              39.72818374864574
            ],
            [
              -121.88111848714561,
              39.728234043054044
            ],
            [
              -121.88125616957024,
              39.728334474338716
            ],
            [
              -121.88131683533649,
              39.72837109125943
            ],
            [
              -121.88139354736772,
              39.72840786048576
            ],
            [
              -121.88143144204776,
              39.72841662493869
            ],
            [
              -121.88143513271608,
              39.72841747853249
            ],
            [
              -121.8814545867946,
              39.728421977953786
            ],
            [
              -121.88153091413541,
              39.728436223305245
            ],
            [
              -121.88164569621772,
              39.72846436090765
            ],
            [
              -121.88170872882645,
              39.72846497021975
            ],
            [
              -121.88173853790002,
              39.7284652583615
            ],
            [
              -121.8817614068284,
              39.72846539876362
            ],
            [
              -121.88179932797027,
              39.728465762901024
            ],
            [
              -121.88181582234319,
              39.72871450098153
            ],
            [
              -121.88182277824731,
              39.72883581492459
            ],
            [
              -121.8818544964995,
              39.7292977076429
            ],
            [
              -121.88188765777889,
              39.72979777280638
            ],
            [
              -121.88191077508084,
              39.73014637292604
            ],
            [
              -121.88193008958676,
              39.73043762582943
            ],
            [
              -121.88195406642919,
              39.730799181228534
            ],
            [
              -121.88197609216306,
              39.731129799562126
            ],
            [
              -121.88197612283058,
              39.7311317745166
            ],
            [
              -121.88197938966564,
              39.731131758720174
            ],
            [
              -121.88198428881506,
              39.73144727264044
            ],
            [
              -121.88198721798348,
              39.731635852903786
            ],
            [
              -121.88199112815963,
              39.731887517071634
            ],
            [
              -121.88199458851899,
              39.732110419928574
            ],
            [
              -121.88199829767393,
              39.732349377979844
            ],
            [
              -121.88193394052206,
              39.73288513086709
            ],
            [
              -121.88194912729892,
              39.733720133815595
            ],
            [
              -121.8819659050833,
              39.734642306176404
            ],
            [
              -121.88198177740779,
              39.735514924159794
            ],
            [
              -121.88198251535026,
              39.73563300177248
            ],
            [
              -121.88198101392419,
              39.73563301292582
            ],
            [
              -121.88198231877237,
              39.73569485944304
            ],
            [
              -121.88197260252757,
              39.73569490671224
            ],
            [
              -121.88189409839688,
              39.73569528860245
            ],
            [
              -121.88190348929545,
              39.735989581883075
            ],
            [
              -121.88190359698746,
              39.73622016519526
            ],
            [
              -121.88190371407877,
              39.736470809350315
            ],
            [
              -121.88190475487086,
              39.73878723380881
            ],
            [
              -121.88190886997754,
              39.73878180936552
            ],
            [
              -121.88190907101699,
              39.7392300501165
            ],
            [
              -121.88329430009381,
              39.73988104757292
            ],
            [
              -121.88380701622032,
              39.740256023824166
            ],
            [
              -121.8838060533762,
              39.74025744134111
            ],
            [
              -121.88381113632413,
              39.74026115874249
            ],
            [
              -121.88380272321663,
              39.74026234406276
            ],
            [
              -121.88378169861495,
              39.740293296851085
            ],
            [
              -121.88367669607837,
              39.7403732436869
            ],
            [
              -121.88365811535448,
              39.74039673845053
            ],
            [
              -121.88365991985025,
              39.74141639332941
            ],
            [
              -121.88365972965883,
              39.7414346994352
            ],
            [
              -121.88365818612208,
              39.741469184894946
            ],
            [
              -121.88365683220718,
              39.74148641083702
            ],
            [
              -121.88365508517744,
              39.74150360216473
            ],
            [
              -121.88365294499556,
              39.74152078139495
            ],
            [
              -121.88365042569674,
              39.74153792692524
            ],
            [
              -121.88364751330002,
              39.741555027032696
            ],
            [
              -121.88364422178608,
              39.741572093440176
            ],
            [
              -121.88364053834124,
              39.74158911442614
            ],
            [
              -121.8836364746502,
              39.74160607829358
            ],
            [
              -121.8836320190452,
              39.74162298593089
            ],
            [
              -121.8836271843605,
              39.74163983645059
            ],
            [
              -121.88362198579887,
              39.741656608251084
            ],
            [
              -121.88361640817338,
              39.74167331302639
            ],
            [
              -121.88361042350668,
              39.741689937238405
            ],
            [
              -121.8836040889604,
              39.74170648364572
            ],
            [
              -121.88357279630341,
              39.74177114863232
            ],
            [
              -121.88355829386887,
              39.74180372695039
            ],
            [
              -121.8835493681041,
              39.7418195619569
            ],
            [
              -121.8835401077207,
              39.74183526152995
            ],
            [
              -121.8835311927666,
              39.74185066658782
            ],
            [
              -121.88400944674727,
              39.74183263198653
            ],
            [
              -121.8858887643078,
              39.74183319876549
            ],
            [
              -121.88688473472746,
              39.74183289995651
            ],
            [
              -121.88688387273025,
              39.74151801561029
            ],
            [
              -121.88823554595511,
              39.74151759809999
            ],
            [
              -121.88823639885204,
              39.741832482422154
            ],
            [
              -121.88823931499849,
              39.74290065810587
            ],
            [
              -121.88823961631827,
              39.743013251258034
            ],
            [
              -121.88848862024078,
              39.7430127227167
            ],
            [
              -121.88848116651926,
              39.74356241120134
            ],
            [
              -121.89052675985674,
              39.743559426981946
            ],
            [
              -121.89052674300062,
              39.7435889214637
            ],
            [
              -121.89073516840403,
              39.743589035841985
            ],
            [
              -121.89289762675195,
              39.74357837308125
            ],
            [
              -121.89369091166489,
              39.74357445995058
            ],
            [
              -121.89448689165113,
              39.74357050876354
            ],
            [
              -121.89545086279767,
              39.74356615209528
            ],
            [
              -121.89626013119019,
              39.743562088562236
            ],
            [
              -121.89625500737675,
              39.74366546701571
            ],
            [
              -121.89626102074368,
              39.74420902677719
            ],
            [
              -121.89626882780699,
              39.745007233810306
            ],
            [
              -121.8962721714711,
              39.74539561418243
            ],
            [
              -121.89629491420897,
              39.7475112988221
            ],
            [
              -121.898651722918,
              39.74851098446848
            ],
            [
              -121.8995617761716,
              39.748892979100624
            ],
            [
              -121.89955737706072,
              39.74841480914591
            ],
            [
              -121.89955119761031,
              39.74774506373656
            ],
            [
              -121.90018572106678,
              39.74774156658656
            ],
            [
              -121.90019190657466,
              39.748411311963565
            ],
            [
              -121.90019882296987,
              39.749160366804674
            ],
            [
              -121.90251302723983,
              39.75013168052305
            ],
            [
              -121.90250864236451,
              39.74966064067835
            ],
            [
              -121.9025031974185,
              39.749070867379345
            ],
            [
              -121.90330608670295,
              39.74906641280235
            ],
            [
              -121.90331155236977,
              39.749656208593585
            ],
            [
              -121.90331646114822,
              39.750185570015745
            ],
            [
              -121.90343970749154,
              39.75028589948637
            ],
            [
              -121.90349240550464,
              39.75034397591518
            ],
            [
              -121.90394812757802,
              39.750572399296715
            ],
            [
              -121.9043223313118,
              39.75068211473136
            ],
            [
              -121.90459100246586,
              39.750754477754406
            ],
            [
              -121.90495569084896,
              39.75086897294253
            ],
            [
              -121.90990521077028,
              39.751788175545315
            ],
            [
              -121.91028241868631,
              39.751771945215516
            ],
            [
              -121.9103453849743,
              39.75178369630361
            ],
            [
              -121.91027612564035,
              39.7520448800154
            ],
            [
              -121.90996288049112,
              39.75320967065067
            ],
            [
              -121.90943196459143,
              39.75518381296649
            ],
            [
              -121.90940213051958,
              39.75529472869495
            ],
            [
              -121.90929250175792,
              39.7555328715646
            ],
            [
              -121.90364153011546,
              39.75306309703979
            ],
            [
              -121.90312293885232,
              39.752852027117534
            ],
            [
              -121.90312129019574,
              39.752853622657156
            ],
            [
              -121.90113702865328,
              39.752000745517165
            ],
            [
              -121.90021317616882,
              39.75159674656203
            ],
            [
              -121.8991873102577,
              39.751148135307965
            ],
            [
              -121.89878814126315,
              39.75097803266709
            ],
            [
              -121.8985143958583,
              39.75086139284603
            ],
            [
              -121.89828630823764,
              39.75076420048951
            ],
            [
              -121.89802400757348,
              39.7506524159386
            ],
            [
              -121.89711125586189,
              39.75026345771393
            ],
            [
              -121.89609126370624,
              39.74982877942571
            ],
            [
              -121.89505582327543,
              39.74938751072091
            ],
            [
              -121.895016776304,
              39.74944104540454
            ],
            [
              -121.89448897412692,
              39.749238698786144
            ],
            [
              -121.89397525931524,
              39.74901949641308
            ],
            [
              -121.89346153139634,
              39.748800280056756
            ],
            [
              -121.89294782300679,
              39.74858107226367
            ],
            [
              -121.89089212983644,
              39.74770365744911
            ],
            [
              -121.89048121027965,
              39.74752826455291
            ],
            [
              -121.89007027762858,
              39.74735285848803
            ],
            [
              -121.88950526242581,
              39.74711168405955
            ],
            [
              -121.88883750831758,
              39.74682664514372
            ],
            [
              -121.88828443765937,
              39.74659055769729
            ],
            [
              -121.8867829370039,
              39.74594959669197
            ],
            [
              -121.8854710011536,
              39.745389526834145
            ],
            [
              -121.88511227814061,
              39.74523638459824
            ],
            [
              -121.88477918950983,
              39.74509418616391
            ],
            [
              -121.88388102872611,
              39.74563146017604
            ],
            [
              -121.88377472893842,
              39.74567203796792
            ],
            [
              -121.88370907058324,
              39.74571113817552
            ],
            [
              -121.88286469769413,
              39.746224511325515
            ],
            [
              -121.8819134052353,
              39.746780253901115
            ],
            [
              -121.88192180499547,
              39.74678861801963
            ],
            [
              -121.88192678626447,
              39.746785398292346
            ],
            [
              -121.88224294427003,
              39.74710021309365
            ],
            [
              -121.88262217976346,
              39.74747783347557
            ],
            [
              -121.88266955998341,
              39.7475250144916
            ],
            [
              -121.88302918344259,
              39.74788310296682
            ],
            [
              -121.88330162905285,
              39.74815437915528
            ],
            [
              -121.88335437458558,
              39.74821500186449
            ],
            [
              -121.8824309726788,
              39.748774542509885
            ],
            [
              -121.88150755313106,
              39.74933407646437
            ],
            [
              -121.88295722542458,
              39.75075972617882
            ],
            [
              -121.88286617437993,
              39.75081394201848
            ],
            [
              -121.88101311133057,
              39.7519277994483
            ],
            [
              -121.88045526673059,
              39.7522631007192
            ],
            [
              -121.8792655793017,
              39.75296962834494
            ],
            [
              -121.87926038156718,
              39.752972715191966
            ],
            [
              -121.8795941171361,
              39.75330841307599
            ],
            [
              -121.8798832754273,
              39.753599257964346
            ],
            [
              -121.88011611044504,
              39.75383344998946
            ],
            [
              -121.88047564781293,
              39.75419509315984
            ],
            [
              -121.88068790760819,
              39.7544085845275
            ],
            [
              -121.88181044234061,
              39.755537616464565
            ],
            [
              -121.8820963466417,
              39.755825179339844
            ],
            [
              -121.8826996655283,
              39.75643120128776
            ],
            [
              -121.88356502368836,
              39.757243435483815
            ],
            [
              -121.8844488323756,
              39.75671925139082
            ],
            [
              -121.88492608736242,
              39.75643619847742
            ],
            [
              -121.88530664087286,
              39.756210486305015
            ],
            [
              -121.88587268397184,
              39.755874755395865
            ],
            [
              -121.88630005576887,
              39.75562125542196
            ],
            [
              -121.88659434316358,
              39.75591683324004
            ],
            [
              -121.88688646491053,
              39.75621022677516
            ],
            [
              -121.8870804816499,
              39.75640510170407
            ],
            [
              -121.88722139648259,
              39.75654662539134
            ],
            [
              -121.88736231069615,
              39.75668816151074
            ],
            [
              -121.88739795023935,
              39.756724988167065
            ],
            [
              -121.88749269457048,
              39.75681908286318
            ],
            [
              -121.88788741290695,
              39.757215526858204
            ],
            [
              -121.88800835715824,
              39.75732424489148
            ],
            [
              -121.88736825441435,
              39.75731426486459
            ],
            [
              -121.88701644039668,
              39.7573173125328
            ],
            [
              -121.88507455167004,
              39.757337528471886
            ],
            [
              -121.88421441979771,
              39.75734630048147
            ],
            [
              -121.88419008711726,
              39.75732199890324
            ],
            [
              -121.88306845382874,
              39.75733342863261
            ],
            [
              -121.8855915424516,
              39.75985563134805
            ],
            [
              -121.88656282156452,
              39.760828888339994
            ],
            [
              -121.88751079090117,
              39.76178698299074
            ],
            [
              -121.88743575878235,
              39.7618312378463
            ],
            [
              -121.8869595135599,
              39.76211210911413
            ],
            [
              -121.88649305119009,
              39.762387230767935
            ],
            [
              -121.88602657117548,
              39.7626623388225
            ],
            [
              -121.88555243607297,
              39.76292978005657
            ],
            [
              -121.88509611196211,
              39.76319953164937
            ],
            [
              -121.88463001252707,
              39.763475038870176
            ],
            [
              -121.88425716371061,
              39.763695449094875
            ],
            [
              -121.88378296319893,
              39.76397575814044
            ],
            [
              -121.88450524682386,
              39.764696996458305
            ],
            [
              -121.88593704174293,
              39.7661272021839
            ],
            [
              -121.88682144771215,
              39.76700743464172
            ],
            [
              -121.88699588712858,
              39.767181048668334
            ],
            [
              -121.88737767643607,
              39.76756101881232
            ],
            [
              -121.88784811587271,
              39.768025385401344
            ],
            [
              -121.88766823511739,
              39.76812591801547
            ],
            [
              -121.88782482857505,
              39.76825953389407
            ],
            [
              -121.88792700070445,
              39.768200277053495
            ],
            [
              -121.88801077126975,
              39.7681994461695
            ],
            [
              -121.88916448827266,
              39.76817739316007
            ],
            [
              -121.88933591360984,
              39.76817640512147
            ],
            [
              -121.88950748249746,
              39.76817541696778
            ],
            [
              -121.88967905138169,
              39.76817442766359
            ],
            [
              -121.88985062026129,
              39.76817343810961
            ],
            [
              -121.89002218913464,
              39.76817244920615
            ],
            [
              -121.89019375683736,
              39.76817145915112
            ],
            [
              -121.89036532570108,
              39.76817046974765
            ],
            [
              -121.89053689456121,
              39.76816947919376
            ],
            [
              -121.8907084634154,
              39.768168489290495
            ],
            [
              -121.89093720250924,
              39.7681676169456
            ],
            [
              -121.89111499281387,
              39.768168438954966
            ],
            [
              -121.89127506284211,
              39.768166891787835
            ],
            [
              -121.8914351340287,
              39.76816534530524
            ],
            [
              -121.89159520404247,
              39.76816379770322
            ],
            [
              -121.89175527404781,
              39.7681622507843
            ],
            [
              -121.89191534521315,
              39.76816070364892
            ],
            [
              -121.89207541520605,
              39.76815915539403
            ],
            [
              -121.89224971381427,
              39.76815747043029
            ],
            [
              -121.89276994267338,
              39.76815243768202
            ],
            [
              -121.8928623931179,
              39.7681515436998
            ],
            [
              -121.89344694187979,
              39.76814588555362
            ],
            [
              -121.89354098195408,
              39.768144975364216
            ],
            [
              -121.89374516360755,
              39.76814324134294
            ],
            [
              -121.8945218239997,
              39.7681354750501
            ],
            [
              -121.8951175700408,
              39.76812970065214
            ],
            [
              -121.89549579832529,
              39.76812603252611
            ],
            [
              -121.8957975846999,
              39.768123105272245
            ],
            [
              -121.8963511977386,
              39.76811786377386
            ],
            [
              -121.89764260285978,
              39.768105628281695
            ],
            [
              -121.89820432257234,
              39.76810030135531
            ],
            [
              -121.8982043416306,
              39.76810557210424
            ],
            [
              -121.89821770887865,
              39.768105445290665
            ],
            [
              -121.89821866608835,
              39.76837008477364
            ],
            [
              -121.89821946992126,
              39.768592450502126
            ],
            [
              -121.8982202642844,
              39.7688120688745
            ],
            [
              -121.8982210586523,
              39.76903168727603
            ],
            [
              -121.89822185188088,
              39.76925130662513
            ],
            [
              -121.89822264625853,
              39.769470925085415
            ],
            [
              -121.89822344066414,
              39.76969054447497
            ],
            [
              -121.89823171676288,
              39.77185756343725
            ],
            [
              -121.8981873370555,
              39.77185317271741
            ],
            [
              -121.89740118147803,
              39.77177544396887
            ],
            [
              -121.8969772914133,
              39.77193982731853
            ],
            [
              -121.89683011951712,
              39.771996899924424
            ],
            [
              -121.89670197338832,
              39.77204658959212
            ],
            [
              -121.89579198081182,
              39.77273575092041
            ],
            [
              -121.89523829618335,
              39.773635956145434
            ],
            [
              -121.89503580305842,
              39.773965172271424
            ],
            [
              -121.8937255089019,
              39.77535592007628
            ],
            [
              -121.89352333345816,
              39.7757164502397
            ],
            [
              -121.89351365027642,
              39.775778252422214
            ],
            [
              -121.89349090115944,
              39.77592360021408
            ],
            [
              -121.89358781620406,
              39.77622642300568
            ],
            [
              -121.89359187717831,
              39.77663329836365
            ],
            [
              -121.8936365274376,
              39.77680711064595
            ],
            [
              -121.89357593827762,
              39.77706309219635
            ],
            [
              -121.89355358526893,
              39.77715752613237
            ],
            [
              -121.89338264504292,
              39.7773394542463
            ],
            [
              -121.89336573271181,
              39.777545684922366
            ],
            [
              -121.8930982998038,
              39.77833971887786
            ],
            [
              -121.89298775347115,
              39.77845114174655
            ],
            [
              -121.8925048968963,
              39.77859390003755
            ],
            [
              -121.89233637116322,
              39.778707676237325
            ],
            [
              -121.89216527177918,
              39.77895064624854
            ],
            [
              -121.892031807755,
              39.779270611295246
            ],
            [
              -121.89176807093094,
              39.77948286676618
            ],
            [
              -121.89157730953359,
              39.779550136035766
            ],
            [
              -121.89101650181944,
              39.77991652932433
            ],
            [
              -121.89095539652119,
              39.78000283248365
            ],
            [
              -121.89015459642651,
              39.781133872269756
            ],
            [
              -121.88935840157723,
              39.78190346533883
            ],
            [
              -121.88929762080043,
              39.782277991675954
            ],
            [
              -121.88888632264725,
              39.782705311658184
            ],
            [
              -121.88845111134374,
              39.78315747145639
            ],
            [
              -121.88844133026139,
              39.7831485786851
            ],
            [
              -121.88843772467152,
              39.78315232465049
            ],
            [
              -121.88991226815705,
              39.7845035606858
            ],
            [
              -121.88998500791669,
              39.784569487887204
            ],
            [
              -121.89162456490405,
              39.78611803410609
            ],
            [
              -121.89532127041892,
              39.78950754735961
            ],
            [
              -121.89571740363718,
              39.78988092226717
            ],
            [
              -121.90211332245241,
              39.79599812338772
            ],
            [
              -121.90269256022508,
              39.79658956381653
            ],
            [
              -121.90284740211958,
              39.79670177597394
            ],
            [
              -121.90307603648068,
              39.79677038648758
            ],
            [
              -121.90257455674396,
              39.796916543463155
            ],
            [
              -121.90207397529521,
              39.79691965902913
            ],
            [
              -121.90207645591872,
              39.797157424345116
            ],
            [
              -121.90199426965874,
              39.79715795134119
            ],
            [
              -121.90199613962976,
              39.79733205033046
            ],
            [
              -121.90033967627518,
              39.797321945972435
            ],
            [
              -121.90033656878282,
              39.7969445031455
            ],
            [
              -121.89979623374431,
              39.796948350865485
            ],
            [
              -121.89948194782892,
              39.796950602280624
            ],
            [
              -121.89925554833214,
              39.7969522192247
            ],
            [
              -121.89871486404442,
              39.79695607339537
            ],
            [
              -121.89862734190606,
              39.79695669522949
            ],
            [
              -121.8981737850481,
              39.79695992474304
            ],
            [
              -121.89777272065498,
              39.79696278196592
            ],
            [
              -121.89776845032273,
              39.79644264650376
            ],
            [
              -121.89776710326802,
              39.796276677185645
            ],
            [
              -121.8977664224345,
              39.796194300461494
            ],
            [
              -121.8977616588307,
              39.795612162089434
            ],
            [
              -121.89738695822527,
              39.79561482741334
            ],
            [
              -121.89701722802968,
              39.795617461665366
            ],
            [
              -121.8966474826266,
              39.7956200956444
            ],
            [
              -121.89627773721267,
              39.795622716754394
            ],
            [
              -121.89610887745548,
              39.79562391715558
            ],
            [
              -121.89590800693371,
              39.79562534752554
            ],
            [
              -121.89552757680501,
              39.79562804690624
            ],
            [
              -121.8952718526901,
              39.79562986615688
            ],
            [
              -121.89472845274918,
              39.79502135167974
            ],
            [
              -121.89450876111022,
              39.79481277392801
            ],
            [
              -121.89353531156043,
              39.79481595751706
            ],
            [
              -121.89275216246969,
              39.79481851927928
            ],
            [
              -121.89196902734936,
              39.79482106504043
            ],
            [
              -121.89126179381611,
              39.79482337125432
            ],
            [
              -121.89125103209946,
              39.79485438456176
            ],
            [
              -121.89123160609348,
              39.79491684092338
            ],
            [
              -121.89121503636241,
              39.794979771863574
            ],
            [
              -121.89120781606543,
              39.79501139548063
            ],
            [
              -121.89119553155281,
              39.79507490409336
            ],
            [
              -121.89119046735745,
              39.79510677738097
            ],
            [
              -121.89118613161719,
              39.795138718890165
            ],
            [
              -121.89117705894499,
              39.79517071186434
            ],
            [
              -121.89099081187291,
              39.79513337664042
            ],
            [
              -121.8909874341353,
              39.79470912203363
            ],
            [
              -121.89098405642169,
              39.794284878164774
            ],
            [
              -121.89098064956057,
              39.79386063419856
            ],
            [
              -121.89097431743417,
              39.79306741375339
            ],
            [
              -121.8909721350305,
              39.792792822744204
            ],
            [
              -121.89096579113303,
              39.79199828609202
            ],
            [
              -121.89096141209774,
              39.79144934067622
            ],
            [
              -121.89096627100463,
              39.7911747677199
            ],
            [
              -121.8909796133984,
              39.79042090826371
            ],
            [
              -121.89080716961034,
              39.790167613942316
            ],
            [
              -121.89054745193953,
              39.78984530972526
            ],
            [
              -121.89030784494902,
              39.78955608242299
            ],
            [
              -121.89006820956399,
              39.7892668653807
            ],
            [
              -121.88982859016414,
              39.78897764873223
            ],
            [
              -121.88958897391007,
              39.78868843066433
            ],
            [
              -121.88934937364128,
              39.78839921299034
            ],
            [
              -121.8891097613585,
              39.78810998307481
            ],
            [
              -121.88887264799708,
              39.78782679303801
            ],
            [
              -121.88862635527774,
              39.78753360906458
            ],
            [
              -121.88837501092847,
              39.78724691893776
            ],
            [
              -121.88810051321735,
              39.78694881556353
            ],
            [
              -121.88783037716017,
              39.78666814439861
            ],
            [
              -121.88753461294947,
              39.786374021929106
            ],
            [
              -121.88752278224608,
              39.78636237316352
            ],
            [
              -121.88720544215045,
              39.78606378805558
            ],
            [
              -121.88685417323863,
              39.78574816764647
            ],
            [
              -121.88681790802694,
              39.78571561677539
            ],
            [
              -121.8864521672717,
              39.785408648580194
            ],
            [
              -121.88632811664311,
              39.78530442753518
            ],
            [
              -121.88593265935481,
              39.78498338736674
            ],
            [
              -121.88558667469216,
              39.784973257998274
            ],
            [
              -121.88547545579058,
              39.78499987801466
            ],
            [
              -121.88533894855192,
              39.7849736241658
            ],
            [
              -121.88490539427508,
              39.784860632779726
            ],
            [
              -121.88450040203156,
              39.785236510252865
            ],
            [
              -121.88432515400814,
              39.78526488752303
            ],
            [
              -121.8843220761094,
              39.78527516197331
            ],
            [
              -121.88431924564532,
              39.78528546999102
            ],
            [
              -121.88431663457709,
              39.78529582415798
            ],
            [
              -121.8843142569352,
              39.78530621187859
            ],
            [
              -121.88431211157088,
              39.78531662144316
            ],
            [
              -121.88431021364003,
              39.78532706547602
            ],
            [
              -121.88430854915156,
              39.78533753315532
            ],
            [
              -121.88430710411933,
              39.785348010957335
            ],
            [
              -121.88430592054728,
              39.78535851243319
            ],
            [
              -121.88430497042013,
              39.7853690366549
            ],
            [
              -121.8843042537756,
              39.785379560205456
            ],
            [
              -121.88430376942566,
              39.78539009569271
            ],
            [
              -121.88430353371534,
              39.78540064313253
            ],
            [
              -121.88430353150582,
              39.7854111790931
            ],
            [
              -121.88430377560039,
              39.78542172700439
            ],
            [
              -121.88430423918736,
              39.78543226342243
            ],
            [
              -121.88430496544228,
              39.78544280009823
            ],
            [
              -121.88430591004,
              39.78545331447236
            ],
            [
              -121.8843071021469,
              39.78546381828115
            ],
            [
              -121.88430852777499,
              39.785474298901974
            ],
            [
              -121.88431018690359,
              39.785484768944286
            ],
            [
              -121.88431209357874,
              39.78549520590511
            ],
            [
              -121.8843142337739,
              39.78550562057865
            ],
            [
              -121.88431659231291,
              39.78551601294971
            ],
            [
              -121.88431921242686,
              39.78552636054452
            ],
            [
              -121.88432205207168,
              39.78553667412959
            ],
            [
              -121.88432512527284,
              39.78554694381132
            ],
            [
              -121.88432843201339,
              39.78555717949722
            ],
            [
              -121.88433195598729,
              39.78556735865433
            ],
            [
              -121.88433572869431,
              39.785577493923064
            ],
            [
              -121.88433972094987,
              39.785587584374184
            ],
            [
              -121.88434394563475,
              39.78559760660285
            ],
            [
              -121.88434838871784,
              39.78560757410515
            ],
            [
              -121.88435306537805,
              39.78561748509486
            ],
            [
              -121.88435796045755,
              39.78562732874898
            ],
            [
              -121.88436307512359,
              39.78563710506858
            ],
            [
              -121.88436842221805,
              39.78564681406646
            ],
            [
              -121.88437397374021,
              39.785656444906856
            ],
            [
              -121.88437974486872,
              39.785665996704324
            ],
            [
              -121.88468284249882,
              39.78599109073939
            ],
            [
              -121.88483215518244,
              39.78619574668334
            ],
            [
              -121.88491251045107,
              39.786399740518505
            ],
            [
              -121.88338356643195,
              39.78640700324894
            ],
            [
              -121.8832697624275,
              39.786318028447425
            ],
            [
              -121.88293423214012,
              39.78612805499188
            ],
            [
              -121.88259741709999,
              39.78601770968397
            ],
            [
              -121.88234410546028,
              39.78599879115181
            ],
            [
              -121.88220005822214,
              39.78604683528539
            ],
            [
              -121.88172782758909,
              39.786165863903626
            ],
            [
              -121.88069723422224,
              39.786447026614525
            ],
            [
              -121.88018829856982,
              39.78652450297944
            ],
            [
              -121.87971134650209,
              39.78657756999682
            ],
            [
              -121.87890718957773,
              39.7865862771506
            ],
            [
              -121.87825295614975,
              39.78651404450875
            ],
            [
              -121.87742359621504,
              39.786129789365596
            ],
            [
              -121.87700970494262,
              39.7857797580532
            ],
            [
              -121.87698604327576,
              39.78570263574477
            ],
            [
              -121.8768497833293,
              39.785627166766275
            ],
            [
              -121.87673537293338,
              39.78546677847319
            ],
            [
              -121.87670615108821,
              39.78534840702167
            ],
            [
              -121.87658159727056,
              39.785209889656194
            ],
            [
              -121.87644681192825,
              39.78504381109379
            ],
            [
              -121.87603853282462,
              39.784787202465644
            ],
            [
              -121.87519888408929,
              39.784380861719775
            ],
            [
              -121.87430119164655,
              39.783987682098385
            ],
            [
              -121.87401173316789,
              39.783894247617845
            ],
            [
              -121.87371377170653,
              39.78383093846705
            ],
            [
              -121.87224605246213,
              39.783852381593555
            ],
            [
              -121.87223866878966,
              39.783851300241615
            ],
            [
              -121.87223504883565,
              39.7838645233866
            ],
            [
              -121.87215571829509,
              39.78383915196119
            ],
            [
              -121.87208537271977,
              39.78382884965171
            ],
            [
              -121.87173851723537,
              39.78375007185642
            ],
            [
              -121.87128122510704,
              39.78365458963162
            ],
            [
              -121.87103382662862,
              39.783551032990786
            ],
            [
              -121.87081297633065,
              39.78342750525802
            ],
            [
              -121.87009997951243,
              39.78293504557105
            ],
            [
              -121.86964827652012,
              39.78294556051396
            ],
            [
              -121.86914694973987,
              39.782558948312364
            ],
            [
              -121.86888621602687,
              39.78234219951327
            ],
            [
              -121.86842371366252,
              39.782057573943796
            ],
            [
              -121.86809957465778,
              39.78186593872496
            ],
            [
              -121.86739590088764,
              39.7814704551551
            ],
            [
              -121.8673959045784,
              39.78147056877438
            ],
            [
              -121.86744271254976,
              39.782911407606655
            ],
            [
              -121.86765369477213,
              39.78290932882566
            ],
            [
              -121.86765367709977,
              39.782911326892815
            ],
            [
              -121.86765698946452,
              39.78291129425963
            ],
            [
              -121.86762456844117,
              39.78657676829606
            ],
            [
              -121.86761751829965,
              39.787373679660696
            ],
            [
              -121.86760200371614,
              39.788719465696616
            ],
            [
              -121.87133178090087,
              39.78873989237808
            ],
            [
              -121.87133469931294,
              39.78874498360965
            ],
            [
              -121.87134516634461,
              39.78874504077705
            ],
            [
              -121.87148317278924,
              39.788985807331436
            ],
            [
              -121.87153464857646,
              39.789075595394884
            ],
            [
              -121.86759890400279,
              39.78905405504028
            ],
            [
              -121.86766072914101,
              39.790238040659716
            ],
            [
              -121.86768577994374,
              39.797105566347575
            ],
            [
              -121.86761564384354,
              39.799540428402125
            ],
            [
              -121.86761864681009,
              39.801098973148356
            ],
            [
              -121.87023404219516,
              39.804251580106836
            ],
            [
              -121.87216836159125,
              39.804229067553905
            ],
            [
              -121.87227975210422,
              39.80422776981597
            ],
            [
              -121.87242773289489,
              39.80422989356313
            ],
            [
              -121.87242773018359,
              39.80423485076566
            ],
            [
              -121.8724411202327,
              39.80423504292433
            ],
            [
              -121.87244080811374,
              39.80480557609277
            ],
            [
              -121.87251765812074,
              39.80548811910882
            ],
            [
              -121.87248595572262,
              39.80574434516164
            ],
            [
              -121.87244009414815,
              39.80611501652581
            ],
            [
              -121.87243962027328,
              39.806982605845135
            ],
            [
              -121.87591079854079,
              39.81116586789715
            ],
            [
              -121.87619453332965,
              39.81150778256642
            ],
            [
              -121.87621640570767,
              39.81153414092457
            ],
            [
              -121.87623989430452,
              39.811562445308475
            ],
            [
              -121.87628996114707,
              39.81162277941638
            ],
            [
              -121.87651984165915,
              39.81162206056837
            ],
            [
              -121.87651971917113,
              39.81162725251798
            ],
            [
              -121.87653323029504,
              39.811627210254386
            ],
            [
              -121.8765236420534,
              39.81203362925872
            ],
            [
              -121.87687338380509,
              39.81244629234923
            ],
            [
              -121.87755106133235,
              39.813245872652594
            ],
            [
              -121.8777996454261,
              39.81353916808208
            ],
            [
              -121.87682979605201,
              39.81402485455727
            ],
            [
              -121.87647243956312,
              39.81420381073233
            ],
            [
              -121.87647111018774,
              39.81426009911732
            ],
            [
              -121.87622515411806,
              39.814258542631194
            ],
            [
              -121.87621705667927,
              39.8145934677815
            ],
            [
              -121.8762210189524,
              39.814781091149776
            ],
            [
              -121.87537473332578,
              39.81458321004531
            ],
            [
              -121.8749861444418,
              39.81516050999818
            ],
            [
              -121.87497649011483,
              39.81514981204547
            ],
            [
              -121.8749727552683,
              39.815155360615364
            ],
            [
              -121.87484535719794,
              39.815014189269924
            ],
            [
              -121.87414393175257,
              39.81605623721678
            ],
            [
              -121.87364508831216,
              39.81679729963621
            ],
            [
              -121.87059517770867,
              39.81753656357773
            ],
            [
              -121.87058926339137,
              39.817529600822766
            ],
            [
              -121.87058178927799,
              39.8175314123508
            ],
            [
              -121.86909554454408,
              39.815781651492166
            ],
            [
              -121.86907817243343,
              39.81576879068167
            ],
            [
              -121.869070918009,
              39.81576342553755
            ],
            [
              -121.86906368461038,
              39.81575805951528
            ],
            [
              -121.86905494257667,
              39.815742524343605
            ],
            [
              -121.86904319396695,
              39.815728433179466
            ],
            [
              -121.8690314138933,
              39.81571430685364
            ],
            [
              -121.86901960818294,
              39.81570015257792
            ],
            [
              -121.86899594785692,
              39.81567177281662
            ],
            [
              -121.86896573504212,
              39.8156355410756
            ],
            [
              -121.86869462754935,
              39.81531039351302
            ],
            [
              -121.8686770351525,
              39.81528929231878
            ],
            [
              -121.86865982847256,
              39.81526865628836
            ],
            [
              -121.86863631230857,
              39.81525137536089
            ],
            [
              -121.868619345565,
              39.81523109895259
            ],
            [
              -121.86860255129596,
              39.81521102808275
            ],
            [
              -121.86754046364787,
              39.813941797214405
            ],
            [
              -121.86651143313183,
              39.81271201608199
            ],
            [
              -121.86564827844155,
              39.81168042977072
            ],
            [
              -121.86457616479676,
              39.81170301252637
            ],
            [
              -121.86307950177684,
              39.81173452206306
            ],
            [
              -121.86296419812666,
              39.811736948956195
            ],
            [
              -121.8629642391285,
              39.8117315151527
            ],
            [
              -121.86295081086465,
              39.81173179774069
            ],
            [
              -121.86297619341522,
              39.80836792680188
            ],
            [
              -121.8615969233379,
              39.80673615783543
            ],
            [
              -121.8615975348291,
              39.80612851585062
            ],
            [
              -121.86149412443392,
              39.80612750245197
            ],
            [
              -121.86139703618387,
              39.80612655019807
            ],
            [
              -121.86002946659761,
              39.806131139983144
            ],
            [
              -121.86001397285581,
              39.80689231446162
            ],
            [
              -121.8600142439956,
              39.80696439459284
            ],
            [
              -121.86000610783273,
              39.807281551009694
            ],
            [
              -121.86000662490464,
              39.80751391679644
            ],
            [
              -121.86000639182978,
              39.80759185082716
            ],
            [
              -121.8597511967734,
              39.807594546181164
            ],
            [
              -121.85855519281198,
              39.80721453158629
            ],
            [
              -121.85853054011655,
              39.807206698975875
            ],
            [
              -121.85847932443548,
              39.8072051992735
            ],
            [
              -121.85783676668072,
              39.80718638557305
            ],
            [
              -121.85728175990427,
              39.807374064500515
            ],
            [
              -121.85705201840841,
              39.80769693245976
            ],
            [
              -121.8569819183614,
              39.807707580630925
            ],
            [
              -121.85696973456015,
              39.80872443756988
            ],
            [
              -121.85695453647988,
              39.80999310863169
            ],
            [
              -121.85695457796693,
              39.81007870425689
            ],
            [
              -121.8569545924469,
              39.810180977520595
            ],
            [
              -121.85677134413473,
              39.81020885942666
            ],
            [
              -121.85531336372507,
              39.8104307039984
            ],
            [
              -121.85570631917545,
              39.81093097881048
            ],
            [
              -121.85572734066453,
              39.810957629531444
            ],
            [
              -121.85541322530757,
              39.81100533643522
            ],
            [
              -121.85490916818964,
              39.81108188857447
            ],
            [
              -121.85492980413031,
              39.81116271486485
            ],
            [
              -121.85463286083414,
              39.81120781218207
            ],
            [
              -121.85463110835225,
              39.81120094839636
            ],
            [
              -121.85461947574383,
              39.81120266091149
            ],
            [
              -121.8546006041748,
              39.81112875007864
            ],
            [
              -121.85457728916856,
              39.81113228994672
            ],
            [
              -121.85362332919183,
              39.811277160550446
            ],
            [
              -121.85362269157325,
              39.81132639880615
            ],
            [
              -121.85361542384385,
              39.81193822186377
            ],
            [
              -121.85338175249223,
              39.81193815703064
            ],
            [
              -121.85272019285007,
              39.811937970013965
            ],
            [
              -121.85128730401169,
              39.81194882603399
            ],
            [
              -121.85014163645927,
              39.81195749150233
            ],
            [
              -121.84912739273052,
              39.811968373292935
            ],
            [
              -121.84877727999192,
              39.81196043711001
            ],
            [
              -121.84877804625313,
              39.811955606213445
            ],
            [
              -121.84876389474763,
              39.811955285423544
            ],
            [
              -121.84893533920533,
              39.810874395135734
            ],
            [
              -121.8488976728997,
              39.80958269628967
            ],
            [
              -121.8488874923803,
              39.809324079515825
            ],
            [
              -121.84886511216126,
              39.80846604776957
            ],
            [
              -121.84873951976226,
              39.804158628603396
            ],
            [
              -121.84879264000077,
              39.800798510610335
            ],
            [
              -121.84879346498882,
              39.80074896643202
            ],
            [
              -121.84878538362322,
              39.80070834085408
            ],
            [
              -121.84878540724449,
              39.80066328993283
            ],
            [
              -121.84877739398391,
              39.8006181647488
            ],
            [
              -121.8487701186899,
              39.80057304321303
            ],
            [
              -121.84876291500909,
              39.800523417572656
            ],
            [
              -121.84875498039716,
              39.800473784688286
            ],
            [
              -121.84874697419141,
              39.80042865590523
            ],
            [
              -121.84873969659941,
              39.80038353526171
            ],
            [
              -121.84872446429154,
              39.800333831758415
            ],
            [
              -121.84871645695763,
              39.80028870116804
            ],
            [
              -121.84870114957819,
              39.800243500858066
            ],
            [
              -121.84868584221859,
              39.80019830054509
            ],
            [
              -121.84867126465086,
              39.80015310657075
            ],
            [
              -121.84865595733233,
              39.80010790535184
            ],
            [
              -121.84864072397815,
              39.800058200930195
            ],
            [
              -121.8486253427499,
              39.80001750470698
            ],
            [
              -121.84860200686592,
              39.79997222471286
            ],
            [
              -121.84858669962935,
              39.79992702438223
            ],
            [
              -121.84856401728514,
              39.79988625391823
            ],
            [
              -121.84854148754174,
              39.79983647615388
            ],
            [
              -121.84851078014792,
              39.79979562871233
            ],
            [
              -121.84848809555514,
              39.799754858228496
            ],
            [
              -121.84844207764021,
              39.7996688095132
            ],
            [
              -121.84841209781145,
              39.79962796748226
            ],
            [
              -121.84838066082182,
              39.79958711185947
            ],
            [
              -121.84835067872841,
              39.79954626980875
            ],
            [
              -121.84831996807193,
              39.79950542140795
            ],
            [
              -121.84829728601541,
              39.79946465268711
            ],
            [
              -121.84825935527194,
              39.799419226828675
            ],
            [
              -121.84822864239136,
              39.79937837749811
            ],
            [
              -121.84819785673938,
              39.79934203226225
            ],
            [
              -121.84816795233434,
              39.79929668696463
            ],
            [
              -121.8481291370399,
              39.79926026291126
            ],
            [
              -121.84809850412314,
              39.79921490945022
            ],
            [
              -121.84803824350956,
              39.799151243392274
            ],
            [
              -121.84800633615869,
              39.79912455852864
            ],
            [
              -121.84413700136948,
              39.79916701529483
            ],
            [
              -121.8441371427438,
              39.79916171647517
            ],
            [
              -121.84412361976479,
              39.79916186464821
            ],
            [
              -121.84416451833684,
              39.79762888704699
            ],
            [
              -121.84416464276444,
              39.79756556181179
            ],
            [
              -121.84416372549191,
              39.79750337182999
            ],
            [
              -121.84414510669835,
              39.79656805578983
            ],
            [
              -121.84412646086174,
              39.79563147213955
            ],
            [
              -121.84398854087839,
              39.795326857263454
            ],
            [
              -121.843928201799,
              39.7948757660381
            ],
            [
              -121.84391321606478,
              39.793955974005414
            ],
            [
              -121.84298629857918,
              39.79397441360424
            ],
            [
              -121.84159953690853,
              39.79400561594654
            ],
            [
              -121.84159871371297,
              39.79392452020159
            ],
            [
              -121.84155176242182,
              39.79050033609825
            ],
            [
              -121.84157519790529,
              39.79049606515304
            ],
            [
              -121.84153780178971,
              39.79041910818693
            ],
            [
              -121.84292813390769,
              39.79038793119791
            ],
            [
              -121.8437764149623,
              39.7903675171602
            ],
            [
              -121.84372413041152,
              39.78677639865619
            ],
            [
              -121.84379667288569,
              39.78677465301658
            ],
            [
              -121.84378465516752,
              39.78605374753484
            ],
            [
              -121.8437727107666,
              39.785328340428045
            ],
            [
              -121.84377109879536,
              39.785206691874585
            ],
            [
              -121.84218572715452,
              39.78329432197957
            ],
            [
              -121.84216284211249,
              39.783192213580875
            ],
            [
              -121.84200124731103,
              39.78321641095708
            ],
            [
              -121.83916977620682,
              39.7832640811625
            ],
            [
              -121.8379878912928,
              39.78324297583082
            ],
            [
              -121.83743518908685,
              39.78324968058444
            ],
            [
              -121.83680657012567,
              39.783257305651766
            ],
            [
              -121.83561448785365,
              39.78327175497498
            ],
            [
              -121.83550790795655,
              39.7832730453451
            ],
            [
              -121.83443016752017,
              39.783286097712974
            ],
            [
              -121.83192023517293,
              39.78331645500435
            ],
            [
              -121.8291773138099,
              39.78334956636375
            ],
            [
              -121.82841607613955,
              39.78335874572725
            ],
            [
              -121.82503383467325,
              39.78339946299844
            ],
            [
              -121.80699973199583,
              39.78385526534081
            ],
            [
              -121.80701275449715,
              39.78435889671396
            ],
            [
              -121.80344226343522,
              39.78447396673131
            ],
            [
              -121.79614205435168,
              39.77739333643221
            ],
            [
              -121.79614106932817,
              39.777391220719124
            ],
            [
              -121.79613794984611,
              39.7773881946894
            ],
            [
              -121.793021253045,
              39.770693279211876
            ],
            [
              -121.79286899643922,
              39.77039157876841
            ],
            [
              -121.79360587124215,
              39.769889200062956
            ],
            [
              -121.79277784590805,
              39.76989472504451
            ],
            [
              -121.79255953476722,
              39.76989618000138
            ],
            [
              -121.79254317724883,
              39.76990621007787
            ],
            [
              -121.78792147383052,
              39.77273990382886
            ],
            [
              -121.7825291664151,
              39.77604554840089
            ],
            [
              -121.77683715846223,
              39.77693608868268
            ],
            [
              -121.76924904918205,
              39.777650622758394
            ],
            [
              -121.76824275444841,
              39.777747592535086
            ],
            [
              -121.76713246397078,
              39.77822157241536
            ],
            [
              -121.76502224062187,
              39.779122374659735
            ],
            [
              -121.76266985895475,
              39.78011958333151
            ]
          ]
        ]
      }
    },
    {
      "type": "Feature",
      "properties": {
        "zone_label": "22N01W05M001M",
        "rms_well_swn": "22N01W05M001M",
        "mgmt_area_full": "01-Vina-North",
        "mgmt_area": "North",
        "workbook_mgmt_area": "01-Vina-North",
        "reassigned": false,
        "well_in_chico_mgmt_area": false,
        "is_aggregate": false,
        "is_marker_only": false,
        "seed_lat": 39.78711,
        "seed_lon": -122.01,
        "area_acres": 7541.2
      },
      "geometry": {
        "type": "Polygon",
        "coordinates": [
          [
            [
              -121.96856650580953,
              39.78608489740561
            ],
            [
              -121.96061842772073,
              39.748513976786434
            ],
            [
              -121.96455739047494,
              39.741948363416476
            ],
            [
              -121.96499214421837,
              39.74200113104557
            ],
            [
              -121.96540694489407,
              39.74190911993137
            ],
            [
              -121.96608858742998,
              39.74172562989919
            ],
            [
              -121.967036644228,
              39.741312954616994
            ],
            [
              -121.96851777928194,
              39.74064825357425
            ],
            [
              -121.96925823092621,
              39.740190076282786
            ],
            [
              -121.96982096795958,
              39.73973192772041
            ],
            [
              -121.97029429118109,
              39.73909080197719
            ],
            [
              -121.9704712215628,
              39.73835835140979
            ],
            [
              -121.97047010675354,
              39.737511723930375
            ],
            [
              -121.97029111114497,
              39.73666513440666
            ],
            [
              -121.9700825151495,
              39.735681312246136
            ],
            [
              -121.96993296362098,
              39.73467460036578
            ],
            [
              -121.97002093114517,
              39.733965099679686
            ],
            [
              -121.97034618955,
              39.73330102826937
            ],
            [
              -121.97081977328291,
              39.73282011167542
            ],
            [
              -121.97153042241938,
              39.73243061942366
            ],
            [
              -121.97238961247959,
              39.73217813476859
            ],
            [
              -121.9730711894385,
              39.73224625096746
            ],
            [
              -121.9738422170401,
              39.73245161883768
            ],
            [
              -121.97479076252165,
              39.73254244466645
            ],
            [
              -121.97594694280134,
              39.732701665222464
            ],
            [
              -121.97671754549982,
              39.73288409467153
            ],
            [
              -121.97760713365098,
              39.73313521718468
            ],
            [
              -121.97852631230757,
              39.733340283277286
            ],
            [
              -121.98033492011349,
              39.7337964495209
            ],
            [
              -121.98125397390426,
              39.73395592209417
            ],
            [
              -121.98244029625498,
              39.73445823369534
            ],
            [
              -121.98324152521646,
              39.735075478336626
            ],
            [
              -121.98371660823763,
              39.7357615603575
            ],
            [
              -121.98416229209447,
              39.736493409205515
            ],
            [
              -121.98463749638822,
              39.7370422002481
            ],
            [
              -121.98508301046348,
              39.737659689774674
            ],
            [
              -121.98573653932425,
              39.73862027153878
            ],
            [
              -121.98633055389914,
              39.73939768423179
            ],
            [
              -121.98695444733866,
              39.74038110381956
            ],
            [
              -121.98763792423439,
              39.74150183081632
            ],
            [
              -121.98864789651508,
              39.74291970062056
            ],
            [
              -121.98950950034846,
              39.744040210888045
            ],
            [
              -121.9902223647304,
              39.74497772992515
            ],
            [
              -121.9911132257943,
              39.74593810400792
            ],
            [
              -121.99206312413864,
              39.74692128935711
            ],
            [
              -121.99322102648874,
              39.74794990762743
            ],
            [
              -121.995210316041,
              39.749847412644456
            ],
            [
              -121.99524021017703,
              39.749893065513014
            ],
            [
              -121.99664643471942,
              39.75123102438586
            ],
            [
              -121.99863571079696,
              39.752807908148355
            ],
            [
              -122.00111312601003,
              39.75476758525168
            ],
            [
              -122.00274175634877,
              39.75593644118263
            ],
            [
              -122.00434116359301,
              39.75687632936381
            ],
            [
              -122.00644458500044,
              39.757839766060016
            ],
            [
              -122.0088738568025,
              39.759169483311865
            ],
            [
              -122.01334878744086,
              39.76045541565372
            ],
            [
              -122.01640172271374,
              39.76123645251538
            ],
            [
              -122.01859330927472,
              39.762817453439354
            ],
            [
              -122.02025150406782,
              39.76435218096415
            ],
            [
              -122.02235415202577,
              39.766116040821096
            ],
            [
              -122.02516687150344,
              39.76916230953581
            ],
            [
              -122.02667644093108,
              39.77099438574068
            ],
            [
              -122.02812669819374,
              39.77319231364623
            ],
            [
              -122.02978461271243,
              39.77529902713259
            ],
            [
              -122.03034703982699,
              39.776008976226024
            ],
            [
              -122.03200488876868,
              39.77820710093811
            ],
            [
              -122.03253680550293,
              39.779603440745575
            ],
            [
              -122.03182364288033,
              39.78056402445964
            ],
            [
              -122.03063547539001,
              39.78200494841149
            ],
            [
              -122.02941711462465,
              39.78358294788824
            ],
            [
              -122.02870436971868,
              39.78424599480517
            ],
            [
              -122.02796193908581,
              39.78493175281527
            ],
            [
              -122.02638764963523,
              39.786417826014265
            ],
            [
              -122.02558436353176,
              39.788156347726144
            ],
            [
              -122.02501622942019,
              39.79115363280514
            ],
            [
              -122.02468664922057,
              39.793510610531435
            ],
            [
              -122.02405951106621,
              39.79623315982963
            ],
            [
              -122.02393814507806,
              39.798086639819886
            ],
            [
              -122.02500427104714,
              39.79946059647603
            ],
            [
              -122.02654595075458,
              39.800308630950546
            ],
            [
              -122.0289488794609,
              39.800356389159006
            ],
            [
              -122.03215379530678,
              39.79983282421003
            ],
            [
              -122.03524073450811,
              39.79866812715357
            ],
            [
              -122.03657669642226,
              39.79789119090931
            ],
            [
              -122.03637077650797,
              39.79656372760046
            ],
            [
              -122.03604551540823,
              39.79576251315094
            ],
            [
              -122.03589838753436,
              39.794847082753954
            ],
            [
              -122.03684891739438,
              39.79386383068616
            ],
            [
              -122.03836261278408,
              39.793178462646594
            ],
            [
              -122.03957948144775,
              39.792790307660276
            ],
            [
              -122.04061732126517,
              39.793065690822374
            ],
            [
              -122.04201086608731,
              39.793707373653056
            ],
            [
              -122.04316627201925,
              39.7948752993272
            ],
            [
              -122.04357609110838,
              39.795221706992955
            ],
            [
              -122.01703391253001,
              39.808733651039994
            ],
            [
              -121.98025344087226,
              39.795765657061104
            ],
            [
              -121.96856650580953,
              39.78608489740561
            ]
          ]
        ]
      }
    },
    {
      "type": "Feature",
      "properties": {
        "zone_label": "23N01E07H001M",
        "rms_well_swn": "23N01E07H001M",
        "mgmt_area_full": "01-Vina-North",
        "mgmt_area": "North",
        "workbook_mgmt_area": "01-Vina-North",
        "reassigned": false,
        "well_in_chico_mgmt_area": false,
        "is_aggregate": false,
        "is_marker_only": false,
        "seed_lat": 39.86482,
        "seed_lon": -121.90494,
        "area_acres": 8272.2
      },
      "geometry": {
        "type": "Polygon",
        "coordinates": [
          [
            [
              -121.94114417710168,
              39.88340593038198
            ],
            [
              -121.93805968002333,
              39.883396444859684
            ],
            [
              -121.91922256816576,
              39.88340719829974
            ],
            [
              -121.89971652762853,
              39.88344888233985
            ],
            [
              -121.88074070960288,
              39.88365466068372
            ],
            [
              -121.85290815235776,
              39.884077179784526
            ],
            [
              -121.8529080948656,
              39.884077180473895
            ],
            [
              -121.8466225064658,
              39.877393973332275
            ],
            [
              -121.84113047451665,
              39.87040263639268
            ],
            [
              -121.83818174022348,
              39.86601792548503
            ],
            [
              -121.83697255305383,
              39.863600350473355
            ],
            [
              -121.83443527172597,
              39.859571434588595
            ],
            [
              -121.87030031788969,
              39.84342711191648
            ],
            [
              -121.90525783809652,
              39.83795343173361
            ],
            [
              -121.9400911637257,
              39.86833181987133
            ],
            [
              -121.94114417710168,
              39.88340593038198
            ]
          ]
        ]
      }
    },
    {
      "type": "Feature",
      "properties": {
        "zone_label": "23N01E33A001M",
        "rms_well_swn": "23N01E33A001M",
        "mgmt_area_full": "01-Vina-North",
        "mgmt_area": "North",
        "workbook_mgmt_area": "01-Vina-North",
        "reassigned": false,
        "well_in_chico_mgmt_area": true,
        "is_aggregate": false,
        "is_marker_only": false,
        "seed_lat": 39.8097,
        "seed_lon": -121.86305,
        "area_acres": 9962.5
      },
      "geometry": {
        "type": "MultiPolygon",
        "coordinates": [
          [
            [
              [
                -121.88008159482007,
                39.79810501311119
              ],
              [
                -121.87696458626255,
                39.812553901806794
              ],
              [
                -121.87687338380509,
                39.81244629234923
              ],
              [
                -121.8765236420534,
                39.81203362925872
              ],
              [
                -121.87653323029504,
                39.811627210254386
              ],
              [
                -121.87651971917113,
                39.81162725251798
              ],
              [
                -121.87651984165915,
                39.81162206056837
              ],
              [
                -121.87628996114707,
                39.81162277941638
              ],
              [
                -121.87623989430452,
                39.811562445308475
              ],
              [
                -121.87621640570767,
                39.81153414092457
              ],
              [
                -121.87619453332965,
                39.81150778256642
              ],
              [
                -121.87591079854079,
                39.81116586789715
              ],
              [
                -121.87243962027328,
                39.806982605845135
              ],
              [
                -121.87244009414815,
                39.80611501652581
              ],
              [
                -121.87248595572262,
                39.80574434516164
              ],
              [
                -121.87251765812074,
                39.80548811910882
              ],
              [
                -121.87244080811374,
                39.80480557609277
              ],
              [
                -121.8724411202327,
                39.80423504292433
              ],
              [
                -121.87242773018359,
                39.80423485076566
              ],
              [
                -121.87242773289489,
                39.80422989356313
              ],
              [
                -121.87227975210422,
                39.80422776981597
              ],
              [
                -121.87216836159125,
                39.804229067553905
              ],
              [
                -121.87023404219516,
                39.804251580106836
              ],
              [
                -121.86761864681009,
                39.801098973148356
              ],
              [
                -121.86761564384354,
                39.799540428402125
              ],
              [
                -121.86768577994374,
                39.797105566347575
              ],
              [
                -121.86768100818425,
                39.79579751472945
              ],
              [
                -121.88008159482007,
                39.79810501311119
              ]
            ]
          ],
          [
            [
              [
                -121.84155768014185,
                39.79093193603813
              ],
              [
                -121.84159871371297,
                39.79392452020159
              ],
              [
                -121.84159953690853,
                39.79400561594654
              ],
              [
                -121.84298629857918,
                39.79397441360424
              ],
              [
                -121.84391321606478,
                39.793955974005414
              ],
              [
                -121.843928201799,
                39.7948757660381
              ],
              [
                -121.84398854087839,
                39.795326857263454
              ],
              [
                -121.84412646086174,
                39.79563147213955
              ],
              [
                -121.84414510669835,
                39.79656805578983
              ],
              [
                -121.84416372549191,
                39.79750337182999
              ],
              [
                -121.84416464276444,
                39.79756556181179
              ],
              [
                -121.84416451833684,
                39.79762888704699
              ],
              [
                -121.84412361976479,
                39.79916186464821
              ],
              [
                -121.8441371427438,
                39.79916171647517
              ],
              [
                -121.84413700136948,
                39.79916701529483
              ],
              [
                -121.84800633615869,
                39.79912455852864
              ],
              [
                -121.84803824350956,
                39.799151243392274
              ],
              [
                -121.84809850412314,
                39.79921490945022
              ],
              [
                -121.8481291370399,
                39.79926026291126
              ],
              [
                -121.84816795233434,
                39.79929668696463
              ],
              [
                -121.84819785673938,
                39.79934203226225
              ],
              [
                -121.84822864239136,
                39.79937837749811
              ],
              [
                -121.84825935527194,
                39.799419226828675
              ],
              [
                -121.84829728601541,
                39.79946465268711
              ],
              [
                -121.84831996807193,
                39.79950542140795
              ],
              [
                -121.84835067872841,
                39.79954626980875
              ],
              [
                -121.84838066082182,
                39.79958711185947
              ],
              [
                -121.84841209781145,
                39.79962796748226
              ],
              [
                -121.84844207764021,
                39.7996688095132
              ],
              [
                -121.84848809555514,
                39.799754858228496
              ],
              [
                -121.84851078014792,
                39.79979562871233
              ],
              [
                -121.84854148754174,
                39.79983647615388
              ],
              [
                -121.84856401728514,
                39.79988625391823
              ],
              [
                -121.84858669962935,
                39.79992702438223
              ],
              [
                -121.84860200686592,
                39.79997222471286
              ],
              [
                -121.8486253427499,
                39.80001750470698
              ],
              [
                -121.84864072397815,
                39.800058200930195
              ],
              [
                -121.84865595733233,
                39.80010790535184
              ],
              [
                -121.84867126465086,
                39.80015310657075
              ],
              [
                -121.84868584221859,
                39.80019830054509
              ],
              [
                -121.84870114957819,
                39.800243500858066
              ],
              [
                -121.84871645695763,
                39.80028870116804
              ],
              [
                -121.84872446429154,
                39.800333831758415
              ],
              [
                -121.84873969659941,
                39.80038353526171
              ],
              [
                -121.84874697419141,
                39.80042865590523
              ],
              [
                -121.84875498039716,
                39.800473784688286
              ],
              [
                -121.84876291500909,
                39.800523417572656
              ],
              [
                -121.8487701186899,
                39.80057304321303
              ],
              [
                -121.84877739398391,
                39.8006181647488
              ],
              [
                -121.84878540724449,
                39.80066328993283
              ],
              [
                -121.84878538362322,
                39.80070834085408
              ],
              [
                -121.84879346498882,
                39.80074896643202
              ],
              [
                -121.84879264000077,
                39.800798510610335
              ],
              [
                -121.84873951976226,
                39.804158628603396
              ],
              [
                -121.84886511216126,
                39.80846604776957
              ],
              [
                -121.8488874923803,
                39.809324079515825
              ],
              [
                -121.8488976728997,
                39.80958269628967
              ],
              [
                -121.84893533920533,
                39.810874395135734
              ],
              [
                -121.84876389474763,
                39.811955285423544
              ],
              [
                -121.84877804625313,
                39.811955606213445
              ],
              [
                -121.84877727999192,
                39.81196043711001
              ],
              [
                -121.84912739273052,
                39.811968373292935
              ],
              [
                -121.85014163645927,
                39.81195749150233
              ],
              [
                -121.85128730401169,
                39.81194882603399
              ],
              [
                -121.85272019285007,
                39.811937970013965
              ],
              [
                -121.85338175249223,
                39.81193815703064
              ],
              [
                -121.85361542384385,
                39.81193822186377
              ],
              [
                -121.85362269157325,
                39.81132639880615
              ],
              [
                -121.85362332919183,
                39.811277160550446
              ],
              [
                -121.85457728916856,
                39.81113228994672
              ],
              [
                -121.8546006041748,
                39.81112875007864
              ],
              [
                -121.85461947574383,
                39.81120266091149
              ],
              [
                -121.85463110835225,
                39.81120094839636
              ],
              [
                -121.85463286083414,
                39.81120781218207
              ],
              [
                -121.85492980413031,
                39.81116271486485
              ],
              [
                -121.85490916818964,
                39.81108188857447
              ],
              [
                -121.85541322530757,
                39.81100533643522
              ],
              [
                -121.85572734066453,
                39.810957629531444
              ],
              [
                -121.85570631917545,
                39.81093097881048
              ],
              [
                -121.85531336372507,
                39.8104307039984
              ],
              [
                -121.85677134413473,
                39.81020885942666
              ],
              [
                -121.8569545924469,
                39.810180977520595
              ],
              [
                -121.85695457796693,
                39.81007870425689
              ],
              [
                -121.85695453647988,
                39.80999310863169
              ],
              [
                -121.85696973456015,
                39.80872443756988
              ],
              [
                -121.8569819183614,
                39.807707580630925
              ],
              [
                -121.85705201840841,
                39.80769693245976
              ],
              [
                -121.85728175990427,
                39.807374064500515
              ],
              [
                -121.85783676668072,
                39.80718638557305
              ],
              [
                -121.85847932443548,
                39.8072051992735
              ],
              [
                -121.85853054011655,
                39.807206698975875
              ],
              [
                -121.85855519281198,
                39.80721453158629
              ],
              [
                -121.8597511967734,
                39.807594546181164
              ],
              [
                -121.86000639182978,
                39.80759185082716
              ],
              [
                -121.86000662490464,
                39.80751391679644
              ],
              [
                -121.86000610783273,
                39.807281551009694
              ],
              [
                -121.8600142439956,
                39.80696439459284
              ],
              [
                -121.86001397285581,
                39.80689231446162
              ],
              [
                -121.86002946659761,
                39.806131139983144
              ],
              [
                -121.86139703618387,
                39.80612655019807
              ],
              [
                -121.86149412443392,
                39.80612750245197
              ],
              [
                -121.8615975348291,
                39.80612851585062
              ],
              [
                -121.8615969233379,
                39.80673615783543
              ],
              [
                -121.86297619341522,
                39.80836792680188
              ],
              [
                -121.86295081086465,
                39.81173179774069
              ],
              [
                -121.8629642391285,
                39.8117315151527
              ],
              [
                -121.86296419812666,
                39.811736948956195
              ],
              [
                -121.86307950177684,
                39.81173452206306
              ],
              [
                -121.86457616479676,
                39.81170301252637
              ],
              [
                -121.86564827844155,
                39.81168042977072
              ],
              [
                -121.86651143313183,
                39.81271201608199
              ],
              [
                -121.86754046364787,
                39.813941797214405
              ],
              [
                -121.86860255129596,
                39.81521102808275
              ],
              [
                -121.868619345565,
                39.81523109895259
              ],
              [
                -121.86863631230857,
                39.81525137536089
              ],
              [
                -121.86865982847256,
                39.81526865628836
              ],
              [
                -121.8686770351525,
                39.81528929231878
              ],
              [
                -121.86869462754935,
                39.81531039351302
              ],
              [
                -121.86896573504212,
                39.8156355410756
              ],
              [
                -121.86899594785692,
                39.81567177281662
              ],
              [
                -121.86901960818294,
                39.81570015257792
              ],
              [
                -121.8690314138933,
                39.81571430685364
              ],
              [
                -121.86904319396695,
                39.815728433179466
              ],
              [
                -121.86905494257667,
                39.815742524343605
              ],
              [
                -121.86906368461038,
                39.81575805951528
              ],
              [
                -121.869070918009,
                39.81576342553755
              ],
              [
                -121.86907817243343,
                39.81576879068167
              ],
              [
                -121.86909554454408,
                39.815781651492166
              ],
              [
                -121.87058178927799,
                39.8175314123508
              ],
              [
                -121.87058926339137,
                39.817529600822766
              ],
              [
                -121.87059517770867,
                39.81753656357773
              ],
              [
                -121.87364508831216,
                39.81679729963621
              ],
              [
                -121.87414393175257,
                39.81605623721678
              ],
              [
                -121.87484535719794,
                39.815014189269924
              ],
              [
                -121.8749727552683,
                39.815155360615364
              ],
              [
                -121.87497649011483,
                39.81514981204547
              ],
              [
                -121.8749861444418,
                39.81516050999818
              ],
              [
                -121.87537473332578,
                39.81458321004531
              ],
              [
                -121.8762210189524,
                39.814781091149776
              ],
              [
                -121.87621705667927,
                39.8145934677815
              ],
              [
                -121.87622515411806,
                39.814258542631194
              ],
              [
                -121.87647111018774,
                39.81426009911732
              ],
              [
                -121.87647243956312,
                39.81420381073233
              ],
              [
                -121.87662507235669,
                39.814127375858625
              ],
              [
                -121.87030031788969,
                39.84342711191648
              ],
              [
                -121.83443527172597,
                39.859571434588595
              ],
              [
                -121.83101758240784,
                39.85414376087939
              ],
              [
                -121.82785551170942,
                39.84957878499183
              ],
              [
                -121.82510768383294,
                39.845611288072845
              ],
              [
                -121.824541856595,
                39.84479430051912
              ],
              [
                -121.82010160631651,
                39.83747317077456
              ],
              [
                -121.81866430994675,
                39.83533824182799
              ],
              [
                -121.81418510512424,
                39.829788808766594
              ],
              [
                -121.80646115764772,
                39.82328043209008
              ],
              [
                -121.7997764531571,
                39.81684280683718
              ],
              [
                -121.79593522466284,
                39.81273089800789
              ],
              [
                -121.78994126803185,
                39.80538743079261
              ],
              [
                -121.7811432049701,
                39.797376157921335
              ],
              [
                -121.77522091054259,
                39.79026170857046
              ],
              [
                -121.77231916981688,
                39.78736276104431
              ],
              [
                -121.77057157648335,
                39.785909106217204
              ],
              [
                -121.76553071080926,
                39.782465650341926
              ],
              [
                -121.76400467077087,
                39.78107219904846
              ],
              [
                -121.7626736129655,
                39.78011799200899
              ],
              [
                -121.76502224062187,
                39.779122374659735
              ],
              [
                -121.76713246397078,
                39.77822157241536
              ],
              [
                -121.76824275444841,
                39.777747592535086
              ],
              [
                -121.76924904918205,
                39.777650622758394
              ],
              [
                -121.770026912662,
                39.77757739742459
              ],
              [
                -121.80260931813307,
                39.78366616481298
              ],
              [
                -121.80344226343522,
                39.78447396673131
              ],
              [
                -121.80642163397388,
                39.784377954565514
              ],
              [
                -121.84155768014185,
                39.79093193603813
              ]
            ]
          ],
          [
            [
              [
                -121.75545665096543,
                39.774851497571305
              ],
              [
                -121.76234942208842,
                39.77988558059105
              ],
              [
                -121.7611579141271,
                39.77903137252933
              ],
              [
                -121.75643499007978,
                39.7758983696673
              ],
              [
                -121.75465435581182,
                39.77472170084191
              ],
              [
                -121.75462288702583,
                39.77469545334807
              ],
              [
                -121.75545665096543,
                39.774851497571305
              ]
            ]
          ]
        ]
      }
    },
    {
      "type": "Feature",
      "properties": {
        "zone_label": "23N01W36P001M",
        "rms_well_swn": "23N01W36P001M",
        "mgmt_area_full": "01-Vina-North",
        "mgmt_area": "North",
        "workbook_mgmt_area": "01-Vina-North",
        "reassigned": false,
        "well_in_chico_mgmt_area": false,
        "is_aggregate": false,
        "is_marker_only": false,
        "seed_lat": 39.7972,
        "seed_lon": -121.9297,
        "area_acres": 7088.5
      },
      "geometry": {
        "type": "Polygon",
        "coordinates": [
          [
            [
              -121.92162535676009,
              39.82094669649574
            ],
            [
              -121.90021029229683,
              39.790701090032115
            ],
            [
              -121.90885765603717,
              39.771397039197055
            ],
            [
              -121.96061842772073,
              39.748513976786434
            ],
            [
              -121.96856650580953,
              39.78608489740561
            ],
            [
              -121.93782945658533,
              39.818707281154595
            ],
            [
              -121.92162535676009,
              39.82094669649574
            ]
          ]
        ]
      }
    },
    {
      "type": "Feature",
      "properties": {
        "zone_label": "23N02W25C001M",
        "rms_well_swn": "23N02W25C001M",
        "mgmt_area_full": "01-Vina-North",
        "mgmt_area": "North",
        "workbook_mgmt_area": "01-Vina-North",
        "reassigned": false,
        "well_in_chico_mgmt_area": false,
        "is_aggregate": false,
        "is_marker_only": false,
        "seed_lat": 39.8222,
        "seed_lon": -122.0401,
        "area_acres": 5850.0
      },
      "geometry": {
        "type": "Polygon",
        "coordinates": [
          [
            [
              -122.04357609110838,
              39.795221706992955
            ],
            [
              -122.04506300096125,
              39.79647850844175
            ],
            [
              -122.04655857912832,
              39.79768196882091
            ],
            [
              -122.04669757635057,
              39.79781371517595
            ],
            [
              -122.04693999930639,
              39.79817612643436
            ],
            [
              -122.04702686010617,
              39.79834348500863
            ],
            [
              -122.04756504618275,
              39.79906868652753
            ],
            [
              -122.04772174830094,
              39.799304232233766
            ],
            [
              -122.04803383560706,
              39.79985187131233
            ],
            [
              -122.0482253312728,
              39.800110329713284
            ],
            [
              -122.0483641515269,
              39.800417773098104
            ],
            [
              -122.04850297537429,
              39.80066669903431
            ],
            [
              -122.04871125875607,
              39.80097017294345
            ],
            [
              -122.048919699343,
              39.80142233291874
            ],
            [
              -122.04907589211642,
              39.801684894534226
            ],
            [
              -122.04924957868164,
              39.80190707427855
            ],
            [
              -122.04961387517375,
              39.80281114290963
            ],
            [
              -122.04977057819023,
              39.80309170195055
            ],
            [
              -122.04994365300279,
              39.80330488823711
            ],
            [
              -122.05008318651922,
              39.80340961364988
            ],
            [
              -122.05022170673604,
              39.80341968466684
            ],
            [
              -122.05077759681026,
              39.80355038898271
            ],
            [
              -122.05105476749961,
              39.80357516930382
            ],
            [
              -122.05121121988611,
              39.80361251195471
            ],
            [
              -122.05162832024895,
              39.80359346175329
            ],
            [
              -122.051958095383,
              39.80356011008554
            ],
            [
              -122.0528131621761,
              39.803549787883654
            ],
            [
              -122.05306878946828,
              39.803600665965305
            ],
            [
              -122.05365941829287,
              39.80375862980535
            ],
            [
              -122.05407584491924,
              39.80395579286392
            ],
            [
              -122.0550485065729,
              39.8045224917758
            ],
            [
              -122.05603776549977,
              39.80516571224505
            ],
            [
              -122.05673249020113,
              39.80550465429741
            ],
            [
              -122.05768763919835,
              39.806161232797166
            ],
            [
              -122.05810396790832,
              39.80641240214828
            ],
            [
              -122.0584167154762,
              39.80654559132864
            ],
            [
              -122.05959696252064,
              39.80733442006089
            ],
            [
              -122.05989247680809,
              39.807562142945
            ],
            [
              -122.06017039130249,
              39.807839114185306
            ],
            [
              -122.06043051376437,
              39.808152112654355
            ],
            [
              -122.06095169832591,
              39.80864290751592
            ],
            [
              -122.06128162347864,
              39.808924773218195
            ],
            [
              -122.06190650237004,
              39.8094073569845
            ],
            [
              -122.06216673352807,
              39.80954915444448
            ],
            [
              -122.06246209330527,
              39.809686704960754
            ],
            [
              -122.06263537293367,
              39.80982770758296
            ],
            [
              -122.06287823696233,
              39.80995586788378
            ],
            [
              -122.06345181935608,
              39.81030285378286
            ],
            [
              -122.06374684675663,
              39.810512430112716
            ],
            [
              -122.06412876280473,
              39.810668781288676
            ],
            [
              -122.06445825227453,
              39.810824604909016
            ],
            [
              -122.06471883197888,
              39.81104291637173
            ],
            [
              -122.06523960601034,
              39.81194361892482
            ],
            [
              -122.06534417889256,
              39.81220562283414
            ],
            [
              -122.06539631172177,
              39.81245387747239
            ],
            [
              -122.06546567244146,
              39.81289146713039
            ],
            [
              -122.06546524753834,
              39.813134695880805
            ],
            [
              -122.06541306620014,
              39.81342704329303
            ],
            [
              -122.06530935031068,
              39.813705484114536
            ],
            [
              -122.06511838554928,
              39.81399228202547
            ],
            [
              -122.0648058670518,
              39.81426916318742
            ],
            [
              -122.06456296529393,
              39.81451491182825
            ],
            [
              -122.06433680813295,
              39.81466176828313
            ],
            [
              -122.0640763155652,
              39.814866875918725
            ],
            [
              -122.06355564933153,
              39.81519155528229
            ],
            [
              -122.06331272601413,
              39.815275248413535
            ],
            [
              -122.06246235022343,
              39.815682819458075
            ],
            [
              -122.062010407804,
              39.81594500714492
            ],
            [
              -122.06152431233578,
              39.81636911619646
            ],
            [
              -122.06100327509795,
              39.81670729577037
            ],
            [
              -122.06048297897021,
              39.81716249859936
            ],
            [
              -122.05996212409038,
              39.81766286544028
            ],
            [
              -122.05961517406641,
              39.81810601973623
            ],
            [
              -122.05937140363766,
              39.81856812615517
            ],
            [
              -122.0591808134737,
              39.81899895726823
            ],
            [
              -122.05898983523757,
              39.8197723307649
            ],
            [
              -122.05883320588293,
              39.82050081813708
            ],
            [
              -122.05853818027902,
              39.82162015689208
            ],
            [
              -122.05841717182035,
              39.82193447249153
            ],
            [
              -122.05827815753013,
              39.82221265530733
            ],
            [
              -122.05806995948831,
              39.822544324191796
            ],
            [
              -122.05730604115386,
              39.82366446584655
            ],
            [
              -122.05704566357043,
              39.824121782038134
            ],
            [
              -122.0568369427091,
              39.82453898701849
            ],
            [
              -122.0566980928106,
              39.824862321585144
            ],
            [
              -122.05659353160647,
              39.82519028805205
            ],
            [
              -122.05649004568572,
              39.82571208208489
            ],
            [
              -122.05650747479888,
              39.82631133655949
            ],
            [
              -122.05648964234217,
              39.82691033606679
            ],
            [
              -122.05654159281336,
              39.827230623279135
            ],
            [
              -122.0566631860753,
              39.827682120028236
            ],
            [
              -122.056802042262,
              39.827994203731706
            ],
            [
              -122.05697558060523,
              39.82827940151858
            ],
            [
              -122.05718426912719,
              39.82851533833554
            ],
            [
              -122.05739300346323,
              39.82879178845488
            ],
            [
              -122.05772254862858,
              39.829096323403185
            ],
            [
              -122.05853879472669,
              39.82966154432762
            ],
            [
              -122.0587812634966,
              39.82987074980997
            ],
            [
              -122.05919807370358,
              39.830153422514094
            ],
            [
              -122.05989260706379,
              39.83042483630604
            ],
            [
              -122.06034428358193,
              39.830622238832376
            ],
            [
              -122.0607432837901,
              39.83082375575506
            ],
            [
              -122.06121186750018,
              39.830998643896024
            ],
            [
              -122.06154184206022,
              39.83118162074757
            ],
            [
              -122.06187207803004,
              39.83132843882641
            ],
            [
              -122.0628612435321,
              39.8318499413464
            ],
            [
              -122.0630874366257,
              39.8320319805082
            ],
            [
              -122.06369478848761,
              39.83260446812877
            ],
            [
              -122.06416399742511,
              39.83311737466809
            ],
            [
              -122.06452869546416,
              39.83358434272506
            ],
            [
              -122.06522275631056,
              39.83416648382521
            ],
            [
              -122.06551778999932,
              39.83444372449435
            ],
            [
              -122.06596939914377,
              39.83479866169253
            ],
            [
              -122.06619505594317,
              39.83502572034898
            ],
            [
              -122.0664729964887,
              39.83526681099517
            ],
            [
              -122.06678557786822,
              39.8355891934988
            ],
            [
              -122.0672893728425,
              39.836205887498494
            ],
            [
              -122.06756699718105,
              39.83662254244754
            ],
            [
              -122.06793162335485,
              39.83709850703707
            ],
            [
              -122.06824420653102,
              39.83764610438543
            ],
            [
              -122.06839992499394,
              39.83785449919958
            ],
            [
              -122.06852202310907,
              39.83806275473578
            ],
            [
              -122.06874722985245,
              39.83858269966053
            ],
            [
              -122.06886910698199,
              39.83880882496229
            ],
            [
              -122.06907768860444,
              39.83932862697501
            ],
            [
              -122.06923318608182,
              39.8398705615413
            ],
            [
              -122.0692686488743,
              39.84010967419792
            ],
            [
              -122.06923372237607,
              39.84069504390015
            ],
            [
              -122.06919873389404,
              39.8409560194422
            ],
            [
              -122.06911237165926,
              39.84124810364421
            ],
            [
              -122.0690079955081,
              39.84145904027259
            ],
            [
              -122.068347995184,
              39.84250788337337
            ],
            [
              -122.06777546651409,
              39.84314293718352
            ],
            [
              -122.06749775234402,
              39.843478608189514
            ],
            [
              -122.06673387443374,
              39.84421576499149
            ],
            [
              -122.0664211169844,
              39.84454667586758
            ],
            [
              -122.06610890571078,
              39.84483241945971
            ],
            [
              -122.0657783777885,
              39.84518121147329
            ],
            [
              -122.06518830052951,
              39.845752963928994
            ],
            [
              -122.06485837358018,
              39.84600706877908
            ],
            [
              -122.06433794360346,
              39.84635425818051
            ],
            [
              -122.06406011534736,
              39.84647370642199
            ],
            [
              -122.063816821924,
              39.84663843416528
            ],
            [
              -122.06333083335528,
              39.84681468555727
            ],
            [
              -122.0629310911387,
              39.84697809517621
            ],
            [
              -122.0624278531199,
              39.847248883835995
            ],
            [
              -122.06199392551517,
              39.84745717502222
            ],
            [
              -122.06173352637218,
              39.8475405950482
            ],
            [
              -122.06105646614255,
              39.84795861920707
            ],
            [
              -122.0607439889676,
              39.84820384044331
            ],
            [
              -122.06003200762959,
              39.848828673068745
            ],
            [
              -122.0594764427455,
              39.84938279903915
            ],
            [
              -122.05919905556217,
              39.8496869350998
            ],
            [
              -122.05864320591213,
              39.85032209078433
            ],
            [
              -122.05822685923583,
              39.85085024971847
            ],
            [
              -122.05800109014704,
              39.85117729418047
            ],
            [
              -122.05777525727788,
              39.85145031934437
            ],
            [
              -122.05754952412171,
              39.851759355800034
            ],
            [
              -122.05713254503145,
              39.852544393905006
            ],
            [
              -122.05708093592007,
              39.85269718541993
            ],
            [
              -122.05655967949329,
              39.85378317981976
            ],
            [
              -122.05647335498776,
              39.85400759101328
            ],
            [
              -122.05598712028066,
              39.85493628707504
            ],
            [
              -122.05588296331841,
              39.85528675935472
            ],
            [
              -122.05562262885414,
              39.85599644955091
            ],
            [
              -122.05558748316696,
              39.856221413460034
            ],
            [
              -122.05548362983527,
              39.85754943129821
            ],
            [
              -122.05550055948513,
              39.8578649644077
            ],
            [
              -122.05555297438531,
              39.85814923824264
            ],
            [
              -122.05569193208167,
              39.85920901733747
            ],
            [
              -122.05574372265274,
              39.85942563664524
            ],
            [
              -122.05593471436362,
              39.85988667694084
            ],
            [
              -122.05612586148304,
              39.86048290329299
            ],
            [
              -122.05624711608007,
              39.86129018565042
            ],
            [
              -122.05631674449774,
              39.86197101795452
            ],
            [
              -122.05631696817825,
              39.86221888383817
            ],
            [
              -122.05612590639879,
              39.86310467330009
            ],
            [
              -122.05591757001642,
              39.86358504170163
            ],
            [
              -122.05543183387431,
              39.864261500393354
            ],
            [
              -122.05442463559123,
              39.865190307298825
            ],
            [
              -122.05418147152528,
              39.86544054585668
            ],
            [
              -122.05326119512742,
              39.86619894186634
            ],
            [
              -122.0523755586652,
              39.86688993197074
            ],
            [
              -122.05233122935284,
              39.86692179376744
            ],
            [
              -122.01316580712263,
              39.841445037573614
            ],
            [
              -122.01703391253001,
              39.808733651039994
            ],
            [
              -122.04357609110838,
              39.795221706992955
            ]
          ]
        ]
      }
    },
    {
      "type": "Feature",
      "properties": {
        "zone_label": "23N01E29P002M",
        "rms_well_swn": "23N01E29P002M",
        "mgmt_area_full": "01-Vina-North",
        "mgmt_area": "North",
        "workbook_mgmt_area": "01-Vina-North",
        "reassigned": false,
        "well_in_chico_mgmt_area": false,
        "is_aggregate": false,
        "is_marker_only": false,
        "seed_lat": 39.81332,
        "seed_lon": -121.89133,
        "area_acres": 3895.8
      },
      "geometry": {
        "type": "Polygon",
        "coordinates": [
          [
            [
              -121.87030031788969,
              39.84342711191648
            ],
            [
              -121.87662507235669,
              39.814127375858625
            ],
            [
              -121.87682979605201,
              39.81402485455727
            ],
            [
              -121.8777996454261,
              39.81353916808208
            ],
            [
              -121.87755106133235,
              39.813245872652594
            ],
            [
              -121.87696458626255,
              39.812553901806794
            ],
            [
              -121.88008159482007,
              39.79810501311119
            ],
            [
              -121.89098253898699,
              39.794095918161865
            ],
            [
              -121.89098405642169,
              39.794284878164774
            ],
            [
              -121.8909874341353,
              39.79470912203363
            ],
            [
              -121.89099081187291,
              39.79513337664042
            ],
            [
              -121.89117705894499,
              39.79517071186434
            ],
            [
              -121.89118613161719,
              39.795138718890165
            ],
            [
              -121.89119046735745,
              39.79510677738097
            ],
            [
              -121.89119553155281,
              39.79507490409336
            ],
            [
              -121.89120781606543,
              39.79501139548063
            ],
            [
              -121.89121503636241,
              39.794979771863574
            ],
            [
              -121.89123160609348,
              39.79491684092338
            ],
            [
              -121.89125103209946,
              39.79485438456176
            ],
            [
              -121.89126179381611,
              39.79482337125432
            ],
            [
              -121.89196902734936,
              39.79482106504043
            ],
            [
              -121.89275216246969,
              39.79481851927928
            ],
            [
              -121.89353531156043,
              39.79481595751706
            ],
            [
              -121.89450876111022,
              39.79481277392801
            ],
            [
              -121.89472845274918,
              39.79502135167974
            ],
            [
              -121.8952718526901,
              39.79562986615688
            ],
            [
              -121.89552757680501,
              39.79562804690624
            ],
            [
              -121.89590800693371,
              39.79562534752554
            ],
            [
              -121.89610887745548,
              39.79562391715558
            ],
            [
              -121.89627773721267,
              39.795622716754394
            ],
            [
              -121.8966474826266,
              39.7956200956444
            ],
            [
              -121.89701722802968,
              39.795617461665366
            ],
            [
              -121.89738695822527,
              39.79561482741334
            ],
            [
              -121.8977616588307,
              39.795612162089434
            ],
            [
              -121.8977664224345,
              39.796194300461494
            ],
            [
              -121.89776710326802,
              39.796276677185645
            ],
            [
              -121.89776845032273,
              39.79644264650376
            ],
            [
              -121.89777272065498,
              39.79696278196592
            ],
            [
              -121.8981737850481,
              39.79695992474304
            ],
            [
              -121.89862734190606,
              39.79695669522949
            ],
            [
              -121.89871486404442,
              39.79695607339537
            ],
            [
              -121.89925554833214,
              39.7969522192247
            ],
            [
              -121.89948194782892,
              39.796950602280624
            ],
            [
              -121.89979623374431,
              39.796948350865485
            ],
            [
              -121.90033656878282,
              39.7969445031455
            ],
            [
              -121.90033967627518,
              39.797321945972435
            ],
            [
              -121.90199613962976,
              39.79733205033046
            ],
            [
              -121.90199426965874,
              39.79715795134119
            ],
            [
              -121.90207645591872,
              39.797157424345116
            ],
            [
              -121.90207397529521,
              39.79691965902913
            ],
            [
              -121.90257455674396,
              39.796916543463155
            ],
            [
              -121.90307603648068,
              39.79677038648758
            ],
            [
              -121.90284740211958,
              39.79670177597394
            ],
            [
              -121.90269256022508,
              39.79658956381653
            ],
            [
              -121.90211332245241,
              39.79599812338772
            ],
            [
              -121.89758480948892,
              39.79166708925551
            ],
            [
              -121.90021029229683,
              39.790701090032115
            ],
            [
              -121.92162535676009,
              39.82094669649574
            ],
            [
              -121.90525783809652,
              39.83795343173361
            ],
            [
              -121.87030031788969,
              39.84342711191648
            ]
          ]
        ]
      }
    },
    {
      "type": "Feature",
      "properties": {
        "zone_label": "23N01W09E001M",
        "rms_well_swn": "23N01W09E001M",
        "mgmt_area_full": "01-Vina-North",
        "mgmt_area": "North",
        "workbook_mgmt_area": "01-Vina-North",
        "reassigned": false,
        "well_in_chico_mgmt_area": false,
        "is_aggregate": false,
        "is_marker_only": false,
        "seed_lat": 39.8651,
        "seed_lon": -121.993,
        "area_acres": 5310.7
      },
      "geometry": {
        "type": "Polygon",
        "coordinates": [
          [
            [
              -121.98999902121516,
              39.84198335008219
            ],
            [
              -122.01316580712263,
              39.841445037573614
            ],
            [
              -122.05233122935284,
              39.86692179376744
            ],
            [
              -122.05176824004097,
              39.867326439897035
            ],
            [
              -122.05095236764205,
              39.867977432373195
            ],
            [
              -122.05062268413614,
              39.86819998520875
            ],
            [
              -122.05041438817794,
              39.86836494901133
            ],
            [
              -122.04970244816248,
              39.869007871065676
            ],
            [
              -122.04949364106288,
              39.869154835789416
            ],
            [
              -122.0489560676373,
              39.86971354183397
            ],
            [
              -122.04860835314699,
              39.87001699624805
            ],
            [
              -122.04833063358703,
              39.870294104565836
            ],
            [
              -122.0479661888729,
              39.87069194850192
            ],
            [
              -122.04765373595247,
              39.87109933621102
            ],
            [
              -122.04626485518327,
              39.87270516643732
            ],
            [
              -122.04609151177446,
              39.8729245470424
            ],
            [
              -122.04591736078022,
              39.87325197993906
            ],
            [
              -122.04570959572636,
              39.873547615131095
            ],
            [
              -122.04562069754752,
              39.87369679419974
            ],
            [
              -122.04562067419131,
              39.87369683418605
            ],
            [
              -122.04536236722463,
              39.87413029501294
            ],
            [
              -122.04511903427544,
              39.87438966326938
            ],
            [
              -122.04470211806724,
              39.874886279234
            ],
            [
              -122.0446851183488,
              39.87501668696725
            ],
            [
              -122.04430336938734,
              39.87571177498196
            ],
            [
              -122.04412914473123,
              39.876102370893456
            ],
            [
              -122.04392138866055,
              39.876483675704904
            ],
            [
              -122.04336581928487,
              39.877127766696695
            ],
            [
              -122.04218465506051,
              39.87812266503029
            ],
            [
              -122.04136937914292,
              39.87904396594815
            ],
            [
              -122.04109138200353,
              39.87942446094762
            ],
            [
              -122.04084854402603,
              39.879859517976705
            ],
            [
              -122.04081385288637,
              39.88004395633598
            ],
            [
              -122.04081370017278,
              39.880476394031504
            ],
            [
              -122.04088297734921,
              39.88105799963978
            ],
            [
              -122.04088298812897,
              39.8810580692638
            ],
            [
              -122.04095230123798,
              39.88133349785112
            ],
            [
              -122.04105665942285,
              39.881613544606715
            ],
            [
              -122.04117832365166,
              39.88183981905717
            ],
            [
              -122.04117834071967,
              39.881839848009356
            ],
            [
              -122.04147292345417,
              39.88220266811005
            ],
            [
              -122.04147294501372,
              39.882202694994106
            ],
            [
              -122.0420636969075,
              39.882775138559964
            ],
            [
              -122.04206372385696,
              39.88277516406514
            ],
            [
              -122.04216787003942,
              39.88285261569191
            ],
            [
              -122.04216790148045,
              39.882852637750474
            ],
            [
              -122.04279301393385,
              39.88315062007083
            ],
            [
              -122.04279304896814,
              39.883150636614666
            ],
            [
              -122.04524023497355,
              39.88392307812943
            ],
            [
              -122.04524035355116,
              39.88392312017781
            ],
            [
              -122.02997960192634,
              39.883886453284155
            ],
            [
              -122.00110764449016,
              39.883663903782214
            ],
            [
              -122.00110718724767,
              39.88374052722143
            ],
            [
              -122.00110717916283,
              39.883740579609785
            ],
            [
              -121.99434473536584,
              39.88367749580147
            ],
            [
              -121.97797139025425,
              39.883589791494266
            ],
            [
              -121.98999902121516,
              39.84198335008219
            ]
          ]
        ]
      }
    },
    {
      "type": "Feature",
      "properties": {
        "zone_label": "23N01W10M001M",
        "rms_well_swn": "23N01W10M001M",
        "mgmt_area_full": "01-Vina-North",
        "mgmt_area": "North",
        "workbook_mgmt_area": "01-Vina-North",
        "reassigned": false,
        "well_in_chico_mgmt_area": false,
        "is_aggregate": false,
        "is_marker_only": false,
        "seed_lat": 39.86194,
        "seed_lon": -121.97455,
        "area_acres": 3521.6
      },
      "geometry": {
        "type": "Polygon",
        "coordinates": [
          [
            [
              -121.9400911637257,
              39.86833181987133
            ],
            [
              -121.96875557404132,
              39.8401730404174
            ],
            [
              -121.9779308661877,
              39.83922583622495
            ],
            [
              -121.98999902121516,
              39.84198335008219
            ],
            [
              -121.97797139025425,
              39.883589791494266
            ],
            [
              -121.97572516582568,
              39.883577589778916
            ],
            [
              -121.95661913789792,
              39.883452353768405
            ],
            [
              -121.94114417710168,
              39.88340593038198
            ],
            [
              -121.9400911637257,
              39.86833181987133
            ]
          ]
        ]
      }
    },
    {
      "type": "Feature",
      "properties": {
        "zone_label": "23N01W14R002M",
        "rms_well_swn": "23N01W14R002M",
        "mgmt_area_full": "01-Vina-North",
        "mgmt_area": "North",
        "workbook_mgmt_area": "01-Vina-North",
        "reassigned": false,
        "well_in_chico_mgmt_area": false,
        "is_aggregate": false,
        "is_marker_only": false,
        "seed_lat": 39.84105,
        "seed_lon": -121.93992,
        "area_acres": 3974.7
      },
      "geometry": {
        "type": "Polygon",
        "coordinates": [
          [
            [
              -121.9400911637257,
              39.86833181987133
            ],
            [
              -121.90525783809652,
              39.83795343173361
            ],
            [
              -121.92162535676009,
              39.82094669649574
            ],
            [
              -121.93782945658533,
              39.818707281154595
            ],
            [
              -121.96875557404132,
              39.8401730404174
            ],
            [
              -121.9400911637257,
              39.86833181987133
            ]
          ]
        ]
      }
    },
    {
      "type": "Feature",
      "properties": {
        "zone_label": "23N01W27L001M",
        "rms_well_swn": "23N01W27L001M",
        "mgmt_area_full": "01-Vina-North",
        "mgmt_area": "North",
        "workbook_mgmt_area": "01-Vina-North",
        "reassigned": false,
        "well_in_chico_mgmt_area": false,
        "is_aggregate": false,
        "is_marker_only": false,
        "seed_lat": 39.818,
        "seed_lon": -121.9669,
        "area_acres": 3166.1
      },
      "geometry": {
        "type": "Polygon",
        "coordinates": [
          [
            [
              -121.96875557404132,
              39.8401730404174
            ],
            [
              -121.93782945658533,
              39.818707281154595
            ],
            [
              -121.96856650580953,
              39.78608489740561
            ],
            [
              -121.98025344087226,
              39.795765657061104
            ],
            [
              -121.9779308661877,
              39.83922583622495
            ],
            [
              -121.96875557404132,
              39.8401730404174
            ]
          ]
        ]
      }
    },
    {
      "type": "Feature",
      "properties": {
        "zone_label": "23N01W28M004M",
        "rms_well_swn": "23N01W28M004M",
        "mgmt_area_full": "01-Vina-North",
        "mgmt_area": "North",
        "workbook_mgmt_area": "01-Vina-North",
        "reassigned": false,
        "well_in_chico_mgmt_area": false,
        "is_aggregate": false,
        "is_marker_only": false,
        "seed_lat": 39.81877,
        "seed_lon": -121.99119,
        "area_acres": 3359.1
      },
      "geometry": {
        "type": "Polygon",
        "coordinates": [
          [
            [
              -121.98025344087226,
              39.795765657061104
            ],
            [
              -122.01703391253001,
              39.808733651039994
            ],
            [
              -122.01316580712263,
              39.841445037573614
            ],
            [
              -121.98999902121516,
              39.84198335008219
            ],
            [
              -121.9779308661877,
              39.83922583622495
            ],
            [
              -121.98025344087226,
              39.795765657061104
            ]
          ]
        ]
      }
    },
    {
      "type": "Feature",
      "properties": {
        "zone_label": "22N01E20K001M",
        "rms_well_swn": "22N01E20K001M",
        "mgmt_area_full": "01-Vina-North",
        "mgmt_area": "North",
        "workbook_mgmt_area": "02-Vina-Chico",
        "reassigned": true,
        "well_in_chico_mgmt_area": true,
        "is_aggregate": false,
        "is_marker_only": false,
        "seed_lat": 39.7445,
        "seed_lon": -121.8905,
        "area_acres": 8147.1
      },
      "geometry": {
        "type": "MultiPolygon",
        "coordinates": [
          [
            [
              [
                -121.89821816310757,
                39.76823102606314
              ],
              [
                -121.89821770887865,
                39.768105445290665
              ],
              [
                -121.8982043416306,
                39.76810557210424
              ],
              [
                -121.89820432257234,
                39.76810030135531
              ],
              [
                -121.89779208003586,
                39.76810421100332
              ],
              [
                -121.88383037134415,
                39.76394773445055
              ],
              [
                -121.88425716371061,
                39.763695449094875
              ],
              [
                -121.88463001252707,
                39.763475038870176
              ],
              [
                -121.88509611196211,
                39.76319953164937
              ],
              [
                -121.88555243607297,
                39.76292978005657
              ],
              [
                -121.88602657117548,
                39.7626623388225
              ],
              [
                -121.88649305119009,
                39.762387230767935
              ],
              [
                -121.8869595135599,
                39.76211210911413
              ],
              [
                -121.88743575878235,
                39.7618312378463
              ],
              [
                -121.88751079090117,
                39.76178698299074
              ],
              [
                -121.88656282156452,
                39.760828888339994
              ],
              [
                -121.8855915424516,
                39.75985563134805
              ],
              [
                -121.88306845382874,
                39.75733342863261
              ],
              [
                -121.88419008711726,
                39.75732199890324
              ],
              [
                -121.88421441979771,
                39.75734630048147
              ],
              [
                -121.88507455167004,
                39.757337528471886
              ],
              [
                -121.88701644039668,
                39.7573173125328
              ],
              [
                -121.88736825441435,
                39.75731426486459
              ],
              [
                -121.88800835715824,
                39.75732424489148
              ],
              [
                -121.88788741290695,
                39.757215526858204
              ],
              [
                -121.88749269457048,
                39.75681908286318
              ],
              [
                -121.88739795023935,
                39.756724988167065
              ],
              [
                -121.88736231069615,
                39.75668816151074
              ],
              [
                -121.88722139648259,
                39.75654662539134
              ],
              [
                -121.8870804816499,
                39.75640510170407
              ],
              [
                -121.88688646491053,
                39.75621022677516
              ],
              [
                -121.88659434316358,
                39.75591683324004
              ],
              [
                -121.88630005576887,
                39.75562125542196
              ],
              [
                -121.88587268397184,
                39.755874755395865
              ],
              [
                -121.88530664087286,
                39.756210486305015
              ],
              [
                -121.88492608736242,
                39.75643619847742
              ],
              [
                -121.8844488323756,
                39.75671925139082
              ],
              [
                -121.88356502368836,
                39.757243435483815
              ],
              [
                -121.8826996655283,
                39.75643120128776
              ],
              [
                -121.8820963466417,
                39.755825179339844
              ],
              [
                -121.88181044234061,
                39.755537616464565
              ],
              [
                -121.88068790760819,
                39.7544085845275
              ],
              [
                -121.88047564781293,
                39.75419509315984
              ],
              [
                -121.88011611044504,
                39.75383344998946
              ],
              [
                -121.8798832754273,
                39.753599257964346
              ],
              [
                -121.8795941171361,
                39.75330841307599
              ],
              [
                -121.87926038156718,
                39.752972715191966
              ],
              [
                -121.8792655793017,
                39.75296962834494
              ],
              [
                -121.88045526673059,
                39.7522631007192
              ],
              [
                -121.88101311133057,
                39.7519277994483
              ],
              [
                -121.88286617437993,
                39.75081394201848
              ],
              [
                -121.88295722542458,
                39.75075972617882
              ],
              [
                -121.88150755313106,
                39.74933407646437
              ],
              [
                -121.8824309726788,
                39.748774542509885
              ],
              [
                -121.88335437458558,
                39.74821500186449
              ],
              [
                -121.88330162905285,
                39.74815437915528
              ],
              [
                -121.88302918344259,
                39.74788310296682
              ],
              [
                -121.88266955998341,
                39.7475250144916
              ],
              [
                -121.88262217976346,
                39.74747783347557
              ],
              [
                -121.88224294427003,
                39.74710021309365
              ],
              [
                -121.88192678626447,
                39.746785398292346
              ],
              [
                -121.88192180499547,
                39.74678861801963
              ],
              [
                -121.8819134052353,
                39.746780253901115
              ],
              [
                -121.88286469769413,
                39.746224511325515
              ],
              [
                -121.88370907058324,
                39.74571113817552
              ],
              [
                -121.88377472893842,
                39.74567203796792
              ],
              [
                -121.88388102872611,
                39.74563146017604
              ],
              [
                -121.88477918950983,
                39.74509418616391
              ],
              [
                -121.88511227814061,
                39.74523638459824
              ],
              [
                -121.8854710011536,
                39.745389526834145
              ],
              [
                -121.8867829370039,
                39.74594959669197
              ],
              [
                -121.88828443765937,
                39.74659055769729
              ],
              [
                -121.88883750831758,
                39.74682664514372
              ],
              [
                -121.88950526242581,
                39.74711168405955
              ],
              [
                -121.89007027762858,
                39.74735285848803
              ],
              [
                -121.89048121027965,
                39.74752826455291
              ],
              [
                -121.89089212983644,
                39.74770365744911
              ],
              [
                -121.89294782300679,
                39.74858107226367
              ],
              [
                -121.89346153139634,
                39.748800280056756
              ],
              [
                -121.89397525931524,
                39.74901949641308
              ],
              [
                -121.89448897412692,
                39.749238698786144
              ],
              [
                -121.895016776304,
                39.74944104540454
              ],
              [
                -121.89505582327543,
                39.74938751072091
              ],
              [
                -121.89609126370624,
                39.74982877942571
              ],
              [
                -121.89711125586189,
                39.75026345771393
              ],
              [
                -121.89802400757348,
                39.7506524159386
              ],
              [
                -121.89828630823764,
                39.75076420048951
              ],
              [
                -121.8985143958583,
                39.75086139284603
              ],
              [
                -121.89878814126315,
                39.75097803266709
              ],
              [
                -121.8991873102577,
                39.751148135307965
              ],
              [
                -121.90021317616882,
                39.75159674656203
              ],
              [
                -121.90113702865328,
                39.752000745517165
              ],
              [
                -121.90312129019574,
                39.752853622657156
              ],
              [
                -121.90312293885232,
                39.752852027117534
              ],
              [
                -121.90364153011546,
                39.75306309703979
              ],
              [
                -121.90929250175792,
                39.7555328715646
              ],
              [
                -121.90940213051958,
                39.75529472869495
              ],
              [
                -121.90943196459143,
                39.75518381296649
              ],
              [
                -121.90996288049112,
                39.75320967065067
              ],
              [
                -121.91027612564035,
                39.7520448800154
              ],
              [
                -121.9103453849743,
                39.75178369630361
              ],
              [
                -121.91028241868631,
                39.751771945215516
              ],
              [
                -121.90990521077028,
                39.751788175545315
              ],
              [
                -121.90495569084896,
                39.75086897294253
              ],
              [
                -121.90459100246586,
                39.750754477754406
              ],
              [
                -121.9043223313118,
                39.75068211473136
              ],
              [
                -121.90394812757802,
                39.750572399296715
              ],
              [
                -121.90349240550464,
                39.75034397591518
              ],
              [
                -121.90343970749154,
                39.75028589948637
              ],
              [
                -121.90331646114822,
                39.750185570015745
              ],
              [
                -121.90331155236977,
                39.749656208593585
              ],
              [
                -121.90330608670295,
                39.74906641280235
              ],
              [
                -121.9025031974185,
                39.749070867379345
              ],
              [
                -121.90250864236451,
                39.74966064067835
              ],
              [
                -121.90251302723983,
                39.75013168052305
              ],
              [
                -121.90019882296987,
                39.749160366804674
              ],
              [
                -121.90019190657466,
                39.748411311963565
              ],
              [
                -121.90018572106678,
                39.74774156658656
              ],
              [
                -121.89955119761031,
                39.74774506373656
              ],
              [
                -121.89955737706072,
                39.74841480914591
              ],
              [
                -121.8995617761716,
                39.748892979100624
              ],
              [
                -121.898651722918,
                39.74851098446848
              ],
              [
                -121.89629491420897,
                39.7475112988221
              ],
              [
                -121.8962721714711,
                39.74539561418243
              ],
              [
                -121.89626882780699,
                39.745007233810306
              ],
              [
                -121.89626102074368,
                39.74420902677719
              ],
              [
                -121.89625500737675,
                39.74366546701571
              ],
              [
                -121.89626013119019,
                39.743562088562236
              ],
              [
                -121.89545086279767,
                39.74356615209528
              ],
              [
                -121.89448689165113,
                39.74357050876354
              ],
              [
                -121.89369091166489,
                39.74357445995058
              ],
              [
                -121.89289762675195,
                39.74357837308125
              ],
              [
                -121.89073516840403,
                39.743589035841985
              ],
              [
                -121.89052674300062,
                39.7435889214637
              ],
              [
                -121.89052675985674,
                39.743559426981946
              ],
              [
                -121.88848116651926,
                39.74356241120134
              ],
              [
                -121.88848862024078,
                39.7430127227167
              ],
              [
                -121.88823961631827,
                39.743013251258034
              ],
              [
                -121.88823931499849,
                39.74290065810587
              ],
              [
                -121.88823639885204,
                39.741832482422154
              ],
              [
                -121.88823554595511,
                39.74151759809999
              ],
              [
                -121.88688387273025,
                39.74151801561029
              ],
              [
                -121.88688473472746,
                39.74183289995651
              ],
              [
                -121.8858887643078,
                39.74183319876549
              ],
              [
                -121.88400944674727,
                39.74183263198653
              ],
              [
                -121.8835311927666,
                39.74185066658782
              ],
              [
                -121.8835401077207,
                39.74183526152995
              ],
              [
                -121.8835493681041,
                39.7418195619569
              ],
              [
                -121.88355829386887,
                39.74180372695039
              ],
              [
                -121.88357279630341,
                39.74177114863232
              ],
              [
                -121.8836040889604,
                39.74170648364572
              ],
              [
                -121.88361042350668,
                39.741689937238405
              ],
              [
                -121.88361640817338,
                39.74167331302639
              ],
              [
                -121.88362198579887,
                39.741656608251084
              ],
              [
                -121.8836271843605,
                39.74163983645059
              ],
              [
                -121.8836320190452,
                39.74162298593089
              ],
              [
                -121.8836364746502,
                39.74160607829358
              ],
              [
                -121.88364053834124,
                39.74158911442614
              ],
              [
                -121.88364422178608,
                39.741572093440176
              ],
              [
                -121.88364751330002,
                39.741555027032696
              ],
              [
                -121.88365042569674,
                39.74153792692524
              ],
              [
                -121.88365294499556,
                39.74152078139495
              ],
              [
                -121.88365508517744,
                39.74150360216473
              ],
              [
                -121.88365683220718,
                39.74148641083702
              ],
              [
                -121.88365818612208,
                39.741469184894946
              ],
              [
                -121.88365972965883,
                39.7414346994352
              ],
              [
                -121.88365991985025,
                39.74141639332941
              ],
              [
                -121.88365811535448,
                39.74039673845053
              ],
              [
                -121.88367669607837,
                39.7403732436869
              ],
              [
                -121.88378169861495,
                39.740293296851085
              ],
              [
                -121.88380272321663,
                39.74026234406276
              ],
              [
                -121.88381113632413,
                39.74026115874249
              ],
              [
                -121.8838060533762,
                39.74025744134111
              ],
              [
                -121.88380701622032,
                39.740256023824166
              ],
              [
                -121.88329430009381,
                39.73988104757292
              ],
              [
                -121.88190907101699,
                39.7392300501165
              ],
              [
                -121.88190886997754,
                39.73878180936552
              ],
              [
                -121.88190475487086,
                39.73878723380881
              ],
              [
                -121.88190371407877,
                39.736470809350315
              ],
              [
                -121.88190359698746,
                39.73622016519526
              ],
              [
                -121.88190348929545,
                39.735989581883075
              ],
              [
                -121.88189409839688,
                39.73569528860245
              ],
              [
                -121.88197260252757,
                39.73569490671224
              ],
              [
                -121.88198231877237,
                39.73569485944304
              ],
              [
                -121.88198101392419,
                39.73563301292582
              ],
              [
                -121.88198251535026,
                39.73563300177248
              ],
              [
                -121.88198177740779,
                39.735514924159794
              ],
              [
                -121.8819659050833,
                39.734642306176404
              ],
              [
                -121.88194912729892,
                39.733720133815595
              ],
              [
                -121.88193394052206,
                39.73288513086709
              ],
              [
                -121.88199829767393,
                39.732349377979844
              ],
              [
                -121.88199458851899,
                39.732110419928574
              ],
              [
                -121.88199112815963,
                39.731887517071634
              ],
              [
                -121.88198721798348,
                39.731635852903786
              ],
              [
                -121.88198428881506,
                39.73144727264044
              ],
              [
                -121.88197938966564,
                39.731131758720174
              ],
              [
                -121.88197612283058,
                39.7311317745166
              ],
              [
                -121.88197609216306,
                39.731129799562126
              ],
              [
                -121.88195406642919,
                39.730799181228534
              ],
              [
                -121.88193008958676,
                39.73043762582943
              ],
              [
                -121.88191077508084,
                39.73014637292604
              ],
              [
                -121.88188765777889,
                39.72979777280638
              ],
              [
                -121.8818544964995,
                39.7292977076429
              ],
              [
                -121.88182277824731,
                39.72883581492459
              ],
              [
                -121.88181582234319,
                39.72871450098153
              ],
              [
                -121.88179944398891,
                39.72846751248879
              ],
              [
                -121.88185682142762,
                39.72846240360831
              ],
              [
                -121.88197196388748,
                39.728422960667146
              ],
              [
                -121.8821336058414,
                39.72834794018748
              ],
              [
                -121.88222257139388,
                39.72830374807296
              ],
              [
                -121.88230707411603,
                39.72826401556228
              ],
              [
                -121.88249819248936,
                39.72817124617483
              ],
              [
                -121.88255537385044,
                39.728139811074854
              ],
              [
                -121.88256576376503,
                39.72813409817565
              ],
              [
                -121.88264315272845,
                39.72809155298671
              ],
              [
                -121.88275726392234,
                39.727980030039426
              ],
              [
                -121.88288653239003,
                39.72787766250855
              ],
              [
                -121.88299328368683,
                39.72777056295332
              ],
              [
                -121.88302441120975,
                39.72773933286355
              ],
              [
                -121.88308708846374,
                39.727637946724975
              ],
              [
                -121.88311577616234,
                39.72759154400807
              ],
              [
                -121.8832071393183,
                39.72748881387508
              ],
              [
                -121.88333676531549,
                39.72736392470159
              ],
              [
                -121.88357344264678,
                39.72715896450037
              ],
              [
                -121.88370345222457,
                39.72705660956821
              ],
              [
                -121.88379487826263,
                39.726994415412435
              ],
              [
                -121.88388631687708,
                39.72693222050974
              ],
              [
                -121.88413801673487,
                39.72679048216458
              ],
              [
                -121.88419010195335,
                39.72677338596577
              ],
              [
                -121.88419264867717,
                39.72677254998259
              ],
              [
                -121.88435135673336,
                39.726720457848295
              ],
              [
                -121.88464178206472,
                39.72666468803384
              ],
              [
                -121.8848709557684,
                39.726653375297566
              ],
              [
                -121.88506119019952,
                39.72665969976263
              ],
              [
                -121.88529050853197,
                39.72668442624635
              ],
              [
                -121.88550411802508,
                39.72673151770573
              ],
              [
                -121.88550415395768,
                39.72673153083275
              ],
              [
                -121.88557817154383,
                39.7267541182785
              ],
              [
                -121.88557820927306,
                39.72675413002374
              ],
              [
                -121.88558304939583,
                39.7267556057762
              ],
              [
                -121.88558308712508,
                39.72675561821241
              ],
              [
                -121.88565652529786,
                39.72677802878112
              ],
              [
                -121.88565656123048,
                39.72677804052639
              ],
              [
                -121.88570641233886,
                39.72678753342466
              ],
              [
                -121.88574454402604,
                39.72679478989484
              ],
              [
                -121.88578118450984,
                39.72680176309725
              ],
              [
                -121.88583105268623,
                39.726811253228675
              ],
              [
                -121.88599999614674,
                39.726826393495465
              ],
              [
                -121.88612201970166,
                39.72682412459751
              ],
              [
                -121.88615975253687,
                39.726823422648515
              ],
              [
                -121.88619327407001,
                39.72681432771048
              ],
              [
                -121.88632015661233,
                39.72677990317962
              ],
              [
                -121.88643412856736,
                39.72672244140977
              ],
              [
                -121.88660956055921,
                39.72665203772219
              ],
              [
                -121.88673717433015,
                39.72663524479253
              ],
              [
                -121.88680102568225,
                39.726626842108125
              ],
              [
                -121.88696121865358,
                39.726596849587615
              ],
              [
                -121.88702576620001,
                39.726575578940334
              ],
              [
                -121.88706750641968,
                39.72656182386754
              ],
              [
                -121.88720548405405,
                39.72655414108931
              ],
              [
                -121.8873577341217,
                39.7265646088745
              ],
              [
                -121.88754833865865,
                39.726548419767894
              ],
              [
                -121.88770123371664,
                39.72651834983274
              ],
              [
                -121.88773583502476,
                39.72650384857892
              ],
              [
                -121.88786936869343,
                39.72644788306502
              ],
              [
                -121.88808241134959,
                39.72635080762155
              ],
              [
                -121.88824274715307,
                39.726266747912526
              ],
              [
                -121.88848699548556,
                39.72613394432095
              ],
              [
                -121.88862398676976,
                39.726049659804254
              ],
              [
                -121.8886851683288,
                39.726009698687434
              ],
              [
                -121.88874633461651,
                39.725969747220084
              ],
              [
                -121.88895201378226,
                39.72583205836116
              ],
              [
                -121.88908994200932,
                39.72573426972713
              ],
              [
                -121.88913914004247,
                39.725691924110905
              ],
              [
                -121.88921935869902,
                39.72562287907544
              ],
              [
                -121.88924114553961,
                39.72559904486296
              ],
              [
                -121.88930039931407,
                39.7255342253254
              ],
              [
                -121.88931184564743,
                39.72552170400609
              ],
              [
                -121.889333666624,
                39.72549783244957
              ],
              [
                -121.88939021557113,
                39.72544703549643
              ],
              [
                -121.88941801393759,
                39.72542206536924
              ],
              [
                -121.88945157679323,
                39.72540398152233
              ],
              [
                -121.8894957837867,
                39.72538016381592
              ],
              [
                -121.88951659595519,
                39.72536894828707
              ],
              [
                -121.88956170306056,
                39.725347259951626
              ],
              [
                -121.88960846576099,
                39.7253247749904
              ],
              [
                -121.88966421880076,
                39.7253042812243
              ],
              [
                -121.8896764269055,
                39.725299793764414
              ],
              [
                -121.88974162752712,
                39.72527582747641
              ],
              [
                -121.88977570781238,
                39.72526329989198
              ],
              [
                -121.88982294931488,
                39.72524981124875
              ],
              [
                -121.88986728656401,
                39.725237151695715
              ],
              [
                -121.88999772373988,
                39.725197849927994
              ],
              [
                -121.89011969968413,
                39.72514045869451
              ],
              [
                -121.89026472550022,
                39.72505624689093
              ],
              [
                -121.89043248228626,
                39.7250082982463
              ],
              [
                -121.89056531347238,
                39.72495550419286
              ],
              [
                -121.89073058102677,
                39.724934189511586
              ],
              [
                -121.8907604275521,
                39.724930340431776
              ],
              [
                -121.89086703601674,
                39.72492234241508
              ],
              [
                -121.89092856791875,
                39.72493194266053
              ],
              [
                -121.89096360850306,
                39.72493741124159
              ],
              [
                -121.89102083477992,
                39.72494633922613
              ],
              [
                -121.89108235680048,
                39.724955939468266
              ],
              [
                -121.89113985616517,
                39.72497045072042
              ],
              [
                -121.89128641989703,
                39.725007431841526
              ],
              [
                -121.89128645403304,
                39.72500744704162
              ],
              [
                -121.89133486963358,
                39.72503632512055
              ],
              [
                -121.89133490287124,
                39.72503634446613
              ],
              [
                -121.8913532276047,
                39.72504727470221
              ],
              [
                -121.89135326084238,
                39.72504729404776
              ],
              [
                -121.89140922678291,
                39.72508067685733
              ],
              [
                -121.89140925732562,
                39.72508069827559
              ],
              [
                -121.89149272518856,
                39.72514904119706
              ],
              [
                -121.89149275573129,
                39.72514906468804
              ],
              [
                -121.89151645059353,
                39.72515418779618
              ],
              [
                -121.89164537410815,
                39.72518206191989
              ],
              [
                -121.89166870245776,
                39.72518228439327
              ],
              [
                -121.89169130227368,
                39.72518249788479
              ],
              [
                -121.89175255030807,
                39.72518308239565
              ],
              [
                -121.89182109445919,
                39.72518374152477
              ],
              [
                -121.89198893478859,
                39.725176328048335
              ],
              [
                -121.89216429491519,
                39.72515548394597
              ],
              [
                -121.89220452057529,
                39.725151355750356
              ],
              [
                -121.89232499902793,
                39.72513898774385
              ],
              [
                -121.89233861569102,
                39.72513461910995
              ],
              [
                -121.89246133993187,
                39.72509524750171
              ],
              [
                -121.8925987624074,
                39.72502898486499
              ],
              [
                -121.89275931470486,
                39.72493140305698
              ],
              [
                -121.89287855707569,
                39.72484736925398
              ],
              [
                -121.89290506186813,
                39.72482869037873
              ],
              [
                -121.89294222247649,
                39.72480250263556
              ],
              [
                -121.89304953342369,
                39.724704423047505
              ],
              [
                -121.89317719211043,
                39.72463338441977
              ],
              [
                -121.89322464651364,
                39.7246069775817
              ],
              [
                -121.89344606955306,
                39.72448745507635
              ],
              [
                -121.89359100913089,
                39.72440774933933
              ],
              [
                -121.89361775916342,
                39.724391378705555
              ],
              [
                -121.893728718169,
                39.72432347169441
              ],
              [
                -121.89384288955003,
                39.72425247343838
              ],
              [
                -121.89396486190098,
                39.72419506690873
              ],
              [
                -121.89416302396448,
                39.72411586866106
              ],
              [
                -121.89437700895334,
                39.72405033607914
              ],
              [
                -121.89456723170633,
                39.724011599500784
              ],
              [
                -121.89482730835414,
                39.72398253997083
              ],
              [
                -121.89500986578282,
                39.723966263201625
              ],
              [
                -121.89518515763747,
                39.72394991180891
              ],
              [
                -121.89536108370268,
                39.7239380700707
              ],
              [
                -121.89548307401995,
                39.72392571981055
              ],
              [
                -121.89553274905856,
                39.72393018041392
              ],
              [
                -121.89565128535354,
                39.72394082409205
              ],
              [
                -121.89575766654444,
                39.72394634940749
              ],
              [
                -121.89583904941762,
                39.723964283015476
              ],
              [
                -121.89586448790982,
                39.723969889166995
              ],
              [
                -121.89602453086252,
                39.72399393812874
              ],
              [
                -121.89613951971047,
                39.72400854493086
              ],
              [
                -121.89620018204329,
                39.72400010807109
              ],
              [
                -121.89626128724554,
                39.724009696008316
              ],
              [
                -121.8963676540634,
                39.72406024874294
              ],
              [
                -121.89636768640274,
                39.724060268779674
              ],
              [
                -121.89642105711042,
                39.72405175661572
              ],
              [
                -121.89652085724352,
                39.72410224851843
              ],
              [
                -121.89652088688793,
                39.72410227062785
              ],
              [
                -121.89657402493192,
                39.72415230786716
              ],
              [
                -121.89657405457632,
                39.724152330667636
              ],
              [
                -121.89666540605421,
                39.72413968265863
              ],
              [
                -121.89675770974627,
                39.72411352919983
              ],
              [
                -121.89681040312422,
                39.724145545127854
              ],
              [
                -121.89681043815851,
                39.72414556170998
              ],
              [
                -121.89685611928735,
                39.72415949897708
              ],
              [
                -121.89685615342333,
                39.72415951625011
              ],
              [
                -121.89691768802028,
                39.724142073938175
              ],
              [
                -121.89695508758051,
                39.724128917409026
              ],
              [
                -121.89706213532133,
                39.724138937154315
              ],
              [
                -121.89710044397664,
                39.724157315665515
              ],
              [
                -121.8971004772143,
                39.72415733570226
              ],
              [
                -121.89726810643957,
                39.72416343170139
              ],
              [
                -121.89740547950777,
                39.72414671693075
              ],
              [
                -121.89756537154351,
                39.7241347121688
              ],
              [
                -121.8976955158686,
                39.72411342556158
              ],
              [
                -121.89780978426771,
                39.724082974557334
              ],
              [
                -121.89792408680276,
                39.7240480235617
              ],
              [
                -121.89805414309296,
                39.7239861894267
              ],
              [
                -121.89813827121765,
                39.72392391028139
              ],
              [
                -121.89829091834059,
                39.723817250922
              ],
              [
                -121.89845873082218,
                39.723674677752946
              ],
              [
                -121.89856490899385,
                39.723508999664695
              ],
              [
                -121.89861884384351,
                39.72341941458849
              ],
              [
                -121.8986802275235,
                39.723365942207785
              ],
              [
                -121.89879437644665,
                39.72329492914733
              ],
              [
                -121.89887785419106,
                39.723228162473895
              ],
              [
                -121.89893921451485,
                39.72312963361372
              ],
              [
                -121.89900766074959,
                39.723044693184285
              ],
              [
                -121.89908439484117,
                39.722896755388305
              ],
              [
                -121.89916026565174,
                39.7228028712105
              ],
              [
                -121.89924459949063,
                39.72272708596827
              ],
              [
                -121.89943516001017,
                39.72262077298975
              ],
              [
                -121.89957265075766,
                39.7225499926987
              ],
              [
                -121.89964912703276,
                39.72251017326883
              ],
              [
                -121.89995395415471,
                39.722463519744956
              ],
              [
                -121.90001468026796,
                39.72245057224996
              ],
              [
                -121.900190184125,
                39.72246574387553
              ],
              [
                -121.90033584864327,
                39.72243109883692
              ],
              [
                -121.90044208610371,
                39.72244560509292
              ],
              [
                -121.90064835636095,
                39.72245206467701
              ],
              [
                -121.90083884950683,
                39.722350258272975
              ],
              [
                -121.9009909684204,
                39.722230067861965
              ],
              [
                -121.9010906185349,
                39.72215441948755
              ],
              [
                -121.9011977713786,
                39.722065337730434
              ],
              [
                -121.90126598225476,
                39.72194885511687
              ],
              [
                -121.90135030351722,
                39.72182802211859
              ],
              [
                -121.90141100896918,
                39.72172498214603
              ],
              [
                -121.90151042462335,
                39.72161780117525
              ],
              [
                -121.901617497517,
                39.72153321886727
              ],
              [
                -121.90166267109768,
                39.72148859192432
              ],
              [
                -121.90179252616528,
                39.72144026906835
              ],
              [
                -121.90193716121422,
                39.72137856663913
              ],
              [
                -121.90198359962282,
                39.72134747944453
              ],
              [
                -121.90212065289079,
                39.72130371675982
              ],
              [
                -121.90223459879469,
                39.721291284495784
              ],
              [
                -121.90231159249934,
                39.72126498002038
              ],
              [
                -121.90247883814402,
                39.72124854438212
              ],
              [
                -121.90259344700459,
                39.7212406212519
              ],
              [
                -121.9026625005005,
                39.72125477951947
              ],
              [
                -121.9027687460458,
                39.72135937483075
              ],
              [
                -121.90276877389356,
                39.72135940039589
              ],
              [
                -121.9028449528263,
                39.72142767169226
              ],
              [
                -121.90284498696225,
                39.72142769034783
              ],
              [
                -121.90298998313393,
                39.72147861048696
              ],
              [
                -121.90299001726994,
                39.72147862914258
              ],
              [
                -121.90309755369427,
                39.72145711646624
              ],
              [
                -121.90317344247116,
                39.7214082746857
              ],
              [
                -121.90333329318439,
                39.721306169632086
              ],
              [
                -121.90346335306788,
                39.72124432958375
              ],
              [
                -121.90366199123844,
                39.72113358462822
              ],
              [
                -121.9037838054859,
                39.72108517515451
              ],
              [
                -121.90386034194812,
                39.721040855395515
              ],
              [
                -121.90405841956996,
                39.72096613712167
              ],
              [
                -121.90418773654666,
                39.720904285022186
              ],
              [
                -121.90425704246914,
                39.7208553924104
              ],
              [
                -121.90439395470162,
                39.72077558781412
              ],
              [
                -121.90452362112296,
                39.72069122281527
              ],
              [
                -121.90459965093537,
                39.7206333745633
              ],
              [
                -121.9047295509187,
                39.72058053915764
              ],
              [
                -121.90494338588894,
                39.72052399465019
              ],
              [
                -121.90511134569424,
                39.72046250836201
              ],
              [
                -121.90521784007288,
                39.72041396091653
              ],
              [
                -121.90534022385222,
                39.72032952085156
              ],
              [
                -121.90546216566048,
                39.720227066647546
              ],
              [
                -121.90554585540727,
                39.72014675692219
              ],
              [
                -121.90560727951146,
                39.72008876172959
              ],
              [
                -121.90565275133285,
                39.72002613081904
              ],
              [
                -121.90570593159764,
                39.719936530162705
              ],
              [
                -121.90577495095756,
                39.71986059321315
              ],
              [
                -121.90585876826515,
                39.719771288074966
              ],
              [
                -121.90595039822075,
                39.719740617498964
              ],
              [
                -121.90605712436474,
                39.71972359970421
              ],
              [
                -121.9061333886374,
                39.719697288412206
              ],
              [
                -121.90630136371406,
                39.719770936373465
              ],
              [
                -121.90630139695173,
                39.71977095572059
              ],
              [
                -121.90648446192854,
                39.71976816629346
              ],
              [
                -121.90685098354759,
                39.719600437702894
              ],
              [
                -121.90696543250807,
                39.71955647145596
              ],
              [
                -121.90712579346436,
                39.719467876930416
              ],
              [
                -121.90722183594465,
                39.7194266855297
              ],
              [
                -121.90726914032919,
                39.71940640352002
              ],
              [
                -121.90746876305333,
                39.7193134315074
              ],
              [
                -121.90755659942347,
                39.71928249055858
              ],
              [
                -121.90760652509205,
                39.719224627305486
              ],
              [
                -121.90771326471071,
                39.71920760731049
              ],
              [
                -121.90794195422248,
                39.7191782244544
              ],
              [
                -121.90797509486995,
                39.719177879659675
              ],
              [
                -121.90817095814464,
                39.71917587377006
              ],
              [
                -121.90842243072862,
                39.71918274893413
              ],
              [
                -121.90857502934256,
                39.71921571309051
              ],
              [
                -121.90880392007696,
                39.71926741427751
              ],
              [
                -121.90902499457006,
                39.71930553510279
              ],
              [
                -121.90914717443185,
                39.719369737932006
              ],
              [
                -121.90914721126278,
                39.71936975451533
              ],
              [
                -121.90929943797418,
                39.71942522758555
              ],
              [
                -121.90929947211019,
                39.71942524624169
              ],
              [
                -121.90956655112564,
                39.71945928681108
              ],
              [
                -121.90979549036905,
                39.719461441941654
              ],
              [
                -121.9100171209193,
                39.719463523138565
              ],
              [
                -121.91012415967698,
                39.71947353457919
              ],
              [
                -121.91059783144482,
                39.719346582163205
              ],
              [
                -121.91099690441655,
                39.719128129709894
              ],
              [
                -121.91122800590486,
                39.718917353285036
              ],
              [
                -121.9115539892501,
                39.71877227072752
              ],
              [
                -121.91183346321982,
                39.71853417196123
              ],
              [
                -121.91218356812709,
                39.71838005404436
              ],
              [
                -121.91250908883997,
                39.718262744321166
              ],
              [
                -121.9128216423717,
                39.71821012544931
              ],
              [
                -121.91317158558222,
                39.71806525975458
              ],
              [
                -121.91332916625271,
                39.71795563945201
              ],
              [
                -121.913487173623,
                39.71781823309604
              ],
              [
                -121.91366857671652,
                39.71771809549202
              ],
              [
                -121.91377762320887,
                39.71764504027795
              ],
              [
                -121.91406047843732,
                39.717573617789675
              ],
              [
                -121.91428908799904,
                39.71752021481178
              ],
              [
                -121.91450586854508,
                39.71745742471429
              ],
              [
                -121.91472192415068,
                39.71744092874344
              ],
              [
                -121.91505814020533,
                39.71740703159458
              ],
              [
                -121.91566917605823,
                39.71743126595715
              ],
              [
                -121.91614764213473,
                39.717500536855994
              ],
              [
                -121.9162783020928,
                39.71757581512938
              ],
              [
                -121.91627833443218,
                39.717575835858916
              ],
              [
                -121.9165293309091,
                39.717624467529866
              ],
              [
                -121.91697285701264,
                39.717628604467954
              ],
              [
                -121.9172723831761,
                39.717640655967585
              ],
              [
                -121.91769104750587,
                39.71770010843571
              ],
              [
                -121.91830238429436,
                39.717705808379655
              ],
              [
                -121.91876821915967,
                39.717432400560725
              ],
              [
                -121.9190593784146,
                39.7172129007209
              ],
              [
                -121.91938518030018,
                39.71707706281987
              ],
              [
                -121.9195902566964,
                39.71699564521929
              ],
              [
                -121.91984241649159,
                39.71697021252115
              ],
              [
                -121.92008259186257,
                39.71694467063667
              ],
              [
                -121.92042974670245,
                39.71697566307686
              ],
              [
                -121.92042978263505,
                39.71697566584078
              ],
              [
                -121.9206563368514,
                39.71705183330349
              ],
              [
                -121.92065637368232,
                39.71705184781436
              ],
              [
                -121.92082285755562,
                39.71713670510541
              ],
              [
                -121.92082289079329,
                39.71713672514419
              ],
              [
                -121.92108673587369,
                39.71712991956634
              ],
              [
                -121.92140026767079,
                39.717012475737164
              ],
              [
                -121.92160491826556,
                39.71695881734816
              ],
              [
                -121.92178500532721,
                39.71694198059831
              ],
              [
                -121.92214489917609,
                39.71692681259441
              ],
              [
                -121.92259589117796,
                39.71721797881326
              ],
              [
                -121.92259592441566,
                39.717218000234034
              ],
              [
                -121.92297588213641,
                39.71745297336608
              ],
              [
                -121.92297591357747,
                39.71745299547772
              ],
              [
                -121.92346665243737,
                39.71750383908796
              ],
              [
                -121.92484145301282,
                39.71736843362824
              ],
              [
                -121.92524695882027,
                39.717501795145246
              ],
              [
                -121.92524699026133,
                39.71750181449301
              ],
              [
                -121.92536510614477,
                39.71761398525877
              ],
              [
                -121.92536513039924,
                39.71761401082521
              ],
              [
                -121.92551793293079,
                39.71780983002824
              ],
              [
                -121.92551795988027,
                39.717809853521715
              ],
              [
                -121.92572157920908,
                39.71782099081674
              ],
              [
                -121.92586729582962,
                39.717701978934954
              ],
              [
                -121.92606138403328,
                39.717555638296474
              ],
              [
                -121.92631511947347,
                39.717428372096116
              ],
              [
                -121.9266647644433,
                39.717301985982154
              ],
              [
                -121.92689451666206,
                39.71717448921364
              ],
              [
                -121.92713640601862,
                39.71703784761235
              ],
              [
                -121.92728124768009,
                39.71697438266614
              ],
              [
                -121.92749787551253,
                39.71692083273365
              ],
              [
                -121.92773789367837,
                39.7169045301129
              ],
              [
                -121.92797834573047,
                39.71686045158824
              ],
              [
                -121.92812290442261,
                39.71681549408986
              ],
              [
                -121.92827872978505,
                39.71681693688735
              ],
              [
                -121.9284465512498,
                39.716818490934905
              ],
              [
                -121.92883628353917,
                39.716812835141255
              ],
              [
                -121.92906587406118,
                39.71669457816067
              ],
              [
                -121.92925937566496,
                39.71658525971836
              ],
              [
                -121.92940366845578,
                39.71655882077647
              ],
              [
                -121.92963168602772,
                39.71654240474655
              ],
              [
                -121.92978750959352,
                39.71654384824066
              ],
              [
                -121.92999112263414,
                39.7165549698472
              ],
              [
                -121.92999115766843,
                39.71655497192023
              ],
              [
                -121.93005075459934,
                39.71657403308513
              ],
              [
                -121.93005078873531,
                39.71657405036001
              ],
              [
                -121.93027868054311,
                39.71656688748097
              ],
              [
                -121.93045934252653,
                39.716512997952115
              ],
              [
                -121.93065200061226,
                39.716459225850734
              ],
              [
                -121.93078440330198,
                39.7164234113885
              ],
              [
                -121.93097706138771,
                39.71636962816141
              ],
              [
                -121.93149463831506,
                39.716235522320424
              ],
              [
                -121.93174949485275,
                39.716034176153805
              ],
              [
                -121.93188377681805,
                39.71587801833377
              ],
              [
                -121.93198139224842,
                39.715767820329305
              ],
              [
                -121.93204503519132,
                39.715527681009846
              ],
              [
                -121.93204500464861,
                39.71552765820661
              ],
              [
                -121.93186723703703,
                39.715396430854796
              ],
              [
                -121.93171583677568,
                39.71510801892156
              ],
              [
                -121.93171581431778,
                39.715107992663086
              ],
              [
                -121.93140889412119,
                39.71479966792543
              ],
              [
                -121.93140888334142,
                39.71479963821175
              ],
              [
                -121.93120072033389,
                39.714307046311035
              ],
              [
                -121.93122754672322,
                39.714122129782346
              ],
              [
                -121.93124511327862,
                39.71337235102389
              ],
              [
                -121.93124169788386,
                39.71281680188977
              ],
              [
                -121.93143762404061,
                39.71255012405633
              ],
              [
                -121.93159830479716,
                39.71223680340807
              ],
              [
                -121.93190422786381,
                39.71183225863737
              ],
              [
                -121.9320025385902,
                39.71167575545601
              ],
              [
                -121.93235284292344,
                39.71150306895562
              ],
              [
                -121.93255975188283,
                39.711301277068415
              ],
              [
                -121.9326945952952,
                39.71110809026355
              ],
              [
                -121.93270728669351,
                39.71067305983465
              ],
              [
                -121.93254477247547,
                39.71032900061496
              ],
              [
                -121.9326703344943,
                39.709959818139204
              ],
              [
                -121.93281729797647,
                39.7097574827066
              ],
              [
                -121.93289077208189,
                39.709656323751624
              ],
              [
                -121.93299137441053,
                39.70935170365859
              ],
              [
                -121.93301748035103,
                39.709213070097285
              ],
              [
                -121.93314246385482,
                39.70888091426518
              ],
              [
                -121.93333878167701,
                39.70867144721437
              ],
              [
                -121.93343496968437,
                39.70856881328965
              ],
              [
                -121.9335454085654,
                39.708403172166776
              ],
              [
                -121.9336068991449,
                39.70830189236029
              ],
              [
                -121.9336913623412,
                39.70787677512065
              ],
              [
                -121.93389695437038,
                39.70775830309626
              ],
              [
                -121.93412481743206,
                39.707751133081935
              ],
              [
                -121.93428190852075,
                39.70766924628325
              ],
              [
                -121.93445056002882,
                39.70761525305088
              ],
              [
                -121.93475218645347,
                39.70748840044032
              ],
              [
                -121.93483735752217,
                39.707405854030725
              ],
              [
                -121.93493509781834,
                39.70728638810082
              ],
              [
                -121.93512856438782,
                39.70717706027709
              ],
              [
                -121.93538111495016,
                39.70712383100725
              ],
              [
                -121.93566860458718,
                39.70713572815556
              ],
              [
                -121.93591002412485,
                39.70702683064394
              ],
              [
                -121.93616398234725,
                39.706881022306334
              ],
              [
                -121.9361783796463,
                39.70672376150903
              ],
              [
                -121.93620490959157,
                39.70655735298476
              ],
              [
                -121.9363159126146,
                39.70635468068343
              ],
              [
                -121.93650466033392,
                39.70616197969331
              ],
              [
                -121.93696307960656,
                39.70597175093367
              ],
              [
                -121.93736156238512,
                39.705780970838525
              ],
              [
                -121.93776132616128,
                39.70550686611181
              ],
              [
                -121.93818348673409,
                39.70533481934235
              ],
              [
                -121.93855715175631,
                39.70519935751271
              ],
              [
                -121.93876029407971,
                39.704849391682245
              ],
              [
                -121.93882419573747,
                39.70432403392092
              ],
              [
                -121.93887734366291,
                39.70397728290447
              ],
              [
                -121.93929593433081,
                39.70162366092488
              ],
              [
                -121.94127544482289,
                39.69900915943162
              ],
              [
                -121.94137579023341,
                39.698876633735246
              ],
              [
                -121.94137581718286,
                39.69887657913241
              ],
              [
                -121.94137582886096,
                39.69887662820586
              ],
              [
                -121.9414184602094,
                39.69906252006342
              ],
              [
                -121.94168577278683,
                39.69974892792942
              ],
              [
                -121.94195302877037,
                39.70041240874923
              ],
              [
                -121.94224970907104,
                39.70109877346979
              ],
              [
                -121.94266486278464,
                39.701693525496005
              ],
              [
                -121.94305103145729,
                39.702700159781536
              ],
              [
                -121.94364449716154,
                39.70388988820334
              ],
              [
                -121.94414891377,
                39.70464470044948
              ],
              [
                -121.94509826414205,
                39.70599434863446
              ],
              [
                -121.94563238085041,
                39.70686360465044
              ],
              [
                -121.94601818840032,
                39.70764166915951
              ],
              [
                -121.94610776121392,
                39.70825943030468
              ],
              [
                -121.94610847178132,
                39.70906033146634
              ],
              [
                -121.94599056610363,
                39.70963242873552
              ],
              [
                -121.94575431008222,
                39.71034199668663
              ],
              [
                -121.94566607575841,
                39.71109718546029
              ],
              [
                -121.94554810809696,
                39.71171513956307
              ],
              [
                -121.9455781666247,
                39.71224157228056
              ],
              [
                -121.94581596595175,
                39.713042378841024
              ],
              [
                -121.94602396097434,
                39.71354559948767
              ],
              [
                -121.94635046444412,
                39.71430055279507
              ],
              [
                -121.94673648938634,
                39.71494119182673
              ],
              [
                -121.94738899237105,
                39.71571883009923
              ],
              [
                -121.94807117209949,
                39.71640498866506
              ],
              [
                -121.94869388964435,
                39.716953677738246
              ],
              [
                -121.94943535189334,
                39.71743394768457
              ],
              [
                -121.94976163707253,
                39.71795990420212
              ],
              [
                -121.95005862998691,
                39.71850897130806
              ],
              [
                -121.95020754640652,
                39.71926406168917
              ],
              [
                -121.95023775944446,
                39.719767567226505
              ],
              [
                -121.95020837285658,
                39.72015653540961
              ],
              [
                -121.95000160223775,
                39.72077464051435
              ],
              [
                -121.94985417522489,
                39.72148407726905
              ],
              [
                -121.94952870841091,
                39.722056381044176
              ],
              [
                -121.94905532051071,
                39.722766063022725
              ],
              [
                -121.94858173228619,
                39.72333860212946
              ],
              [
                -121.94804884806639,
                39.72391095476947
              ],
              [
                -121.94742725341563,
                39.72459780082314
              ],
              [
                -121.94698336978261,
                39.72517014508396
              ],
              [
                -121.94668747281287,
                39.72569668168947
              ],
              [
                -121.94662890355464,
                39.72649754344466
              ],
              [
                -121.94665942291812,
                39.727390114235455
              ],
              [
                -121.94671949146452,
                39.72828249660605
              ],
              [
                -121.94672052452711,
                39.72926654181554
              ],
              [
                -121.94678066583705,
                39.730319138069085
              ],
              [
                -121.9471369825945,
                39.731005406292624
              ],
              [
                -121.94743388477907,
                39.73150877013921
              ],
              [
                -121.94781969682055,
                39.732103420273084
              ],
              [
                -121.94844267128356,
                39.732629467320976
              ],
              [
                -121.9490359025275,
                39.73301813428595
              ],
              [
                -121.94968810547493,
                39.733223568248754
              ],
              [
                -121.95039953434903,
                39.73333761322176
              ],
              [
                -121.95084399110719,
                39.73329159775167
              ],
              [
                -121.95149604493427,
                39.73317687983313
              ],
              [
                -121.95191086806787,
                39.73303919845919
              ],
              [
                -121.95223666186861,
                39.732833161539304
              ],
              [
                -121.95250294856994,
                39.732421016077275
              ],
              [
                -121.95270987459735,
                39.73191753868505
              ],
              [
                -121.95300547152978,
                39.73116199480153
              ],
              [
                -121.95341955984146,
                39.73024646581457
              ],
              [
                -121.95395183680014,
                39.729262242530176
              ],
              [
                -121.95430662193002,
                39.728415170319174
              ],
              [
                -121.95457244779563,
                39.72759117300173
              ],
              [
                -121.95486796118475,
                39.726881623590835
              ],
              [
                -121.95501526243348,
                39.72601196830316
              ],
              [
                -121.95519208411905,
                39.7250049797917
              ],
              [
                -121.95527997708307,
                39.72415821317241
              ],
              [
                -121.95539744617952,
                39.723128398227885
              ],
              [
                -121.95548508941191,
                39.721938423941815
              ],
              [
                -121.95578033600138,
                39.72095416911756
              ],
              [
                -121.95634275682772,
                39.72047302336618
              ],
              [
                -121.95705313646958,
                39.7198775543151
              ],
              [
                -121.95749718718925,
                39.719465383225476
              ],
              [
                -121.95808953359266,
                39.7191217402936
              ],
              [
                -121.95897788386533,
                39.718709236473416
              ],
              [
                -121.95995538474342,
                39.71841120960158
              ],
              [
                -121.9610514919851,
                39.718135756509255
              ],
              [
                -121.96232559590878,
                39.71804326439857
              ],
              [
                -121.96309631089667,
                39.7182029862335
              ],
              [
                -121.96371891705041,
                39.71854581700787
              ],
              [
                -121.96428243112648,
                39.718888604619494
              ],
              [
                -121.96499403247708,
                39.71934577096488
              ],
              [
                -121.96570562394626,
                39.7197344319743
              ],
              [
                -121.96641742382457,
                39.72019158718513
              ],
              [
                -121.96680342451225,
                39.7206947439275
              ],
              [
                -121.96730787705333,
                39.721220759182884
              ],
              [
                -121.96772332451604,
                39.72174679184529
              ],
              [
                -121.96802067675655,
                39.72254745419435
              ],
              [
                -121.96805117366213,
                39.72316531055282
              ],
              [
                -121.96799263404833,
                39.723897543245215
              ],
              [
                -121.96790484169561,
                39.72460703492781
              ],
              [
                -121.9676981618066,
                39.72527088677756
              ],
              [
                -121.96728423429334,
                39.72604917824517
              ],
              [
                -121.9668402491507,
                39.72659881173496
              ],
              [
                -121.96636699869272,
                39.727308562341754
              ],
              [
                -121.96595313585819,
                39.72799527782728
              ],
              [
                -121.96574618198301,
                39.72845320387304
              ],
              [
                -121.96521303276022,
                39.728842497517455
              ],
              [
                -121.96470950728052,
                39.72907180457934
              ],
              [
                -121.96399870004059,
                39.72934690240709
              ],
              [
                -121.96313949201407,
                39.729530544225284
              ],
              [
                -121.9621023726455,
                39.729760201339886
              ],
              [
                -121.9617470404416,
                39.73008081249858
              ],
              [
                -121.9613920549874,
                39.73058441660602
              ],
              [
                -121.96115572710079,
                39.73117952653001
              ],
              [
                -121.96109714885944,
                39.731797541807275
              ],
              [
                -121.96103866763612,
                39.73257562834014
              ],
              [
                -121.96089149304984,
                39.73346822130215
              ],
              [
                -121.96059631203738,
                39.73440663992199
              ],
              [
                -121.96044880776941,
                39.73500159872003
              ],
              [
                -121.96027172108083,
                39.735711246240896
              ],
              [
                -121.96053946305295,
                39.73662648297581
              ],
              [
                -121.96071792506226,
                39.73701537954263
              ],
              [
                -121.96110376315487,
                39.73763306065731
              ],
              [
                -121.9613414726504,
                39.73806757149247
              ],
              [
                -121.96169794840964,
                39.738685297748496
              ],
              [
                -121.96208389519843,
                39.73921126279009
              ],
              [
                -121.96261821851931,
                39.73987453675985
              ],
              [
                -121.96321195192151,
                39.74069791892106
              ],
              [
                -121.96386504509938,
                39.74147561901368
              ],
              [
                -121.96442889245039,
                39.741932766839525
              ],
              [
                -121.96455739047494,
                39.741948363416476
              ],
              [
                -121.96061842772073,
                39.748513976786434
              ],
              [
                -121.90885765603717,
                39.771397039197055
              ],
              [
                -121.89821816310757,
                39.76823102606314
              ]
            ]
          ],
          [
            [
              [
                -121.71359852875385,
                39.71310397270556
              ],
              [
                -121.71604672019637,
                39.71181465882873
              ],
              [
                -121.7168310712838,
                39.711481211055435
              ],
              [
                -121.71361839864102,
                39.71310992511506
              ],
              [
                -121.71359852875385,
                39.71310397270556
              ]
            ]
          ],
          [
            [
              [
                -121.6065613499732,
                39.63069480427935
              ],
              [
                -121.59737810369067,
                39.63066867214508
              ],
              [
                -121.59443427958887,
                39.629937508032185
              ],
              [
                -121.5924529131774,
                39.62922100318172
              ],
              [
                -121.59245132477638,
                39.629220044917346
              ],
              [
                -121.59442099868171,
                39.62993232194007
              ],
              [
                -121.59736482249875,
                39.63066348573707
              ],
              [
                -121.606548067242,
                39.63068961904323
              ],
              [
                -121.60743354497947,
                39.630817461812974
              ],
              [
                -121.60912333501817,
                39.63135782239532
              ],
              [
                -121.60912751591131,
                39.63136009678586
              ],
              [
                -121.6074468283319,
                39.63082264756639
              ],
              [
                -121.6065613499732,
                39.63069480427935
              ]
            ]
          ],
          [
            [
              [
                -121.6603643422194,
                39.53235978497036
              ],
              [
                -121.66035126630337,
                39.53304101924363
              ],
              [
                -121.66033592321739,
                39.53188895219011
              ],
              [
                -121.66034915170795,
                39.53188909050551
              ],
              [
                -121.6603643422194,
                39.53235978497036
              ]
            ]
          ],
          [
            [
              [
                -121.66044012319843,
                39.534884070073225
              ],
              [
                -121.6604369233994,
                39.53576708101595
              ],
              [
                -121.66043343793609,
                39.5367300785865
              ],
              [
                -121.66043018244152,
                39.53780082767033
              ],
              [
                -121.66043018244152,
                39.53780092258191
              ],
              [
                -121.66042977121164,
                39.5379363836683
              ],
              [
                -121.6604164670769,
                39.53793635682595
              ],
              [
                -121.66035129702111,
                39.53304332571352
              ],
              [
                -121.66039107338732,
                39.53405178261174
              ],
              [
                -121.66044012319843,
                39.534884070073225
              ]
            ]
          ],
          [
            [
              [
                -121.67905056036801,
                39.534233420335454
              ],
              [
                -121.67904795890666,
                39.537782123823895
              ],
              [
                -121.67904795714826,
                39.537782123849674
              ],
              [
                -121.67905055956712,
                39.53423344318989
              ],
              [
                -121.67905056036801,
                39.534233420335454
              ]
            ]
          ],
          [
            [
              [
                -121.67909337066038,
                39.534052343111725
              ],
              [
                -121.67909011336609,
                39.53406611854604
              ],
              [
                -121.67909337057863,
                39.53405234310504
              ],
              [
                -121.67909337066038,
                39.534052343111725
              ]
            ]
          ],
          [
            [
              [
                -121.6796560007124,
                39.53410235447466
              ],
              [
                -121.67965603125513,
                39.5341023773378
              ],
              [
                -121.68336307749706,
                39.536726153205905
              ],
              [
                -121.68336310803981,
                39.536726176761
              ],
              [
                -121.68426170539492,
                39.537418145329866
              ],
              [
                -121.68426173593762,
                39.537418168191905
              ],
              [
                -121.68621093637371,
                39.53880382696403
              ],
              [
                -121.68621096691645,
                39.53880384982563
              ],
              [
                -121.68842063027589,
                39.540349154584334
              ],
              [
                -121.68842066171692,
                39.54034917744541
              ],
              [
                -121.68997694982754,
                39.54143569516174
              ],
              [
                -121.68997698216691,
                39.541435717329755
              ],
              [
                -121.69030059845137,
                39.54165561829404
              ],
              [
                -121.69030063079072,
                39.54165563907642
              ],
              [
                -121.6972834061741,
                39.5464687971215
              ],
              [
                -121.6972834367168,
                39.54646881790246
              ],
              [
                -121.69813704284923,
                39.54705712355627
              ],
              [
                -121.69816442468446,
                39.55235759905594
              ],
              [
                -121.69815115698414,
                39.55235781326982
              ],
              [
                -121.69812374785285,
                39.5470519515027
              ],
              [
                -121.69462064774636,
                39.544637488911874
              ],
              [
                -121.69028731566398,
                39.54165044630702
              ],
              [
                -121.689963665789,
                39.541430523219375
              ],
              [
                -121.6884073468803,
                39.54034398278382
              ],
              [
                -121.68619765186371,
                39.53879865526652
              ],
              [
                -121.68424842284145,
                39.53741297329979
              ],
              [
                -121.68334979637784,
                39.536720981655854
              ],
              [
                -121.6796428850305,
                39.53409729999018
              ],
              [
                -121.67964963884357,
                39.534097852517576
              ],
              [
                -121.6796560007124,
                39.53410235447466
              ]
            ]
          ],
          [
            [
              [
                -121.70595317633851,
                39.55222790839501
              ],
              [
                -121.70595321227113,
                39.5522279277889
              ],
              [
                -121.70645514144455,
                39.55250265429753
              ],
              [
                -121.7064551746822,
                39.552502675769354
              ],
              [
                -121.70733665826255,
                39.553145605688925
              ],
              [
                -121.70733657710207,
                39.553150066988835
              ],
              [
                -121.70644185551316,
                39.55249748126705
              ],
              [
                -121.7059400602313,
                39.55222282876449
              ],
              [
                -121.70594363263696,
                39.55222268449633
              ],
              [
                -121.70595317633851,
                39.55222790839501
              ]
            ]
          ],
          [
            [
              [
                -121.7074286906337,
                39.54879409439684
              ],
              [
                -121.70744028159582,
                39.548152428209335
              ],
              [
                -121.70744025105313,
                39.54815240535092
              ],
              [
                -121.70737530555303,
                39.54810468372157
              ],
              [
                -121.70737531363784,
                39.548104633155745
              ],
              [
                -121.70737794390502,
                39.53759546302286
              ],
              [
                -121.70737794554087,
                39.53759546305345
              ],
              [
                -121.70737531574935,
                39.54810463285573
              ],
              [
                -121.70744028481415,
                39.54815237660893
              ],
              [
                -121.70734990516972,
                39.55315521003067
              ],
              [
                -121.70734990390767,
                39.55315520911013
              ],
              [
                -121.70734998653676,
                39.553150691253414
              ],
              [
                -121.7074286906337,
                39.54879409439684
              ]
            ]
          ],
          [
            [
              [
                -121.7148810226026,
                39.537595528837606
              ],
              [
                -121.71487896905388,
                39.53760072959003
              ],
              [
                -121.71470936353496,
                39.53803042040508
              ],
              [
                -121.71470934197541,
                39.53803046889984
              ],
              [
                -121.71453067155699,
                39.53840197680363
              ],
              [
                -121.71453065448898,
                39.53840202460539
              ],
              [
                -121.71411718242159,
                39.539524325867156
              ],
              [
                -121.71411716984517,
                39.53952437643917
              ],
              [
                -121.71395870163916,
                39.54013035097183
              ],
              [
                -121.71395869265602,
                39.54013040292898
              ],
              [
                -121.71284195201055,
                39.54653765963113
              ],
              [
                -121.71284194392571,
                39.54653771089068
              ],
              [
                -121.71267477733281,
                39.54761208242975
              ],
              [
                -121.71267477014631,
                39.54761213368872
              ],
              [
                -121.71248725491556,
                39.54890153587086
              ],
              [
                -121.71248725132232,
                39.54890158712874
              ],
              [
                -121.71241745851293,
                39.54993715229463
              ],
              [
                -121.71228840653922,
                39.551851851099
              ],
              [
                -121.71228840025103,
                39.55185190235471
              ],
              [
                -121.71204391835654,
                39.55356541299967
              ],
              [
                -121.7120439219498,
                39.553565464254135
              ],
              [
                -121.71223811256141,
                39.55648674343334
              ],
              [
                -121.71223811256141,
                39.556486795378206
              ],
              [
                -121.71223061881531,
                39.55689167342136
              ],
              [
                -121.71223062510352,
                39.556891724673335
              ],
              [
                -121.71238034910856,
                39.558443688875414
              ],
              [
                -121.7123803580917,
                39.55844373804847
              ],
              [
                -121.71249236902449,
                39.55900253134892
              ],
              [
                -121.71242101404484,
                39.5594707509207
              ],
              [
                -121.71242101045158,
                39.55947080286344
              ],
              [
                -121.71238061411155,
                39.560011047279744
              ],
              [
                -121.71238059794187,
                39.560011102684804
              ],
              [
                -121.71255343020928,
                39.56029448654152
              ],
              [
                -121.71255345536211,
                39.56029451147361
              ],
              [
                -121.71274026272039,
                39.56177193360002
              ],
              [
                -121.71274026631365,
                39.56177198415588
              ],
              [
                -121.71292374361717,
                39.564750528840506
              ],
              [
                -121.7129237508037,
                39.56475057870168
              ],
              [
                -121.71317706583234,
                39.56653235369621
              ],
              [
                -121.71322659624217,
                39.56673384752038
              ],
              [
                -121.71322660073375,
                39.56673389807263
              ],
              [
                -121.71324245959175,
                39.566963440088564
              ],
              [
                -121.71324245959175,
                39.56696349133309
              ],
              [
                -121.71324280544316,
                39.5674883830806
              ],
              [
                -121.71324280364654,
                39.56748843432472
              ],
              [
                -121.71321829580896,
                39.568269686591385
              ],
              [
                -121.71321829401232,
                39.56826973783493
              ],
              [
                -121.71316656632332,
                39.56916345336796
              ],
              [
                -121.713166565425,
                39.56916350461084
              ],
              [
                -121.71314119161148,
                39.569991408683144
              ],
              [
                -121.71314118442496,
                39.5699914599255
              ],
              [
                -121.71303158097716,
                39.57075232578474
              ],
              [
                -121.71303157468891,
                39.57075237702649
              ],
              [
                -121.71290487450464,
                39.57162193154245
              ],
              [
                -121.71290487001306,
                39.57162198278351
              ],
              [
                -121.71285013386617,
                39.57213459619527
              ],
              [
                -121.71285011410322,
                39.572134645358645
              ],
              [
                -121.71281867666157,
                39.572204239921874
              ],
              [
                -121.71281866767838,
                39.57220429047019
              ],
              [
                -121.71265413404758,
                39.572400777399785
              ],
              [
                -121.71203756906414,
                39.5731132988986
              ],
              [
                -121.71196482079746,
                39.573240799830344
              ],
              [
                -121.71196194169698,
                39.57339626361118
              ],
              [
                -121.71196194888351,
                39.573396314158465
              ],
              [
                -121.71197514244008,
                39.573497556989395
              ],
              [
                -121.71207714440311,
                39.573556673710016
              ],
              [
                -121.71207126385906,
                39.57355579436231
              ],
              [
                -121.7119618213835,
                39.57349236540254
              ],
              [
                -121.71194861146732,
                39.57339111959355
              ],
              [
                -121.71195149019006,
                39.57323561420702
              ],
              [
                -121.7120242463801,
                39.573108103672794
              ],
              [
                -121.71264081012781,
                39.57239558172193
              ],
              [
                -121.71280534523869,
                39.572199095422334
              ],
              [
                -121.71283680349703,
                39.57212945261761
              ],
              [
                -121.71289154394039,
                39.57161678734508
              ],
              [
                -121.71301825087448,
                39.57074718209361
              ],
              [
                -121.71312786104176,
                39.56998626477405
              ],
              [
                -121.71315323626533,
                39.569158309584054
              ],
              [
                -121.71320496603232,
                39.568264542968436
              ],
              [
                -121.71322947506104,
                39.56748323940948
              ],
              [
                -121.71322912923736,
                39.56695829656386
              ],
              [
                -121.71321326639402,
                39.56672870314922
              ],
              [
                -121.71316374413807,
                39.56652715891508
              ],
              [
                -121.71291041448632,
                39.564745385740686
              ],
              [
                -121.71272693388447,
                39.5617667897052
              ],
              [
                -121.7125401192478,
                39.56028931816406
              ],
              [
                -121.71236728486407,
                39.560005904565735
              ],
              [
                -121.71240768550138,
                39.55946560832259
              ],
              [
                -121.7124790471297,
                39.55899733699092
              ],
              [
                -121.71236702051965,
                39.55843854580878
              ],
              [
                -121.71221729083322,
                39.556886530476966
              ],
              [
                -121.71222478393895,
                39.55648160102284
              ],
              [
                -121.71203059023846,
                39.55356027037688
              ],
              [
                -121.71227507920952,
                39.551846708820506
              ],
              [
                -121.71247392783822,
                39.54889639366278
              ],
              [
                -121.7126614496751,
                39.547606940507144
              ],
              [
                -121.71282862331655,
                39.546532517782914
              ],
              [
                -121.71394537405844,
                39.540125210022
              ],
              [
                -121.71410385483792,
                39.539519183834486
              ],
              [
                -121.71451734436427,
                39.53839683479846
              ],
              [
                -121.71469603631421,
                39.53802527953438
              ],
              [
                -121.71486562553159,
                39.53759562852814
              ],
              [
                -121.71488098667001,
                39.537595517753026
              ],
              [
                -121.7148810226026,
                39.537595528837606
              ]
            ]
          ],
          [
            [
              [
                -121.71710268026774,
                39.57354231763761
              ],
              [
                -121.7172209668311,
                39.57395811396375
              ],
              [
                -121.71718757555367,
                39.574662518870475
              ],
              [
                -121.71718757555367,
                39.57466257010939
              ],
              [
                -121.71718501805006,
                39.577750043339535
              ],
              [
                -121.71718501715176,
                39.57775009457608
              ],
              [
                -121.71717231677027,
                39.57811612007723
              ],
              [
                -121.7171723185669,
                39.578116171313525
              ],
              [
                -121.71717552555248,
                39.578310770674506
              ],
              [
                -121.71717552645076,
                39.57831082191064
              ],
              [
                -121.71719132332504,
                39.581508952813074
              ],
              [
                -121.71719132691832,
                39.5815090047393
              ],
              [
                -121.7172135961542,
                39.58195873214949
              ],
              [
                -121.7172135961542,
                39.581958784075276
              ],
              [
                -121.7171846399734,
                39.584006954647954
              ],
              [
                -121.71717121480171,
                39.58400847625412
              ],
              [
                -121.7172002632634,
                39.581953588122424
              ],
              [
                -121.7171779906009,
                39.58150380884111
              ],
              [
                -121.7171621936333,
                39.57830562657415
              ],
              [
                -121.7171589849167,
                39.57811097627535
              ],
              [
                -121.71717168618409,
                39.57774489919573
              ],
              [
                -121.71717424439363,
                39.57465737502286
              ],
              [
                -121.71720763763913,
                39.573952919229775
              ],
              [
                -121.71708936515519,
                39.57353722561289
              ],
              [
                -121.71710121781047,
                39.57353731207429
              ],
              [
                -121.71710268026774,
                39.57354231763761
              ]
            ]
          ],
          [
            [
              [
                -121.72164197160298,
                39.5835568460488
              ],
              [
                -121.72164777022815,
                39.58356016991609
              ],
              [
                -121.7216478034658,
                39.58356018930115
              ],
              [
                -121.72183373586499,
                39.58366676689799
              ],
              [
                -121.72183376730602,
                39.583666787667894
              ],
              [
                -121.7220584772811,
                39.58382472112931
              ],
              [
                -121.72205850872211,
                39.58382474397597
              ],
              [
                -121.72397479488622,
                39.5851973902019
              ],
              [
                -121.72397482453061,
                39.58519741443281
              ],
              [
                -121.72426327446668,
                39.58542782854906
              ],
              [
                -121.72426330590771,
                39.58542785070298
              ],
              [
                -121.72997569010448,
                39.589165902347276
              ],
              [
                -121.72997572424043,
                39.58916592103862
              ],
              [
                -121.7303028412596,
                39.58931413079535
              ],
              [
                -121.73030286910736,
                39.58931415294797
              ],
              [
                -121.73035618861105,
                39.58937256740922
              ],
              [
                -121.73035621825545,
                39.58937258956181
              ],
              [
                -121.73084273952513,
                39.589657669923085
              ],
              [
                -121.73084277276278,
                39.58965768930658
              ],
              [
                -121.73591007951958,
                39.59265751627528
              ],
              [
                -121.735906616789,
                39.59265816326479
              ],
              [
                -121.73273162826202,
                39.59077863510887
              ],
              [
                -121.7308294427077,
                39.58965249560449
              ],
              [
                -121.73034288943775,
                39.58936739625142
              ],
              [
                -121.73028954657772,
                39.58930895495436
              ],
              [
                -121.72996239493087,
                39.58916072937928
              ],
              [
                -121.72424997923426,
                39.58542265582652
              ],
              [
                -121.72396149999297,
                39.585192217852935
              ],
              [
                -121.72204518299307,
                39.583819548664955
              ],
              [
                -121.72182044225684,
                39.583661592257585
              ],
              [
                -121.72163478654429,
                39.58355517262294
              ],
              [
                -121.72164193567039,
                39.583556837740794
              ],
              [
                -121.72164197160298,
                39.5835568460488
              ]
            ]
          ],
          [
            [
              [
                -121.74903211126559,
                39.58835109538896
              ],
              [
                -121.7490320816212,
                39.588351072543816
              ],
              [
                -121.7477819492409,
                39.587153384863626
              ],
              [
                -121.74778199146171,
                39.587153359941134
              ],
              [
                -121.74778199182074,
                39.587153359733584
              ],
              [
                -121.74903212106321,
                39.58835104393928
              ],
              [
                -121.74907688058057,
                39.58858195434843
              ],
              [
                -121.74907182827987,
                39.58859918930645
              ],
              [
                -121.749076868028,
                39.58858199607413
              ],
              [
                -121.74903211126559,
                39.58835109538896
              ]
            ]
          ],
          [
            [
              [
                -121.75973877360755,
                39.579968112526345
              ],
              [
                -121.75973880864184,
                39.57996812983543
              ],
              [
                -121.76072723927525,
                39.58044601040348
              ],
              [
                -121.7607256010355,
                39.58044647655102
              ],
              [
                -121.7597255575538,
                39.57996297992561
              ],
              [
                -121.75972670384338,
                39.57996227728241
              ],
              [
                -121.75973877360755,
                39.579968112526345
              ]
            ]
          ],
          [
            [
              [
                -121.77425182328543,
                39.57668506704439
              ],
              [
                -121.77955527729686,
                39.59081727834211
              ],
              [
                -121.77955529436487,
                39.59081730603242
              ],
              [
                -121.77968963921224,
                39.591038741625866
              ],
              [
                -121.77968965628023,
                39.591038769316
              ],
              [
                -121.78115067895328,
                39.59514077936408
              ],
              [
                -121.78395665118485,
                39.602684967078325
              ],
              [
                -121.78437933008561,
                39.60409730180615
              ],
              [
                -121.78458302666955,
                39.60477791202292
              ],
              [
                -121.78519785970113,
                39.60658759886997
              ],
              [
                -121.78533761599977,
                39.60686218612369
              ],
              [
                -121.78551578515828,
                39.60723649374777
              ],
              [
                -121.78555980077716,
                39.607325012614474
              ],
              [
                -121.78554899731161,
                39.60732489991038
              ],
              [
                -121.78550244577872,
                39.60723130237485
              ],
              [
                -121.78532427789693,
                39.60685699413618
              ],
              [
                -121.785184521468,
                39.606582406544746
              ],
              [
                -121.78456968887097,
                39.60477271975501
              ],
              [
                -121.78394331271478,
                39.60267977533419
              ],
              [
                -121.78300382720496,
                39.60015403045711
              ],
              [
                -121.78256929135897,
                39.598985750726484
              ],
              [
                -121.78113734250923,
                39.595135587627084
              ],
              [
                -121.78077513765068,
                39.59411868706259
              ],
              [
                -121.77967632926028,
                39.591033575026174
              ],
              [
                -121.77954196802922,
                39.59081211052138
              ],
              [
                -121.7742385004105,
                39.57667997359457
              ],
              [
                -121.77424898910071,
                39.576677630010295
              ],
              [
                -121.77425182328543,
                39.57668506704439
              ]
            ]
          ],
          [
            [
              [
                -121.79792682982895,
                39.5928818331774
              ],
              [
                -121.79790043582192,
                39.59299100694454
              ],
              [
                -121.7979268291736,
                39.592881835481506
              ],
              [
                -121.79792682982895,
                39.5928818331774
              ]
            ]
          ],
          [
            [
              [
                -121.80112134432515,
                39.588480181993404
              ],
              [
                -121.80112180875415,
                39.58849385865481
              ],
              [
                -121.8013402520818,
                39.594942532915105
              ],
              [
                -121.8013402350138,
                39.59494258829223
              ],
              [
                -121.80147761892947,
                39.595181007933654
              ],
              [
                -121.80146723804063,
                39.59518093276426
              ],
              [
                -121.80132690502114,
                39.59493739445231
              ],
              [
                -121.80110846429754,
                39.58848876930799
              ],
              [
                -121.80112131468073,
                39.588480201377266
              ],
              [
                -121.80112134432515,
                39.588480181993404
              ]
            ]
          ],
          [
            [
              [
                -121.83843023579065,
                39.59223285178753
              ],
              [
                -121.83843023579065,
                39.592232800561646
              ],
              [
                -121.8384183079603,
                39.59174278741788
              ],
              [
                -121.8383990938947,
                39.59168815669994
              ],
              [
                -121.83834274347522,
                39.59154289753848
              ],
              [
                -121.83834275066175,
                39.59154284561985
              ],
              [
                -121.8383402740065,
                39.59149318162977
              ],
              [
                -121.83834027220986,
                39.591493130403364
              ],
              [
                -121.83828314295106,
                39.59034733627559
              ],
              [
                -121.83828314115442,
                39.59034728504831
              ],
              [
                -121.83827913915985,
                39.589837996287194
              ],
              [
                -121.83827914052408,
                39.58983799628769
              ],
              [
                -121.83828314258476,
                39.59034728480683
              ],
              [
                -121.83834027436949,
                39.59149313117761
              ],
              [
                -121.83834275299783,
                39.59154284638321
              ],
              [
                -121.83839910324893,
                39.59168810518461
              ],
              [
                -121.83841830835445,
                39.591742736608445
              ],
              [
                -121.8384302366988,
                39.592232800201785
              ],
              [
                -121.83843380383745,
                39.59253106649451
              ],
              [
                -121.83843380203929,
                39.592531067201826
              ],
              [
                -121.83843380210232,
                39.592531066681396
              ],
              [
                -121.83843023579065,
                39.59223285178753
              ]
            ]
          ],
          [
            [
              [
                -121.84791618198456,
                39.58980384336679
              ],
              [
                -121.84791620084918,
                39.58980387174958
              ],
              [
                -121.84802473170853,
                39.58996634701363
              ],
              [
                -121.8480247577597,
                39.589966371935134
              ],
              [
                -121.84805836642943,
                39.59060291899185
              ],
              [
                -121.84805836822605,
                39.59060297021905
              ],
              [
                -121.84806729209011,
                39.59224488017375
              ],
              [
                -121.84806729298839,
                39.592244931399584
              ],
              [
                -121.84809146395776,
                39.59490501350199
              ],
              [
                -121.84809146395776,
                39.59490506472587
              ],
              [
                -121.84807860277782,
                39.59557906678403
              ],
              [
                -121.84807621775074,
                39.595704071822304
              ],
              [
                -121.84807621954738,
                39.59570412373781
              ],
              [
                -121.8481405847358,
                39.60008052843453
              ],
              [
                -121.84815173103183,
                39.600838381190144
              ],
              [
                -121.84815173193016,
                39.600838432409674
              ],
              [
                -121.84814969005951,
                39.602415052506565
              ],
              [
                -121.84814969634773,
                39.602415103724944
              ],
              [
                -121.84819657403251,
                39.60284458545026
              ],
              [
                -121.84819657493082,
                39.60284463666826
              ],
              [
                -121.84821137557344,
                39.603498860715284
              ],
              [
                -121.84821137647175,
                39.60349891193285
              ],
              [
                -121.84824223270346,
                39.60504132605351
              ],
              [
                -121.84824223270346,
                39.60504137726985
              ],
              [
                -121.84822732066975,
                39.60609571339753
              ],
              [
                -121.84822732785628,
                39.60609576322898
              ],
              [
                -121.84824547023173,
                39.606238612427696
              ],
              [
                -121.84824547741826,
                39.606238662258924
              ],
              [
                -121.84827059521194,
                39.60642518750651
              ],
              [
                -121.84827059521194,
                39.606425238029765
              ],
              [
                -121.84825719504285,
                39.60754301831682
              ],
              [
                -121.84825719594116,
                39.607543069531324
              ],
              [
                -121.84827813028052,
                39.60968400991881
              ],
              [
                -121.84827813297547,
                39.60968406113174
              ],
              [
                -121.8482807686325,
                39.60976790361763
              ],
              [
                -121.84828559610597,
                39.6099215028633
              ],
              [
                -121.84827239022802,
                39.60992117068244
              ],
              [
                -121.84826477416864,
                39.6096788739017
              ],
              [
                -121.84824383886728,
                39.60753788244566
              ],
              [
                -121.84825723889378,
                39.60642005058697
              ],
              [
                -121.8482321147202,
                39.606233475876614
              ],
              [
                -121.84821396513063,
                39.606090577433804
              ],
              [
                -121.84822887719707,
                39.60503619022387
              ],
              [
                -121.84819801978666,
                39.603493725308304
              ],
              [
                -121.84818321821155,
                39.60283944993361
              ],
              [
                -121.8481363349406,
                39.60240991692685
              ],
              [
                -121.848138376244,
                39.600833245846104
              ],
              [
                -121.84806286355703,
                39.59569893715939
              ],
              [
                -121.84807810986149,
                39.594899878328064
              ],
              [
                -121.84805393792641,
                39.5922397451662
              ],
              [
                -121.8480450129409,
                39.590597784679794
              ],
              [
                -121.84801140073056,
                39.589961186123745
              ],
              [
                -121.8479029358483,
                39.58979879152933
              ],
              [
                -121.84791308908504,
                39.589799218339344
              ],
              [
                -121.84791618198456,
                39.58980384336679
              ]
            ]
          ],
          [
            [
              [
                -121.89478953509474,
                39.60396573950486
              ],
              [
                -121.89478953419643,
                39.60396568828767
              ],
              [
                -121.8947716586206,
                39.60244120084685
              ],
              [
                -121.89477165502734,
                39.602441150320686
              ],
              [
                -121.89474218040458,
                39.60231128338635
              ],
              [
                -121.89459163174611,
                39.6016479574575
              ],
              [
                -121.89459162186463,
                39.601647909007205
              ],
              [
                -121.89445723030487,
                39.59479722450789
              ],
              [
                -121.89445723258754,
                39.594797224497036
              ],
              [
                -121.8945373323172,
                39.598880511481795
              ],
              [
                -121.89459162389515,
                39.60164790873782
              ],
              [
                -121.89477166027362,
                39.60244114930782
              ],
              [
                -121.89478953594225,
                39.6039656878931
              ],
              [
                -121.8948936757131,
                39.60940990116395
              ],
              [
                -121.8948936731825,
                39.60940990117802
              ],
              [
                -121.89489224217614,
                39.60933505776891
              ],
              [
                -121.89478953509474,
                39.60396573950486
              ]
            ]
          ],
          [
            [
              [
                -121.89507091978109,
                39.59472607852981
              ],
              [
                -121.90914761460635,
                39.59454307700496
              ],
              [
                -121.90944507464468,
                39.616154278924775
              ],
              [
                -121.90945332028069,
                39.62292606602822
              ],
              [
                -121.90945419793472,
                39.62365477247266
              ],
              [
                -121.90945440724217,
                39.62381926693626
              ],
              [
                -121.90945943241788,
                39.627955060111226
              ],
              [
                -121.90946472529154,
                39.63231249154299
              ],
              [
                -121.90947136027899,
                39.63628452142932
              ],
              [
                -121.90860360291279,
                39.63651262821971
              ],
              [
                -121.90762089670167,
                39.59881304103131
              ],
              [
                -121.90753376633981,
                39.59473418666757
              ],
              [
                -121.90085576571244,
                39.59476652718673
              ],
              [
                -121.8946403251306,
                39.59479630112086
              ],
              [
                -121.89463944906868,
                39.594731652949314
              ],
              [
                -121.89507091978109,
                39.59472607852981
              ]
            ]
          ],
          [
            [
              [
                -121.93110834387826,
                39.63476913995747
              ],
              [
                -121.9312116878652,
                39.638008755031265
              ],
              [
                -121.92502279232595,
                39.638627968644
              ],
              [
                -121.92284485207243,
                39.63999494437966
              ],
              [
                -121.92246430056527,
                39.64023378792237
              ],
              [
                -121.92244661902554,
                39.645408022007494
              ],
              [
                -121.92235454350555,
                39.648844527984515
              ],
              [
                -121.92225540543079,
                39.65254337156204
              ],
              [
                -121.91727899477661,
                39.6524524445659
              ],
              [
                -121.90857039583234,
                39.652338458852256
              ],
              [
                -121.90835802870929,
                39.65234535519911
              ],
              [
                -121.90822157731257,
                39.652345035661284
              ],
              [
                -121.90817540480529,
                39.656884940063534
              ],
              [
                -121.90807848826421,
                39.66641018078086
              ],
              [
                -121.90807706353618,
                39.666864722066926
              ],
              [
                -121.90619407163148,
                39.66686920572104
              ],
              [
                -121.90591517438016,
                39.673288545090976
              ],
              [
                -121.90394343431527,
                39.67446281004707
              ],
              [
                -121.90163876333472,
                39.675910631927316
              ],
              [
                -121.90100118585845,
                39.676372813595854
              ],
              [
                -121.89996309002117,
                39.6769828600391
              ],
              [
                -121.89955615319747,
                39.67729753893176
              ],
              [
                -121.89828353868054,
                39.67810345793583
              ],
              [
                -121.89795597699533,
                39.67841437753232
              ],
              [
                -121.89541725086583,
                39.67905940325648
              ],
              [
                -121.89541722032313,
                39.6790593804412
              ],
              [
                -121.89540947423635,
                39.67905284342233
              ],
              [
                -121.8979426029044,
                39.678409239841876
              ],
              [
                -121.89827016466407,
                39.678098320189484
              ],
              [
                -121.89954277866258,
                39.67729240171039
              ],
              [
                -121.89994971558427,
                39.67697772258059
              ],
              [
                -121.90098781167835,
                39.67636767665959
              ],
              [
                -121.90162538892206,
                39.67590549501848
              ],
              [
                -121.90393005966126,
                39.67445767322702
              ],
              [
                -121.90590179918914,
                39.67328340853398
              ],
              [
                -121.90618069724914,
                39.666864070143625
              ],
              [
                -121.9080636891754,
                39.66685958602247
              ],
              [
                -121.9080651140169,
                39.66640504485826
              ],
              [
                -121.90816203133885,
                39.656879804988904
              ],
              [
                -121.90820820504847,
                39.6523399011692
              ],
              [
                -121.90834465632248,
                39.65234022053509
              ],
              [
                -121.90855702309001,
                39.65233332434845
              ],
              [
                -121.91726562134018,
                39.652447311677584
              ],
              [
                -121.9222420304286,
                39.65253823839412
              ],
              [
                -121.92234116903016,
                39.64883939548474
              ],
              [
                -121.92243324574866,
                39.645402889267885
              ],
              [
                -121.92245092762805,
                39.64022865517973
              ],
              [
                -121.92500941878771,
                39.63862283639033
              ],
              [
                -121.93119831370785,
                39.63800362460429
              ],
              [
                -121.93109497029968,
                39.634764008318236
              ],
              [
                -121.93030515918682,
                39.63132796779138
              ],
              [
                -121.93031665322847,
                39.63132492605124
              ],
              [
                -121.93110834387826,
                39.63476913995747
              ]
            ]
          ],
          [
            [
              [
                -121.89200027781567,
                39.67910723104498
              ],
              [
                -121.89148961791598,
                39.67906548111673
              ],
              [
                -121.89127513346381,
                39.67902332878388
              ],
              [
                -121.89109481284021,
                39.67902270101687
              ],
              [
                -121.8910631103955,
                39.679130048410244
              ],
              [
                -121.89079648862256,
                39.67908496815312
              ],
              [
                -121.89060093975822,
                39.679153380148904
              ],
              [
                -121.88949736751655,
                39.68018997146677
              ],
              [
                -121.88875036356055,
                39.68049654546882
              ],
              [
                -121.88802890499632,
                39.68057693522495
              ],
              [
                -121.88789739523199,
                39.68059158717053
              ],
              [
                -121.88739932611934,
                39.680824419463775
              ],
              [
                -121.88735605337378,
                39.6811456224281
              ],
              [
                -121.88696322459161,
                39.6819936380873
              ],
              [
                -121.88632622383375,
                39.68242943902696
              ],
              [
                -121.88561860651143,
                39.68255756136679
              ],
              [
                -121.88548363284333,
                39.68264167710543
              ],
              [
                -121.88415657233537,
                39.683468698094664
              ],
              [
                -121.88413541880703,
                39.68348186721783
              ],
              [
                -121.88397243297347,
                39.683583330702945
              ],
              [
                -121.88397238087117,
                39.68358336319531
              ],
              [
                -121.88397251741512,
                39.68358334867746
              ],
              [
                -121.88397260006012,
                39.68358333899883
              ],
              [
                -121.88384620260807,
                39.68366210883934
              ],
              [
                -121.88300327654605,
                39.6839658627262
              ],
              [
                -121.88215910452072,
                39.68473915122666
              ],
              [
                -121.88185761733497,
                39.68585053330221
              ],
              [
                -121.88470943778202,
                39.687087721167025
              ],
              [
                -121.88470947101969,
                39.6870877405233
              ],
              [
                -121.88504623594497,
                39.687322176828616
              ],
              [
                -121.8850462610978,
                39.687322203097644
              ],
              [
                -121.88525869200123,
                39.68758733455163
              ],
              [
                -121.88525871895072,
                39.687587358746725
              ],
              [
                -121.88534632535215,
                39.687915108516464
              ],
              [
                -121.88527860585445,
                39.68914287951688
              ],
              [
                -121.88519418719369,
                39.69104525184825
              ],
              [
                -121.8851804269811,
                39.691048799152725
              ],
              [
                -121.88526523217571,
                39.68913774002115
              ],
              [
                -121.88533295197102,
                39.687909969041044
              ],
              [
                -121.88524534547635,
                39.6875822193557
              ],
              [
                -121.88503289312321,
                39.68731706080081
              ],
              [
                -121.88469609704003,
                39.687082601052246
              ],
              [
                -121.88184424179506,
                39.68584539996096
              ],
              [
                -121.88214573171305,
                39.684734011984936
              ],
              [
                -121.88298990401732,
                39.68396072356772
              ],
              [
                -121.88383282928011,
                39.683656969552345
              ],
              [
                -121.88395922692706,
                39.683578200172455
              ],
              [
                -121.88414319921503,
                39.68346356003331
              ],
              [
                -121.88560523363427,
                39.68255242344147
              ],
              [
                -121.88631285025473,
                39.6824243000584
              ],
              [
                -121.88694985161153,
                39.68198849951985
              ],
              [
                -121.88734268055293,
                39.68114048368171
              ],
              [
                -121.88738595289335,
                39.68081928076422
              ],
              [
                -121.88788402231503,
                39.680586448505736
              ],
              [
                -121.88801553180379,
                39.680571797107554
              ],
              [
                -121.88873699002127,
                39.680491407221986
              ],
              [
                -121.88948399403088,
                39.68018483341411
              ],
              [
                -121.89033818794884,
                39.679382487713255
              ],
              [
                -121.89058756612314,
                39.679148242029925
              ],
              [
                -121.8907831155437,
                39.6790798302894
              ],
              [
                -121.8910497370478,
                39.67912491048756
              ],
              [
                -121.89108143965471,
                39.67901756268922
              ],
              [
                -121.89126175963922,
                39.679018190664095
              ],
              [
                -121.891476244289,
                39.67906034300981
              ],
              [
                -121.89198690439471,
                39.6791020932671
              ],
              [
                -121.89272749031632,
                39.679320055946114
              ],
              [
                -121.8950996439196,
                39.67879751959901
              ],
              [
                -121.89510724040305,
                39.67880393038774
              ],
              [
                -121.89274086420725,
                39.679325194201496
              ],
              [
                -121.89200027781567,
                39.67910723104498
              ]
            ]
          ],
          [
            [
              [
                -121.89292107226983,
                39.69040611503154
              ],
              [
                -121.89291921189208,
                39.69040655095522
              ],
              [
                -121.89110636469296,
                39.68952953297774
              ],
              [
                -121.89110816539856,
                39.68952906865639
              ],
              [
                -121.89292107226983,
                39.69040611503154
              ]
            ]
          ],
          [
            [
              [
                -121.90743366767181,
                39.688394817433796
              ],
              [
                -121.907436308003,
                39.68928880863266
              ],
              [
                -121.90742295781344,
                39.689293070599554
              ],
              [
                -121.90742029703895,
                39.68839182659195
              ],
              [
                -121.9074336371291,
                39.68839480499077
              ],
              [
                -121.90743366767181,
                39.688394817433796
              ]
            ]
          ],
          [
            [
              [
                -121.91204943887539,
                39.68867761380506
              ],
              [
                -121.91210805484599,
                39.69057016537742
              ],
              [
                -121.91211837648859,
                39.69910271727764
              ],
              [
                -121.91211858040617,
                39.69927697889041
              ],
              [
                -121.90836309969906,
                39.70037828620862
              ],
              [
                -121.90813963478897,
                39.700443893119406
              ],
              [
                -121.89305906365057,
                39.70481507160327
              ],
              [
                -121.89048743582548,
                39.705425727885114
              ],
              [
                -121.88746212374758,
                39.70623867051123
              ],
              [
                -121.88646178230506,
                39.70860586125637
              ],
              [
                -121.88578895493706,
                39.710194771768926
              ],
              [
                -121.88511685161113,
                39.711785072004716
              ],
              [
                -121.88444353915288,
                39.71337574881558
              ],
              [
                -121.88368218101698,
                39.7150099421295
              ],
              [
                -121.88106436271828,
                39.715319558115965
              ],
              [
                -121.88082193077929,
                39.715348234331124
              ],
              [
                -121.87914657546935,
                39.715546355494375
              ],
              [
                -121.87690223803826,
                39.71581172196394
              ],
              [
                -121.87693571824886,
                39.715974356017924
              ],
              [
                -121.87733180791552,
                39.71789440515613
              ],
              [
                -121.87255301494575,
                39.718482261549134
              ],
              [
                -121.87072430733537,
                39.718707178746925
              ],
              [
                -121.87076967495217,
                39.71877887437856
              ],
              [
                -121.87076969202015,
                39.71877890270851
              ],
              [
                -121.8718712574255,
                39.720520044444385
              ],
              [
                -121.87187127449349,
                39.72052007277366
              ],
              [
                -121.8724407980016,
                39.72142022466424
              ],
              [
                -121.8724314154627,
                39.721421378632776
              ],
              [
                -121.87071094029095,
                39.71870203234733
              ],
              [
                -121.8725396392287,
                39.71847711892645
              ],
              [
                -121.87731843197695,
                39.71788926289419
              ],
              [
                -121.87692234160419,
                39.71596921401547
              ],
              [
                -121.87688886180985,
                39.715806579751074
              ],
              [
                -121.87913319932481,
                39.715541213783645
              ],
              [
                -121.8808085548347,
                39.71534309241395
              ],
              [
                -121.88105098672344,
                39.71531441630083
              ],
              [
                -121.88366880346976,
                39.71500480052701
              ],
              [
                -121.88443016205635,
                39.71337060860031
              ],
              [
                -121.88510347464377,
                39.711779930881306
              ],
              [
                -121.88577557839874,
                39.71018963184694
              ],
              [
                -121.88744874713393,
                39.7062335309144
              ],
              [
                -121.89047405918693,
                39.70542058863262
              ],
              [
                -121.89304568665436,
                39.704809932459035
              ],
              [
                -121.90834972095669,
                39.70037314791984
              ],
              [
                -121.91210520080267,
                39.699271840785286
              ],
              [
                -121.91210499697857,
                39.699097579534765
              ],
              [
                -121.91209467654299,
                39.69056502829196
              ],
              [
                -121.9120360607942,
                39.68867247649539
              ],
              [
                -121.91200254575959,
                39.687589981042294
              ],
              [
                -121.91201565593249,
                39.68758699789459
              ],
              [
                -121.91204943887539,
                39.68867761380506
              ]
            ]
          ],
          [
            [
              [
                -121.87460830731523,
                39.72227696890034
              ],
              [
                -121.87328634564479,
                39.722439556616756
              ],
              [
                -121.87226648201454,
                39.72256499156809
              ],
              [
                -121.87224026378465,
                39.72256932650891
              ],
              [
                -121.87224260389596,
                39.722579797662846
              ],
              [
                -121.87225521354762,
                39.72263615945917
              ],
              [
                -121.87233888712476,
                39.72304677427304
              ],
              [
                -121.87271436987703,
                39.7248894090137
              ],
              [
                -121.87271126835834,
                39.72488919369335
              ],
              [
                -121.87270644837564,
                39.724889491945056
              ],
              [
                -121.87170948371124,
                39.724951178151635
              ],
              [
                -121.87270644837564,
                39.724889491944964
              ],
              [
                -121.87270201014663,
                39.72488918381188
              ],
              [
                -121.87222688712339,
                39.722564183640955
              ],
              [
                -121.873272968803,
                39.7224344140136
              ],
              [
                -121.87459493143747,
                39.722271826376556
              ],
              [
                -121.87437168200482,
                39.72118951632339
              ],
              [
                -121.87438367908688,
                39.7211880405815
              ],
              [
                -121.87460830731523,
                39.72227696890034
              ]
            ]
          ],
          [
            [
              [
                -121.87020187147695,
                39.722813860284006
              ],
              [
                -121.8701796365098,
                39.72271300357927
              ],
              [
                -121.86917050124664,
                39.7228414041595
              ],
              [
                -121.8701796365098,
                39.72271300357914
              ],
              [
                -121.87020187147708,
                39.72281386028405
              ],
              [
                -121.87034785212403,
                39.72355501467694
              ],
              [
                -121.87058233100818,
                39.724745447286516
              ],
              [
                -121.87034785212396,
                39.72355501467705
              ],
              [
                -121.87020187147695,
                39.722813860284006
              ]
            ]
          ],
          [
            [
              [
                -121.86687887726599,
                39.722853209147154
              ],
              [
                -121.86691340176603,
                39.72304533227856
              ],
              [
                -121.86691340176581,
                39.72304533227856
              ],
              [
                -121.86687887726599,
                39.722853209147154
              ]
            ]
          ],
          [
            [
              [
                -121.86676856987899,
                39.72227683321839
              ],
              [
                -121.86673292654989,
                39.72209098418627
              ],
              [
                -121.86669683659888,
                39.72190272979488
              ],
              [
                -121.86673292654996,
                39.72209098418627
              ],
              [
                -121.86676856987899,
                39.72227683321828
              ],
              [
                -121.86680467539817,
                39.72246507677073
              ],
              [
                -121.86683984315357,
                39.72264850687728
              ],
              [
                -121.86680467539804,
                39.72246507677073
              ],
              [
                -121.86676856987899,
                39.72227683321839
              ]
            ]
          ],
          [
            [
              [
                -121.86661926402331,
                39.7214982227297
              ],
              [
                -121.866660732847,
                39.72171447446275
              ],
              [
                -121.86669683659888,
                39.72190272979488
              ],
              [
                -121.86666073284685,
                39.721714474462765
              ],
              [
                -121.86661926402331,
                39.7214982227297
              ]
            ]
          ],
          [
            [
              [
                -121.86655105088893,
                39.72114247696284
              ],
              [
                -121.86661237469829,
                39.72146229473476
              ],
              [
                -121.86655105088873,
                39.72114247696284
              ],
              [
                -121.86655105088893,
                39.72114247696284
              ]
            ]
          ],
          [
            [
              [
                -121.86605151272359,
                39.721201405129925
              ],
              [
                -121.86584850880827,
                39.72122535329017
              ],
              [
                -121.86605151272364,
                39.72120140512991
              ],
              [
                -121.8663021265239,
                39.721171846798406
              ],
              [
                -121.86651335083353,
                39.72114692511262
              ],
              [
                -121.8663021265239,
                39.72117184679849
              ],
              [
                -121.86605151272359,
                39.721201405129925
              ]
            ]
          ],
          [
            [
              [
                -121.86487098475334,
                39.721340653630946
              ],
              [
                -121.8652371875855,
                39.72129746126128
              ],
              [
                -121.86527423913425,
                39.721293093050726
              ],
              [
                -121.86523718758555,
                39.72129746126128
              ],
              [
                -121.86487098475334,
                39.721340653630946
              ]
            ]
          ],
          [
            [
              [
                -121.86451979542721,
                39.72171729194185
              ],
              [
                -121.86452739325985,
                39.72175691759905
              ],
              [
                -121.86451979542717,
                39.72171729194185
              ],
              [
                -121.86445694048044,
                39.721389491621856
              ],
              [
                -121.86456713571327,
                39.72137649320017
              ],
              [
                -121.8644569404805,
                39.721389491621856
              ],
              [
                -121.86451979542721,
                39.72171729194185
              ]
            ]
          ],
          [
            [
              [
                -121.86451034336413,
                39.72234889638423
              ],
              [
                -121.86463801024537,
                39.72233390838646
              ],
              [
                -121.86463801024537,
                39.72233390838646
              ],
              [
                -121.86451034336413,
                39.72234889638423
              ]
            ]
          ],
          [
            [
              [
                -121.86269810485379,
                39.722803281474086
              ],
              [
                -121.8626516125271,
                39.722567093713224
              ],
              [
                -121.86286184969354,
                39.72254241615502
              ],
              [
                -121.86265161252715,
                39.722567093713224
              ],
              [
                -121.86269810485379,
                39.722803281474086
              ]
            ]
          ],
          [
            [
              [
                -121.85535239584995,
                39.724390091868734
              ],
              [
                -121.85530525343127,
                39.72415048375113
              ],
              [
                -121.85535239584995,
                39.7243900918687
              ],
              [
                -121.85640378898468,
                39.72426667566836
              ],
              [
                -121.85851324663285,
                39.72401923744152
              ],
              [
                -121.85640378898474,
                39.72426667566836
              ],
              [
                -121.85535239584995,
                39.724390091868734
              ]
            ]
          ],
          [
            [
              [
                -121.85515910201075,
                39.723407644502466
              ],
              [
                -121.85519568652968,
                39.72359359172738
              ],
              [
                -121.85523606870095,
                39.72379883979465
              ],
              [
                -121.85519568652938,
                39.72359359172737
              ],
              [
                -121.85515910201075,
                39.723407644502466
              ]
            ]
          ],
          [
            [
              [
                -121.85502476885993,
                39.72272483795606
              ],
              [
                -121.85498172239076,
                39.722506021589915
              ],
              [
                -121.85498172239107,
                39.72250602158993
              ],
              [
                -121.85502476886006,
                39.72272483795611
              ],
              [
                -121.8550674975992,
                39.72294202615862
              ],
              [
                -121.85508210572543,
                39.72301627802689
              ],
              [
                -121.85506749759914,
                39.72294202615864
              ],
              [
                -121.85502476885993,
                39.72272483795606
              ]
            ]
          ],
          [
            [
              [
                -121.85497765180548,
                39.72250495754912
              ],
              [
                -121.85497794820348,
                39.72250646436272
              ],
              [
                -121.85497794820331,
                39.72250646436273
              ],
              [
                -121.85497765180548,
                39.72250495754912
              ]
            ]
          ],
          [
            [
              [
                -121.85497760138456,
                39.72250470122165
              ],
              [
                -121.85497760138459,
                39.72250470122177
              ],
              [
                -121.85447781761967,
                39.722563336575725
              ],
              [
                -121.85497760138456,
                39.72250470122165
              ]
            ]
          ],
          [
            [
              [
                -121.85379575615644,
                39.72196323989123
              ],
              [
                -121.85392667215345,
                39.72262798281271
              ],
              [
                -121.85392667215335,
                39.722627982812725
              ],
              [
                -121.85379575615644,
                39.72196323989123
              ]
            ]
          ],
          [
            [
              [
                -121.85352301014767,
                39.72057752823969
              ],
              [
                -121.85350403324618,
                39.720481051290285
              ],
              [
                -121.85336147820742,
                39.71975634976153
              ],
              [
                -121.85335843670413,
                39.71975670655153
              ],
              [
                -121.8533614782074,
                39.71975634976135
              ],
              [
                -121.85350403324625,
                39.72048105129024
              ],
              [
                -121.85352301014784,
                39.720577528239716
              ],
              [
                -121.85355507712521,
                39.72074041672578
              ],
              [
                -121.85356354594019,
                39.720783473355404
              ],
              [
                -121.85355507712521,
                39.720740416725825
              ],
              [
                -121.85352301014767,
                39.72057752823969
              ]
            ]
          ],
          [
            [
              [
                -121.85314693134755,
                39.71868140177295
              ],
              [
                -121.85322140789165,
                39.71867285505319
              ],
              [
                -121.85314693134775,
                39.71868140177295
              ],
              [
                -121.85320835110437,
                39.718993688806734
              ],
              [
                -121.85335072900516,
                39.71971752190861
              ],
              [
                -121.85320835110433,
                39.71899368880675
              ],
              [
                -121.85314693134755,
                39.71868140177295
              ]
            ]
          ],
          [
            [
              [
                -121.85372940303797,
                39.71861455769608
              ],
              [
                -121.85372940303795,
                39.71861455769609
              ],
              [
                -121.8537166114557,
                39.718557994258106
              ],
              [
                -121.85372940303797,
                39.71861455769608
              ]
            ]
          ],
          [
            [
              [
                -121.85448741725482,
                39.718162233150466
              ],
              [
                -121.8547035320627,
                39.71813141829853
              ],
              [
                -121.85448741725494,
                39.71816223315052
              ],
              [
                -121.85385319563399,
                39.71825264174116
              ],
              [
                -121.85361667296131,
                39.718286363097064
              ],
              [
                -121.85385319563387,
                39.71825264174116
              ],
              [
                -121.85448741725482,
                39.718162233150466
              ]
            ]
          ],
          [
            [
              [
                -121.85710738877142,
                39.71658278975973
              ],
              [
                -121.8573802812074,
                39.71591594743876
              ],
              [
                -121.85755088532218,
                39.715499030361514
              ],
              [
                -121.85738028120744,
                39.71591594743876
              ],
              [
                -121.8571073887715,
                39.71658278975974
              ],
              [
                -121.85670119456317,
                39.71757479178823
              ],
              [
                -121.8565830572462,
                39.71786346844206
              ],
              [
                -121.85670119456312,
                39.71757479178823
              ],
              [
                -121.85710738877142,
                39.71658278975973
              ]
            ]
          ],
          [
            [
              [
                -121.85784381585347,
                39.7147832171507
              ],
              [
                -121.8579216013163,
                39.71459321821275
              ],
              [
                -121.85806347881905,
                39.71424425418965
              ],
              [
                -121.85792160131635,
                39.71459321821275
              ],
              [
                -121.85784381585363,
                39.7147832171507
              ],
              [
                -121.8577889293648,
                39.714917256045695
              ],
              [
                -121.85771641361588,
                39.71509453652537
              ],
              [
                -121.85778892936476,
                39.714917256045695
              ],
              [
                -121.85784381585347,
                39.7147832171507
              ]
            ]
          ],
          [
            [
              [
                -121.8566274910371,
                39.713439802636834
              ],
              [
                -121.85467435184353,
                39.71299909743447
              ],
              [
                -121.85464980039204,
                39.712993680992746
              ],
              [
                -121.85464980039204,
                39.71299368099269
              ],
              [
                -121.85467435184366,
                39.71299909743447
              ],
              [
                -121.8566274910371,
                39.713439802636785
              ],
              [
                -121.85713307998107,
                39.71361811887491
              ],
              [
                -121.85821253550306,
                39.71388163017712
              ],
              [
                -121.85713307998078,
                39.71361811887493
              ],
              [
                -121.8566274910371,
                39.713439802636834
              ]
            ]
          ],
          [
            [
              [
                -121.85318989453914,
                39.716276113856544
              ],
              [
                -121.85318989453914,
                39.71627611385653
              ],
              [
                -121.85319340699864,
                39.71627693541547
              ],
              [
                -121.85318989453914,
                39.716276113856544
              ]
            ]
          ],
          [
            [
              [
                -121.85146814625882,
                39.71618451852046
              ],
              [
                -121.85146814625885,
                39.71618451852038
              ],
              [
                -121.85147377585079,
                39.716185849200954
              ],
              [
                -121.85144686781518,
                39.71625353359238
              ],
              [
                -121.85147377585069,
                39.716185849200954
              ],
              [
                -121.85146814625882,
                39.71618451852046
              ]
            ]
          ],
          [
            [
              [
                -121.85066126237757,
                39.71568442630197
              ],
              [
                -121.85158136280383,
                39.71589973609329
              ],
              [
                -121.85148804952496,
                39.716134454215215
              ],
              [
                -121.85158136280369,
                39.71589973609329
              ],
              [
                -121.85066126237757,
                39.71568442630197
              ]
            ]
          ],
          [
            [
              [
                -121.84860306708472,
                39.71520767807547
              ],
              [
                -121.8486933760129,
                39.71522391356371
              ],
              [
                -121.85066126237757,
                39.71568442630197
              ],
              [
                -121.84869337601273,
                39.71522391356375
              ],
              [
                -121.84860306708472,
                39.71520767807547
              ]
            ]
          ],
          [
            [
              [
                -121.8488267510434,
                39.714600271199544
              ],
              [
                -121.84892211525698,
                39.714358608456244
              ],
              [
                -121.84920823194403,
                39.7136336205712
              ],
              [
                -121.84919329734053,
                39.71363363675951
              ],
              [
                -121.84920823194419,
                39.7136336205712
              ],
              [
                -121.84892211525711,
                39.714358608456244
              ],
              [
                -121.84882675104366,
                39.71460027119963
              ],
              [
                -121.84874719696374,
                39.71480184382949
              ],
              [
                -121.84866764359491,
                39.71500341549169
              ],
              [
                -121.84874719696352,
                39.71480184382945
              ],
              [
                -121.8488267510434,
                39.714600271199544
              ]
            ]
          ],
          [
            [
              [
                -121.84794665023995,
                39.71387525419771
              ],
              [
                -121.84822564488073,
                39.71377716727382
              ],
              [
                -121.8483153123584,
                39.7137283254051
              ],
              [
                -121.84822564488077,
                39.713777167273925
              ],
              [
                -121.84794665023995,
                39.71387525419771
              ]
            ]
          ],
          [
            [
              [
                -121.8475147760356,
                39.71421604390615
              ],
              [
                -121.84752438889547,
                39.714197141514305
              ],
              [
                -121.84764139104007,
                39.71409061374869
              ],
              [
                -121.84752438889547,
                39.71419714151434
              ],
              [
                -121.8475147760356,
                39.71421604390615
              ]
            ]
          ],
          [
            [
              [
                -121.84624987338098,
                39.714648016775286
              ],
              [
                -121.8455171099737,
                39.71447419707852
              ],
              [
                -121.84624987338104,
                39.714648016775286
              ],
              [
                -121.84685799161763,
                39.714792877533355
              ],
              [
                -121.8468579916174,
                39.714792877533434
              ],
              [
                -121.84624987338098,
                39.714648016775286
              ]
            ]
          ],
          [
            [
              [
                -121.84193736799385,
                39.718883543061544
              ],
              [
                -121.84194641622125,
                39.7188938887939
              ],
              [
                -121.84194641622116,
                39.71889388879405
              ],
              [
                -121.84193736799385,
                39.718883543061544
              ]
            ]
          ],
          [
            [
              [
                -121.84024878239335,
                39.717665527642865
              ],
              [
                -121.84086385294643,
                39.71816365792653
              ],
              [
                -121.84173993983349,
                39.718936010669786
              ],
              [
                -121.84086385294626,
                39.71816365792653
              ],
              [
                -121.84024878239335,
                39.717665527642865
              ]
            ]
          ],
          [
            [
              [
                -121.84049166308105,
                39.71766507211181
              ],
              [
                -121.84049662434646,
                39.71766909025392
              ],
              [
                -121.84024878239335,
                39.717665527642865
              ],
              [
                -121.84049662434623,
                39.71766909025392
              ],
              [
                -121.84049166308105,
                39.71766507211181
              ]
            ]
          ],
          [
            [
              [
                -121.8404924304729,
                39.71766395468556
              ],
              [
                -121.84049024464868,
                39.71766392331944
              ],
              [
                -121.84049024464863,
                39.717663923319414
              ],
              [
                -121.8404924304729,
                39.71766395468556
              ]
            ]
          ],
          [
            [
              [
                -121.83667372243671,
                39.71457093000977
              ],
              [
                -121.8404924953752,
                39.7176639556169
              ],
              [
                -121.84049249537514,
                39.7176639556169
              ],
              [
                -121.83667372243654,
                39.71457093000977
              ],
              [
                -121.83667372243671,
                39.71457093000977
              ]
            ]
          ],
          [
            [
              [
                -121.83439690364648,
                39.712755687456024
              ],
              [
                -121.83279436730403,
                39.71118588868618
              ],
              [
                -121.83272882709876,
                39.7111216916066
              ],
              [
                -121.83279436730407,
                39.71118588868617
              ],
              [
                -121.83439690364666,
                39.71275568745604
              ],
              [
                -121.83643935182673,
                39.7145827259356
              ],
              [
                -121.83643935182648,
                39.71458272593563
              ],
              [
                -121.83439690364648,
                39.712755687456024
              ]
            ]
          ],
          [
            [
              [
                -121.83196463495653,
                39.711073912710006
              ],
              [
                -121.83235924877782,
                39.71105746082582
              ],
              [
                -121.83248609617623,
                39.71105217253853
              ],
              [
                -121.83235924877764,
                39.71105746082588
              ],
              [
                -121.83196463495653,
                39.711073912710006
              ]
            ]
          ],
          [
            [
              [
                -121.82524913700989,
                39.7113671427597
              ],
              [
                -121.82730517502034,
                39.711268199545394
              ],
              [
                -121.82814476981349,
                39.71123320363664
              ],
              [
                -121.82730517502038,
                39.711268199545394
              ],
              [
                -121.82524913700989,
                39.7113671427597
              ]
            ]
          ],
          [
            [
              [
                -121.82209490603078,
                39.71132380367324
              ],
              [
                -121.8223780865207,
                39.711105617778706
              ],
              [
                -121.82209490603086,
                39.71132380367324
              ],
              [
                -121.82412093144652,
                39.711361919387464
              ],
              [
                -121.82500820919257,
                39.711378602647414
              ],
              [
                -121.82412093144639,
                39.71136191938755
              ],
              [
                -121.82209490603078,
                39.71132380367324
              ]
            ]
          ],
          [
            [
              [
                -121.82256021651598,
                39.71059895907124
              ],
              [
                -121.82242970893759,
                39.71075916414142
              ],
              [
                -121.8223780865207,
                39.711105617778706
              ],
              [
                -121.82242970893736,
                39.71075916414142
              ],
              [
                -121.82256021651598,
                39.71059895907124
              ]
            ]
          ],
          [
            [
              [
                -121.82307017160238,
                39.71036689095684
              ],
              [
                -121.82342694811886,
                39.71001479959887
              ],
              [
                -121.82350625907172,
                39.70995233007103
              ],
              [
                -121.82342694811886,
                39.71001479959902
              ],
              [
                -121.82307017160244,
                39.71036689095686
              ],
              [
                -121.82299917699464,
                39.710510969553226
              ],
              [
                -121.8229555100405,
                39.71051280705394
              ],
              [
                -121.82299917699434,
                39.710510969553226
              ],
              [
                -121.82307017160238,
                39.71036689095684
              ]
            ]
          ],
          [
            [
              [
                -121.82401260372255,
                39.70943658208949
              ],
              [
                -121.82409024514905,
                39.70921290187204
              ],
              [
                -121.82408583602658,
                39.709208682438835
              ],
              [
                -121.82408583602661,
                39.70920868243879
              ],
              [
                -121.82409024514914,
                39.70921290187202
              ],
              [
                -121.82401260372265,
                39.70943658208949
              ],
              [
                -121.82398097658712,
                39.70947501442588
              ],
              [
                -121.82372976804513,
                39.709780345849744
              ],
              [
                -121.82372976804513,
                39.70978034584974
              ],
              [
                -121.82398097658694,
                39.70947501442588
              ],
              [
                -121.82401260372255,
                39.70943658208949
              ]
            ]
          ],
          [
            [
              [
                -121.82403191602819,
                39.709155893877984
              ],
              [
                -121.82411574037569,
                39.709016132678464
              ],
              [
                -121.82407130521452,
                39.70886818453242
              ],
              [
                -121.82398118786995,
                39.70865496252926
              ],
              [
                -121.8240746939782,
                39.70852154434435
              ],
              [
                -121.82442246460299,
                39.70826546084544
              ],
              [
                -121.82445911434593,
                39.708220807333994
              ],
              [
                -121.82449576992285,
                39.70817615552588
              ],
              [
                -121.82455002133237,
                39.70815524278989
              ],
              [
                -121.82449576992285,
                39.70817615552599
              ],
              [
                -121.82445911434603,
                39.708220807333994
              ],
              [
                -121.82442246460305,
                39.70826546084544
              ],
              [
                -121.82407469397832,
                39.70852154434435
              ],
              [
                -121.82398118787012,
                39.70865496252923
              ],
              [
                -121.82407130521464,
                39.70886818453242
              ],
              [
                -121.82411574037582,
                39.70901613267848
              ],
              [
                -121.82403191602855,
                39.70915589387801
              ],
              [
                -121.82408614726462,
                39.70920777195068
              ],
              [
                -121.82408584197181,
                39.709208665046795
              ],
              [
                -121.82408614726442,
                39.70920777195058
              ],
              [
                -121.82403191602819,
                39.709155893877984
              ]
            ]
          ],
          [
            [
              [
                -121.82461368274893,
                39.70803108891373
              ],
              [
                -121.82457560687968,
                39.70814538010658
              ],
              [
                -121.82457560687966,
                39.7081453801066
              ],
              [
                -121.82461368274886,
                39.70803108891373
              ],
              [
                -121.82461368274893,
                39.70803108891373
              ]
            ]
          ],
          [
            [
              [
                -121.82470768778553,
                39.70804492953076
              ],
              [
                -121.82470768778558,
                39.70804492953076
              ],
              [
                -121.82470306641416,
                39.708049875870714
              ],
              [
                -121.82462829222746,
                39.70803415958775
              ],
              [
                -121.82470306641416,
                39.708049875870636
              ],
              [
                -121.82470768778553,
                39.70804492953076
              ]
            ]
          ],
          [
            [
              [
                -121.82520574638632,
                39.70792121623921
              ],
              [
                -121.82511345299014,
                39.707974355866185
              ],
              [
                -121.825027963861,
                39.70803674796867
              ],
              [
                -121.82511345299014,
                39.70797435586614
              ],
              [
                -121.82520574638632,
                39.70792121623921
              ]
            ]
          ],
          [
            [
              [
                -121.82566810923842,
                39.70782094794272
              ],
              [
                -121.82540375034323,
                39.70784079627648
              ],
              [
                -121.8256681092383,
                39.707820947942736
              ],
              [
                -121.82566810923842,
                39.70782094794272
              ]
            ]
          ],
          [
            [
              [
                -121.82686387782209,
                39.70777467525514
              ],
              [
                -121.8269606309109,
                39.70775245163626
              ],
              [
                -121.82686387782228,
                39.70777467525514
              ],
              [
                -121.82677023858768,
                39.707791551474784
              ],
              [
                -121.82652478208361,
                39.707820605491165
              ],
              [
                -121.82652478208358,
                39.70782060549116
              ],
              [
                -121.82677023858764,
                39.7077915514747
              ],
              [
                -121.82686387782209,
                39.70777467525514
              ]
            ]
          ],
          [
            [
              [
                -121.82720131280405,
                39.70772343473279
              ],
              [
                -121.82737381328819,
                39.70763013049939
              ],
              [
                -121.82752184127432,
                39.707501190335975
              ],
              [
                -121.82737381328822,
                39.70763013049939
              ],
              [
                -121.82720131280409,
                39.70772343473279
              ],
              [
                -121.82710250882951,
                39.7077271121158
              ],
              [
                -121.82707556770829,
                39.70772811727895
              ],
              [
                -121.82710250882926,
                39.70772711211582
              ],
              [
                -121.82720131280405,
                39.70772343473279
              ]
            ]
          ],
          [
            [
              [
                -121.82764237851498,
                39.707237462761604
              ],
              [
                -121.82790944469264,
                39.70710494053181
              ],
              [
                -121.82764237851504,
                39.707237462761604
              ],
              [
                -121.82753105286457,
                39.707419858851324
              ],
              [
                -121.82752184127432,
                39.707501190335975
              ],
              [
                -121.82753105286442,
                39.707419858851324
              ],
              [
                -121.82764237851498,
                39.707237462761604
              ]
            ]
          ],
          [
            [
              [
                -121.8245079853971,
                39.70413457174798
              ],
              [
                -121.8265889244393,
                39.70602831352083
              ],
              [
                -121.82673529863622,
                39.70607503792637
              ],
              [
                -121.82658892443926,
                39.70602831352083
              ],
              [
                -121.8245079853971,
                39.70413457174798
              ]
            ]
          ],
          [
            [
              [
                -121.82340518624777,
                39.70299727598225
              ],
              [
                -121.82299330834515,
                39.70254375610132
              ],
              [
                -121.82290709064827,
                39.70244520511844
              ],
              [
                -121.82228449157957,
                39.701719974705966
              ],
              [
                -121.82220061875208,
                39.701620399833836
              ],
              [
                -121.82168252505758,
                39.70113825052439
              ],
              [
                -121.82168252505774,
                39.70113825052432
              ],
              [
                -121.82220061875223,
                39.70162039983384
              ],
              [
                -121.82228449157957,
                39.70171997470586
              ],
              [
                -121.82290709064846,
                39.70244520511833
              ],
              [
                -121.82299330834535,
                39.70254375610132
              ],
              [
                -121.82340518624783,
                39.70299727598225
              ],
              [
                -121.8238272516934,
                39.70344517213773
              ],
              [
                -121.8245079853971,
                39.70413457174798
              ],
              [
                -121.82382725169322,
                39.70344517213771
              ],
              [
                -121.82340518624777,
                39.70299727598225
              ]
            ]
          ],
          [
            [
              [
                -121.82167923089237,
                39.70113629668841
              ],
              [
                -121.8216648479906,
                39.70112794419701
              ],
              [
                -121.82167923089237,
                39.70113629668841
              ],
              [
                -121.82168181552395,
                39.70113870198095
              ],
              [
                -121.82168181552377,
                39.70113870198109
              ],
              [
                -121.82167923089237,
                39.70113629668841
              ]
            ]
          ],
          [
            [
              [
                -121.8198483251888,
                39.70207562559712
              ],
              [
                -121.81987826885451,
                39.70205567348916
              ],
              [
                -121.81993355548671,
                39.70201974441215
              ],
              [
                -121.81987826885451,
                39.702055673489184
              ],
              [
                -121.8198483251888,
                39.70207562559712
              ]
            ]
          ],
          [
            [
              [
                -121.81734387048856,
                39.70361597174445
              ],
              [
                -121.8173775046453,
                39.70367344323291
              ],
              [
                -121.81737750464511,
                39.70367344323306
              ],
              [
                -121.81734387048856,
                39.70361597174445
              ]
            ]
          ],
          [
            [
              [
                -121.81498162126012,
                39.704175919295146
              ],
              [
                -121.81485894272593,
                39.70394195155504
              ],
              [
                -121.81498162126009,
                39.704175919294926
              ],
              [
                -121.8151150865452,
                39.70443043049889
              ],
              [
                -121.81524853877468,
                39.704684953215136
              ],
              [
                -121.81511508654495,
                39.70443043049888
              ],
              [
                -121.81498162126012,
                39.704175919295146
              ]
            ]
          ],
          [
            [
              [
                -121.81471472160692,
                39.70366688559827
              ],
              [
                -121.8146751670462,
                39.703591456211846
              ],
              [
                -121.81471472160692,
                39.70366688559827
              ],
              [
                -121.8148240673559,
                39.703875435602306
              ],
              [
                -121.81484741663601,
                39.70391996927716
              ],
              [
                -121.8148240673557,
                39.703875435602306
              ],
              [
                -121.81471472160692,
                39.70366688559827
              ]
            ]
          ],
          [
            [
              [
                -121.8144750141698,
                39.70320973727347
              ],
              [
                -121.81449923180685,
                39.7032559185946
              ],
              [
                -121.81453772736141,
                39.70332934435305
              ],
              [
                -121.81449923180679,
                39.7032559185946
              ],
              [
                -121.8144750141698,
                39.70320973727347
              ]
            ]
          ],
          [
            [
              [
                -121.81404746021693,
                39.70239431356374
              ],
              [
                -121.81394242948431,
                39.702193986963785
              ],
              [
                -121.81404746021711,
                39.70239431356374
              ],
              [
                -121.81418090473554,
                39.702648825969206
              ],
              [
                -121.81431436538035,
                39.702903338223756
              ],
              [
                -121.81418090473554,
                39.70264882596923
              ],
              [
                -121.81404746021693,
                39.70239431356374
              ]
            ]
          ],
          [
            [
              [
                -121.8089022144697,
                39.703376377593955
              ],
              [
                -121.8094446868954,
                39.70317858126671
              ],
              [
                -121.81054218334059,
                39.70300783596735
              ],
              [
                -121.80944468689546,
                39.70317858126676
              ],
              [
                -121.8089022144697,
                39.703376377593955
              ]
            ]
          ],
          [
            [
              [
                -121.80772618960209,
                39.70395808716964
              ],
              [
                -121.80850604321432,
                39.70362490496361
              ],
              [
                -121.80865822171957,
                39.70352669600895
              ],
              [
                -121.80850604321438,
                39.70362490496361
              ],
              [
                -121.80772618960209,
                39.70395808716964
              ]
            ]
          ],
          [
            [
              [
                -121.80172697368975,
                39.69799959399583
              ],
              [
                -121.80628796650582,
                39.70452192654214
              ],
              [
                -121.80172697368947,
                39.69799959399596
              ],
              [
                -121.80172697368975,
                39.69799959399583
              ]
            ]
          ],
          [
            [
              [
                -121.80127672884285,
                39.69822176516179
              ],
              [
                -121.80149175705091,
                39.698111533733965
              ],
              [
                -121.80152797061477,
                39.6980892928863
              ],
              [
                -121.80149175705074,
                39.698111533734085
              ],
              [
                -121.80127672884285,
                39.69822176516179
              ]
            ]
          ],
          [
            [
              [
                -121.80003746819602,
                39.69884191829847
              ],
              [
                -121.80008047100536,
                39.698819873635166
              ],
              [
                -121.8001960526008,
                39.69876062564804
              ],
              [
                -121.80008047100539,
                39.698819873635166
              ],
              [
                -121.80003746819602,
                39.69884191829847
              ]
            ]
          ],
          [
            [
              [
                -121.79287827749239,
                39.70179758338631
              ],
              [
                -121.79288706656209,
                39.70173364891668
              ],
              [
                -121.79287827749249,
                39.701797583386266
              ],
              [
                -121.79278419638787,
                39.70248192386512
              ],
              [
                -121.79278419638777,
                39.70248192386513
              ],
              [
                -121.79287827749239,
                39.70179758338631
              ]
            ]
          ],
          [
            [
              [
                -121.79346441252088,
                39.698300223224365
              ],
              [
                -121.79333503915234,
                39.69906945740508
              ],
              [
                -121.7933345474112,
                39.6990723802059
              ],
              [
                -121.79333503915234,
                39.69906945740504
              ],
              [
                -121.79346441252088,
                39.698300223224365
              ]
            ]
          ],
          [
            [
              [
                -121.79364191476954,
                39.6972713967206
              ],
              [
                -121.79348199857375,
                39.698195654645154
              ],
              [
                -121.79346441252088,
                39.698300223224365
              ],
              [
                -121.79348199857367,
                39.698195654645154
              ],
              [
                -121.79364191476954,
                39.6972713967206
              ]
            ]
          ],
          [
            [
              [
                -121.79369837567857,
                39.69694506752326
              ],
              [
                -121.79369837567855,
                39.69694506752343
              ],
              [
                -121.79368601837055,
                39.69694449462683
              ],
              [
                -121.79369837567857,
                39.69694506752326
              ]
            ]
          ],
          [
            [
              [
                -121.7933995303109,
                39.696926146377834
              ],
              [
                -121.79363770167322,
                39.69692626087853
              ],
              [
                -121.79368601837055,
                39.69694449462683
              ],
              [
                -121.79363770167305,
                39.69692626087853
              ],
              [
                -121.7933995303109,
                39.696926146377834
              ]
            ]
          ],
          [
            [
              [
                -121.79342266391365,
                39.69298616956008
              ],
              [
                -121.79339963929534,
                39.69687446167877
              ],
              [
                -121.7933995303109,
                39.696926146377834
              ],
              [
                -121.79339963929522,
                39.69687446167882
              ],
              [
                -121.79342266391365,
                39.69298616956008
              ]
            ]
          ],
          [
            [
              [
                -121.78506777916205,
                39.69136634535285
              ],
              [
                -121.78382200616524,
                39.69135321665103
              ],
              [
                -121.78506777916218,
                39.69136634535285
              ],
              [
                -121.78984101127966,
                39.691416508347416
              ],
              [
                -121.79343627262102,
                39.69145417137013
              ],
              [
                -121.78984101127946,
                39.69141650834751
              ],
              [
                -121.78506777916205,
                39.69136634535285
              ]
            ]
          ],
          [
            [
              [
                -121.78067551064694,
                39.69132000514289
              ],
              [
                -121.78169231260887,
                39.691330748896824
              ],
              [
                -121.78354372929614,
                39.69135028235209
              ],
              [
                -121.78169231260868,
                39.691330748896846
              ],
              [
                -121.78067551064694,
                39.69132000514289
              ]
            ]
          ],
          [
            [
              [
                -121.77881617238137,
                39.690238072948816
              ],
              [
                -121.77844418681626,
                39.68972754208198
              ],
              [
                -121.77830077925488,
                39.689554504143125
              ],
              [
                -121.7784441868163,
                39.68972754208198
              ],
              [
                -121.77881617238162,
                39.690238072948766
              ],
              [
                -121.77900385365908,
                39.69076702515021
              ],
              [
                -121.77909630718382,
                39.6912448808282
              ],
              [
                -121.77900385365885,
                39.69076702515021
              ],
              [
                -121.77881617238137,
                39.690238072948816
              ]
            ]
          ],
          [
            [
              [
                -121.77858133686209,
                39.687844686933715
              ],
              [
                -121.77900674526656,
                39.68622298409811
              ],
              [
                -121.77858133686232,
                39.68784468693371
              ],
              [
                -121.77815154108787,
                39.68888618828013
              ],
              [
                -121.77814699795744,
                39.689209175058906
              ],
              [
                -121.77815154108757,
                39.68888618828013
              ],
              [
                -121.77858133686209,
                39.687844686933715
              ]
            ]
          ],
          [
            [
              [
                -121.77898266698736,
                39.68558653390431
              ],
              [
                -121.77889119763847,
                39.68511783817152
              ],
              [
                -121.77898266698772,
                39.68558653390436
              ],
              [
                -121.778985840595,
                39.685646396713416
              ],
              [
                -121.77900674526656,
                39.68622298409811
              ],
              [
                -121.77898584059481,
                39.68564639671353
              ],
              [
                -121.77898266698736,
                39.68558653390431
              ]
            ]
          ],
          [
            [
              [
                -121.77793318752586,
                39.683668977970655
              ],
              [
                -121.77757995185735,
                39.683247829709316
              ],
              [
                -121.77760433195344,
                39.682337161996855
              ],
              [
                -121.77761654476346,
                39.682285705581265
              ],
              [
                -121.7782746110716,
                39.679512985242155
              ],
              [
                -121.77761654476362,
                39.68228570558134
              ],
              [
                -121.77760433195357,
                39.682337161996855
              ],
              [
                -121.7775799518574,
                39.68324782970927
              ],
              [
                -121.77793318752599,
                39.68366897797045
              ],
              [
                -121.77860292014739,
                39.68415241017754
              ],
              [
                -121.77881274949407,
                39.684836776956736
              ],
              [
                -121.77860292014726,
                39.68415241017762
              ],
              [
                -121.77793318752586,
                39.683668977970655
              ]
            ]
          ],
          [
            [
              [
                -121.77830805990392,
                39.67830818549785
              ],
              [
                -121.77842535955664,
                39.67834293172932
              ],
              [
                -121.77828664885985,
                39.6785305502839
              ],
              [
                -121.77842535955641,
                39.67834293172932
              ],
              [
                -121.77830805990392,
                39.67830818549785
              ]
            ]
          ],
          [
            [
              [
                -121.77750230996229,
                39.67807589832612
              ],
              [
                -121.7773849672818,
                39.678018136768046
              ],
              [
                -121.77731005114015,
                39.67793102591622
              ],
              [
                -121.77647253198595,
                39.67767417740658
              ],
              [
                -121.77490700621607,
                39.67702342761814
              ],
              [
                -121.7739469867411,
                39.676623695835595
              ],
              [
                -121.77371127761164,
                39.676517809974214
              ],
              [
                -121.77279179904635,
                39.67613429946038
              ],
              [
                -121.77371127761194,
                39.676517809974214
              ],
              [
                -121.77394698674135,
                39.676623695835595
              ],
              [
                -121.7749070062162,
                39.67702342761814
              ],
              [
                -121.77647253198604,
                39.6776741774066
              ],
              [
                -121.77731005114015,
                39.67793102591606
              ],
              [
                -121.77738496728199,
                39.67801813676806
              ],
              [
                -121.77750230996251,
                39.678075898326036
              ],
              [
                -121.77798396929057,
                39.678222599684126
              ],
              [
                -121.77802051018341,
                39.67823000181933
              ],
              [
                -121.77798396929029,
                39.678222599684126
              ],
              [
                -121.77750230996229,
                39.67807589832612
              ]
            ]
          ],
          [
            [
              [
                -121.77075080538278,
                39.67528270073949
              ],
              [
                -121.77074100402079,
                39.67527867872132
              ],
              [
                -121.77075080538283,
                39.67528270073948
              ],
              [
                -121.77092389709262,
                39.67535517437916
              ],
              [
                -121.77189514286107,
                39.67576029844688
              ],
              [
                -121.77092389709249,
                39.67535517437916
              ],
              [
                -121.77075080538278,
                39.67528270073949
              ]
            ]
          ],
          [
            [
              [
                -121.77068366188601,
                39.675256301749904
              ],
              [
                -121.7707062336238,
                39.67526480245558
              ],
              [
                -121.77072231044136,
                39.67527111813244
              ],
              [
                -121.77070623362357,
                39.67526480245557
              ],
              [
                -121.77068366188601,
                39.675256301749904
              ]
            ]
          ],
          [
            [
              [
                -121.77063791976461,
                39.67524023408748
              ],
              [
                -121.77061479251255,
                39.67523266541287
              ],
              [
                -121.77059148939615,
                39.67522541253709
              ],
              [
                -121.77056803956074,
                39.67521847371565
              ],
              [
                -121.77054442901945,
                39.675211848921066
              ],
              [
                -121.77052067175534,
                39.67520553908132
              ],
              [
                -121.77049676889888,
                39.67519955500694
              ],
              [
                -121.77052067175552,
                39.67520553908135
              ],
              [
                -121.77054442901965,
                39.675211848921066
              ],
              [
                -121.77056803956093,
                39.67521847371565
              ],
              [
                -121.77059148939632,
                39.67522541253709
              ],
              [
                -121.77061479251255,
                39.675232665412715
              ],
              [
                -121.7706379197647,
                39.67524023408742
              ],
              [
                -121.77066087116184,
                39.67524811585889
              ],
              [
                -121.77068366188601,
                39.675256301749904
              ],
              [
                -121.7706608711619,
                39.67524811585897
              ],
              [
                -121.77063791976461,
                39.67524023408748
              ]
            ]
          ],
          [
            [
              [
                -121.77042433833041,
                39.67518354686242
              ],
              [
                -121.77040165909163,
                39.675179194927495
              ],
              [
                -121.77042433833054,
                39.675183546862336
              ],
              [
                -121.77044859400688,
                39.67518856518642
              ],
              [
                -121.7704727472574,
                39.675193896750095
              ],
              [
                -121.77044859400681,
                39.67518856518642
              ],
              [
                -121.77042433833041,
                39.67518354686242
              ]
            ]
          ],
          [
            [
              [
                -121.7703262405554,
                39.67516681482337
              ],
              [
                -121.77035090854976,
                39.67517049462836
              ],
              [
                -121.77037547283376,
                39.67517452369842
              ],
              [
                -121.77035090854956,
                39.675170494628404
              ],
              [
                -121.7703262405554,
                39.67516681482337
              ]
            ]
          ],
          [
            [
              [
                -121.77025180818111,
                39.67515775158205
              ],
              [
                -121.77027669740166,
                39.67516043205523
              ],
              [
                -121.77028936599064,
                39.67516197412321
              ],
              [
                -121.7702766974015,
                39.67516043205523
              ],
              [
                -121.77025180818111,
                39.67515775158205
              ]
            ]
          ],
          [
            [
              [
                -121.77017681179689,
                39.67514758563223
              ],
              [
                -121.77020189479431,
                39.67515338112907
              ],
              [
                -121.77020189479418,
                39.675153381129036
              ],
              [
                -121.77017681179689,
                39.67514758563223
              ]
            ]
          ],
          [
            [
              [
                -121.77012670888664,
                39.67514806145676
              ],
              [
                -121.77015178250382,
                39.67514781863676
              ],
              [
                -121.77017681179689,
                39.67514758563223
              ],
              [
                -121.77015178250393,
                39.67514781863682
              ],
              [
                -121.77012670888664,
                39.67514806145676
              ]
            ]
          ],
          [
            [
              [
                -121.76913199966236,
                39.67514441511836
              ],
              [
                -121.76950128904794,
                39.67514211493431
              ],
              [
                -121.770036174929,
                39.67514792038023
              ],
              [
                -121.76950128904794,
                39.67514211493436
              ],
              [
                -121.76913199966236,
                39.67514441511836
              ]
            ]
          ],
          [
            [
              [
                -121.76868210883066,
                39.67508656636178
              ],
              [
                -121.76869339885924,
                39.675089059878104
              ],
              [
                -121.76913199966236,
                39.67514441511836
              ],
              [
                -121.76869339885894,
                39.67508905987815
              ],
              [
                -121.76868210883066,
                39.67508656636178
              ]
            ]
          ],
          [
            [
              [
                -121.76866431803894,
                39.675082211380264
              ],
              [
                -121.76865611842726,
                39.6750800137493
              ],
              [
                -121.76864797633803,
                39.675077691933666
              ],
              [
                -121.76864159630968,
                39.67507578358836
              ],
              [
                -121.76864797633823,
                39.67507769193368
              ],
              [
                -121.76865611842726,
                39.6750800137492
              ],
              [
                -121.7686643180393,
                39.67508221138027
              ],
              [
                -121.7686725482919,
                39.67508430729169
              ],
              [
                -121.76868005949432,
                39.67508609945379
              ],
              [
                -121.76867254829168,
                39.6750843072917
              ],
              [
                -121.76866431803894,
                39.675082211380264
              ]
            ]
          ],
          [
            [
              [
                -121.76859256859203,
                39.67505845560248
              ],
              [
                -121.76860028509277,
                39.675061529571735
              ],
              [
                -121.76860807539637,
                39.67506449109784
              ],
              [
                -121.76860028509252,
                39.67506152957171
              ],
              [
                -121.76859256859203,
                39.67505845560248
              ]
            ]
          ],
          [
            [
              [
                -121.7685773253764,
                39.675052016208355
              ],
              [
                -121.76856982783953,
                39.67504863913172
              ],
              [
                -121.76856240282734,
                39.67504518383614
              ],
              [
                -121.76855505169539,
                39.675041592679456
              ],
              [
                -121.76854778707163,
                39.67503792423221
              ],
              [
                -121.76854556562186,
                39.67503675936406
              ],
              [
                -121.76854778707181,
                39.6750379242323
              ],
              [
                -121.76855505169549,
                39.675041592679456
              ],
              [
                -121.76856240282765,
                39.67504518383614
              ],
              [
                -121.76856982783978,
                39.675048639131674
              ],
              [
                -121.7685773253764,
                39.67505201620828
              ],
              [
                -121.76858491066712,
                39.67505529167775
              ],
              [
                -121.76859256859203,
                39.67505845560248
              ],
              [
                -121.76858491066712,
                39.675055291677815
              ],
              [
                -121.7685773253764,
                39.675052016208355
              ]
            ]
          ],
          [
            [
              [
                -121.7685264928726,
                39.67502632270555
              ],
              [
                -121.76851957922388,
                39.67502226043958
              ],
              [
                -121.7685127532522,
                39.67501811998453
              ],
              [
                -121.76851957922392,
                39.675022260439476
              ],
              [
                -121.76852649287258,
                39.67502632270532
              ],
              [
                -121.76853350826237,
                39.675030283391855
              ],
              [
                -121.76853774115392,
                39.675032594611736
              ],
              [
                -121.76853350826221,
                39.675030283391884
              ],
              [
                -121.7685264928726,
                39.67502632270555
              ]
            ]
          ],
          [
            [
              [
                -121.7682269525184,
                39.674834880544644
              ],
              [
                -121.76850604533657,
                39.67501387888285
              ],
              [
                -121.7685127532522,
                39.67501811998453
              ],
              [
                -121.76850604533637,
                39.67501387888285
              ],
              [
                -121.7682269525184,
                39.674834880544644
              ]
            ]
          ],
          [
            [
              [
                -121.76802618772062,
                39.674704517768745
              ],
              [
                -121.7680604675623,
                39.67472770610405
              ],
              [
                -121.7680799883253,
                39.6747404486614
              ],
              [
                -121.7680604675622,
                39.67472770610405
              ],
              [
                -121.76802618772062,
                39.674704517768745
              ]
            ]
          ],
          [
            [
              [
                -121.76799238846598,
                39.67468084876738
              ],
              [
                -121.76795915951894,
                39.67465674165301
              ],
              [
                -121.76799238846608,
                39.67468084876738
              ],
              [
                -121.7680261725649,
                39.67470450751675
              ],
              [
                -121.76802617256477,
                39.67470450751668
              ],
              [
                -121.76799238846598,
                39.67468084876738
              ]
            ]
          ],
          [
            [
              [
                -121.76780143119298,
                39.674529666338444
              ],
              [
                -121.76783182989219,
                39.67455592689596
              ],
              [
                -121.7678627976196,
                39.67458177244381
              ],
              [
                -121.76783182989224,
                39.67455592689613
              ],
              [
                -121.76780143119298,
                39.674529666338444
              ]
            ]
          ],
          [
            [
              [
                -121.76771389486314,
                39.67444849597702
              ],
              [
                -121.76768594564581,
                39.674420665798564
              ],
              [
                -121.767585874719,
                39.674319173238864
              ],
              [
                -121.76768594564597,
                39.67442066579857
              ],
              [
                -121.76771389486315,
                39.67444849597702
              ],
              [
                -121.76774245612333,
                39.6744759445588
              ],
              [
                -121.76776282905291,
                39.67449483740031
              ],
              [
                -121.76774245612326,
                39.67447594455885
              ],
              [
                -121.76771389486314,
                39.67444849597702
              ]
            ]
          ],
          [
            [
              [
                -121.76732438229166,
                39.674068231057255
              ],
              [
                -121.7673766718296,
                39.67411502333425
              ],
              [
                -121.767585874719,
                39.674319173238864
              ],
              [
                -121.76737667182947,
                39.67411502333435
              ],
              [
                -121.76732438229166,
                39.674068231057255
              ]
            ]
          ],
          [
            [
              [
                -121.76721570559663,
                39.6739748878248
              ],
              [
                -121.76718888971585,
                39.673953826629095
              ],
              [
                -121.76721570559663,
                39.6739748878247
              ],
              [
                -121.76727104380564,
                39.674022145533286
              ],
              [
                -121.76732438229166,
                39.674068231057255
              ],
              [
                -121.76727104380564,
                39.674022145533336
              ],
              [
                -121.76721570559663,
                39.6739748878248
              ]
            ]
          ],
          [
            [
              [
                -121.76690794300896,
                39.67403794530031
              ],
              [
                -121.76695949911388,
                39.673779115345006
              ],
              [
                -121.76707158760158,
                39.67386308372296
              ],
              [
                -121.7671613164816,
                39.6739321705895
              ],
              [
                -121.76716131648166,
                39.67393217058954
              ],
              [
                -121.76687856915599,
                39.67415127294111
              ],
              [
                -121.76690794300896,
                39.67403794530031
              ]
            ]
          ],
          [
            [
              [
                -121.7645798720341,
                39.682640575221534
              ],
              [
                -121.7645115938485,
                39.68257869823635
              ],
              [
                -121.76432650161432,
                39.68241454506853
              ],
              [
                -121.76451159384855,
                39.682578698236334
              ],
              [
                -121.7645798720341,
                39.682640575221534
              ]
            ]
          ],
          [
            [
              [
                -121.77231069785515,
                39.68956301091494
              ],
              [
                -121.77360928838914,
                39.690730003160965
              ],
              [
                -121.7723106978551,
                39.68956301091494
              ],
              [
                -121.77212555498264,
                39.68939887130285
              ],
              [
                -121.77083338893264,
                39.688240959886635
              ],
              [
                -121.77212555498268,
                39.68939887130285
              ],
              [
                -121.77231069785515,
                39.68956301091494
              ]
            ]
          ],
          [
            [
              [
                -121.77760422795903,
                39.69444105367304
              ],
              [
                -121.77721188295571,
                39.69475777627561
              ],
              [
                -121.777604227959,
                39.69444105367304
              ],
              [
                -121.77678679251,
                39.69364668649447
              ],
              [
                -121.77666859996914,
                39.69353941884304
              ],
              [
                -121.77678679251,
                39.69364668649432
              ],
              [
                -121.77760422795903,
                39.69444105367304
              ]
            ]
          ],
          [
            [
              [
                -121.76183485589269,
                39.70246802133064
              ],
              [
                -121.76041344565793,
                39.702611611746924
              ],
              [
                -121.76183485589277,
                39.702468021330596
              ],
              [
                -121.76718365685122,
                39.70192724535545
              ],
              [
                -121.76758844165272,
                39.701905304692474
              ],
              [
                -121.76718365685122,
                39.701927245355556
              ],
              [
                -121.76183485589269,
                39.70246802133064
              ]
            ]
          ],
          [
            [
              [
                -121.73551226008642,
                39.705061062744996
              ],
              [
                -121.74295204964996,
                39.70433883830792
              ],
              [
                -121.74477710616407,
                39.70415552606879
              ],
              [
                -121.74295204964996,
                39.70433883830806
              ],
              [
                -121.73551226008642,
                39.705061062744996
              ]
            ]
          ],
          [
            [
              [
                -121.73428928022028,
                39.70524264036855
              ],
              [
                -121.73428836328064,
                39.70524281052903
              ],
              [
                -121.73428928022038,
                39.70524264036849
              ],
              [
                -121.73463438868367,
                39.705178646762185
              ],
              [
                -121.73517392218999,
                39.70510018968983
              ],
              [
                -121.73463438868346,
                39.70517864676225
              ],
              [
                -121.73428928022028,
                39.70524264036855
              ]
            ]
          ],
          [
            [
              [
                -121.73427677229145,
                39.70524497683569
              ],
              [
                -121.73427849916807,
                39.70524465248863
              ],
              [
                -121.73428029504585,
                39.70524431518183
              ],
              [
                -121.73427849916808,
                39.705244652488744
              ],
              [
                -121.73427677229145,
                39.70524497683569
              ]
            ]
          ],
          [
            [
              [
                -121.73427154724597,
                39.70524596327067
              ],
              [
                -121.7342731115244,
                39.705245667111555
              ],
              [
                -121.73427454252771,
                39.70524539690216
              ],
              [
                -121.73427311152437,
                39.70524566711172
              ],
              [
                -121.73427154724597,
                39.70524596327067
              ]
            ]
          ],
          [
            [
              [
                -121.73426054725627,
                39.70524805979907
              ],
              [
                -121.7342587536867,
                39.70524840341574
              ],
              [
                -121.73425720184576,
                39.70524870227892
              ],
              [
                -121.73425875368673,
                39.70524840341567
              ],
              [
                -121.73426054725635,
                39.70524805979906
              ],
              [
                -121.73426234199555,
                39.70524771528411
              ],
              [
                -121.73426393788382,
                39.7052474105409
              ],
              [
                -121.7342623419955,
                39.705247715284194
              ],
              [
                -121.73426054725627,
                39.70524805979907
              ]
            ]
          ],
          [
            [
              [
                -121.73424440967702,
                39.70525118298261
              ],
              [
                -121.73424261841215,
                39.70525153380984
              ],
              [
                -121.73424178826873,
                39.70525169629017
              ],
              [
                -121.73424261841215,
                39.70525153380984
              ],
              [
                -121.73424440967707,
                39.70525118298245
              ],
              [
                -121.73424620210469,
                39.70525083305869
              ],
              [
                -121.73424799452887,
                39.70525048403538
              ],
              [
                -121.73424620210469,
                39.705250833058706
              ],
              [
                -121.73424440967702,
                39.70525118298261
              ]
            ]
          ],
          [
            [
              [
                -121.73423724344075,
                39.705252588990966
              ],
              [
                -121.73423545216902,
                39.70525294161943
              ],
              [
                -121.73423724344084,
                39.70525258899093
              ],
              [
                -121.73423903471273,
                39.705252236362384
              ],
              [
                -121.73423936450973,
                39.70525217160444
              ],
              [
                -121.73423903471267,
                39.705252236362384
              ],
              [
                -121.73423724344075,
                39.705252588990966
              ]
            ]
          ],
          [
            [
              [
                -121.73423199427803,
                39.70525362604547
              ],
              [
                -121.73423366205638,
                39.70525329605183
              ],
              [
                -121.73423545216902,
                39.70525294161943
              ],
              [
                -121.73423366205643,
                39.70525329605202
              ],
              [
                -121.73423199427803,
                39.70525362604547
              ]
            ]
          ],
          [
            [
              [
                -121.73422829054552,
                39.70525436114789
              ],
              [
                -121.73423008066497,
                39.70525400491428
              ],
              [
                -121.73423119836471,
                39.705253783615845
              ],
              [
                -121.7342300806651,
                39.70525400491428
              ],
              [
                -121.73422829054552,
                39.70525436114789
              ]
            ]
          ],
          [
            [
              [
                -121.73422113121644,
                39.70525579058899
              ],
              [
                -121.7342193422527,
                39.70525614952731
              ],
              [
                -121.73421755328549,
                39.70525650936639
              ],
              [
                -121.73421934225267,
                39.70525614952731
              ],
              [
                -121.73422113121633,
                39.70525579058899
              ],
              [
                -121.73422292134279,
                39.70525543255389
              ],
              [
                -121.73422371496169,
                39.70525527372116
              ],
              [
                -121.73422292134289,
                39.70525543255389
              ],
              [
                -121.73422113121644,
                39.70525579058899
              ]
            ]
          ],
          [
            [
              [
                -121.73421498707945,
                39.70525702746222
              ],
              [
                -121.734215765481,
                39.70525687010862
              ],
              [
                -121.73421755328549,
                39.70525650936639
              ],
              [
                -121.734215765481,
                39.70525687010873
              ],
              [
                -121.73421498707945,
                39.70525702746222
              ]
            ]
          ],
          [
            [
              [
                -121.73421076320763,
                39.70525788246187
              ],
              [
                -121.73421218869892,
                39.70525759339184
              ],
              [
                -121.73421290640378,
                39.70525744821247
              ],
              [
                -121.73421218869892,
                39.70525759339196
              ],
              [
                -121.73421076320763,
                39.70525788246187
              ]
            ]
          ],
          [
            [
              [
                -121.73420735911944,
                39.70525857402665
              ],
              [
                -121.73420861307609,
                39.705258318478975
              ],
              [
                -121.73420992632725,
                39.705258052169675
              ],
              [
                -121.73420861307592,
                39.70525831847914
              ],
              [
                -121.73420735911944,
                39.70525857402665
              ]
            ]
          ],
          [
            [
              [
                -121.73419476888095,
                39.70526115579809
              ],
              [
                -121.73419610530343,
                39.70526087971684
              ],
              [
                -121.73419789196934,
                39.705260511766774
              ],
              [
                -121.73419610530324,
                39.70526087971701
              ],
              [
                -121.73419476888095,
                39.70526115579809
              ]
            ]
          ],
          [
            [
              [
                -121.73419074878998,
                39.70526198717785
              ],
              [
                -121.73419042677905,
                39.70526205402415
              ],
              [
                -121.73419074879001,
                39.70526198717779
              ],
              [
                -121.73419253429677,
                39.705261617423744
              ],
              [
                -121.73419289187422,
                39.70526154355455
              ],
              [
                -121.73419253429682,
                39.705261617423744
              ],
              [
                -121.73419074878998,
                39.70526198717785
              ]
            ]
          ],
          [
            [
              [
                -121.73417938962548,
                39.70526435670123
              ],
              [
                -121.73418004035892,
                39.705264220122956
              ],
              [
                -121.7341813730389,
                39.705263941272314
              ],
              [
                -121.73418004035886,
                39.705264220123084
              ],
              [
                -121.73417938962548,
                39.70526435670123
              ]
            ]
          ],
          [
            [
              [
                -121.73416770819541,
                39.70526682448993
              ],
              [
                -121.73416934116351,
                39.70526647740682
              ],
              [
                -121.7341711243691,
                39.7052660995418
              ],
              [
                -121.73416934116355,
                39.70526647740696
              ],
              [
                -121.73416770819541,
                39.70526682448993
              ]
            ]
          ],
          [
            [
              [
                -121.73416501904231,
                39.70526739644506
              ],
              [
                -121.73416577707775,
                39.70526723494381
              ],
              [
                -121.73416653696671,
                39.705267073431465
              ],
              [
                -121.73416577707772,
                39.70526723494381
              ],
              [
                -121.73416501904231,
                39.70526739644506
              ]
            ]
          ],
          [
            [
              [
                -121.73416043209455,
                39.705268376655766
              ],
              [
                -121.7341591193213,
                39.705268657856834
              ],
              [
                -121.73416043209453,
                39.70526837665561
              ],
              [
                -121.73416221298164,
                39.705267995182496
              ],
              [
                -121.73416388547928,
                39.70526763800856
              ],
              [
                -121.73416221298164,
                39.70526799518262
              ],
              [
                -121.73416043209455,
                39.705268376655766
              ]
            ]
          ],
          [
            [
              [
                -121.73415597788487,
                39.705269333015686
              ],
              [
                -121.7341568703134,
                39.705269141403036
              ],
              [
                -121.7341572548358,
                39.705269058648206
              ],
              [
                -121.73415687031348,
                39.705269141403036
              ],
              [
                -121.73415597788487,
                39.705269333015686
              ]
            ]
          ],
          [
            [
              [
                -121.73414974905587,
                39.70527067810824
              ],
              [
                -121.73414818743261,
                39.70527101599396
              ],
              [
                -121.73414974905569,
                39.70527067810823
              ],
              [
                -121.73415152879402,
                39.70527029212924
              ],
              [
                -121.7341530064608,
                39.705269973156234
              ],
              [
                -121.73415152879402,
                39.70527029212931
              ],
              [
                -121.73414974905587,
                39.70527067810824
              ]
            ]
          ],
          [
            [
              [
                -121.73414263125855,
                39.70527222472849
              ],
              [
                -121.73414440983758,
                39.705271836945506
              ],
              [
                -121.73414618957929,
                39.70527145006599
              ],
              [
                -121.73414440983751,
                39.70527183694564
              ],
              [
                -121.73414263125855,
                39.70527222472849
              ]
            ]
          ],
          [
            [
              [
                -121.73413443833068,
                39.705274020670466
              ],
              [
                -121.73413551808093,
                39.70527378306773
              ],
              [
                -121.73413675311309,
                39.70527351173981
              ],
              [
                -121.73413551808099,
                39.705273783067724
              ],
              [
                -121.73413443833068,
                39.705274020670466
              ]
            ]
          ],
          [
            [
              [
                -121.73412161549763,
                39.705276861443025
              ],
              [
                -121.73412307837778,
                39.70527653539858
              ],
              [
                -121.73412449574171,
                39.705276220216874
              ],
              [
                -121.73412307837778,
                39.70527653539864
              ],
              [
                -121.73412161549763,
                39.705276861443025
              ]
            ]
          ],
          [
            [
              [
                -121.7341168085095,
                39.70527793597376
              ],
              [
                -121.73411775070353,
                39.70527772488442
              ],
              [
                -121.73411913129914,
                39.705277416480165
              ],
              [
                -121.73411775070355,
                39.705277724884404
              ],
              [
                -121.7341168085095,
                39.70527793597376
              ]
            ]
          ],
          [
            [
              [
                -121.73410753617623,
                39.70528002379552
              ],
              [
                -121.73410887741488,
                39.70527972058438
              ],
              [
                -121.73411026688854,
                39.705279406965396
              ],
              [
                -121.73410887741494,
                39.70527972058444
              ],
              [
                -121.73410753617623,
                39.70528002379552
              ]
            ]
          ],
          [
            [
              [
                -121.73410431529719,
                39.70528075403202
              ],
              [
                -121.73410532947881,
                39.705280524091414
              ],
              [
                -121.7341061476278,
                39.70528033847314
              ],
              [
                -121.73410532947891,
                39.705280524091414
              ],
              [
                -121.73410431529719,
                39.70528075403202
              ]
            ]
          ],
          [
            [
              [
                -121.73410000872529,
                39.70528173340737
              ],
              [
                -121.72775693054007,
                39.70790579605602
              ],
              [
                -121.726625807407,
                39.708384016403706
              ],
              [
                -121.72775693053994,
                39.70790579605602
              ],
              [
                -121.73095261857154,
                39.70651720896307
              ],
              [
                -121.73389094340168,
                39.70533449533667
              ],
              [
                -121.7338926838584,
                39.70533401379922
              ],
              [
                -121.733894423149,
                39.705333532259154
              ],
              [
                -121.73389616476825,
                39.70533305162512
              ],
              [
                -121.73389790522145,
                39.705332570988304
              ],
              [
                -121.73389964683395,
                39.705332092155494
              ],
              [
                -121.73390138728021,
                39.70533161331989
              ],
              [
                -121.7339031300553,
                39.70533113539043
              ],
              [
                -121.73390487166412,
                39.705330657458205
              ],
              [
                -121.73390661443572,
                39.70533018042926
              ],
              [
                -121.73390835720389,
                39.70532970430104
              ],
              [
                -121.73391009996853,
                39.70532922907341
              ],
              [
                -121.73391184273328,
                39.70532875384587
              ],
              [
                -121.73391358666052,
                39.70532827952144
              ],
              [
                -121.73391533058444,
                39.70532780609779
              ],
              [
                -121.73391707450487,
                39.705327333574886
              ],
              [
                -121.73391881842522,
                39.705326861051844
              ],
              [
                -121.73392056350835,
                39.70532638943224
              ],
              [
                -121.73392230858789,
                39.70532591871301
              ],
              [
                -121.73392405366747,
                39.70532544799389
              ],
              [
                -121.73392579990968,
                39.70532497817825
              ],
              [
                -121.73392754614851,
                39.70532450926305
              ],
              [
                -121.73392929238383,
                39.7053240412485
              ],
              [
                -121.73393103861912,
                39.70532357323399
              ],
              [
                -121.73393278485104,
                39.70532310612018
              ],
              [
                -121.73393453224548,
                39.70532263990958
              ],
              [
                -121.73393627963658,
                39.705322174599786
              ],
              [
                -121.73393802702765,
                39.70532170928974
              ],
              [
                -121.73393977558138,
                39.7053212448832
              ],
              [
                -121.733941524135,
                39.705320780476576
              ],
              [
                -121.73394327268188,
                39.70532031787117
              ],
              [
                -121.73394502122864,
                39.70531985526595
              ],
              [
                -121.733946769772,
                39.70531939356131
              ],
              [
                -121.73394851948139,
                39.70531893185908
              ],
              [
                -121.73395026918399,
                39.705318471958556
              ],
              [
                -121.73395202005263,
                39.70531801206039
              ],
              [
                -121.73395376975171,
                39.70531755306015
              ],
              [
                -121.7339555206168,
                39.70531709406288
              ],
              [
                -121.73395727147854,
                39.70531663596611
              ],
              [
                -121.73395902233688,
                39.70531617876993
              ],
              [
                -121.73396077435774,
                39.70531572247709
              ],
              [
                -121.73396252521255,
                39.70531526618156
              ],
              [
                -121.73396427722662,
                39.7053148116899
              ],
              [
                -121.73396603041017,
                39.705314356300455
              ],
              [
                -121.73396778242072,
                39.70531390270954
              ],
              [
                -121.73396953559745,
                39.705313449121164
              ],
              [
                -121.73397128877053,
                39.70531299643354
              ],
              [
                -121.73397304194032,
                39.70531254464657
              ],
              [
                -121.73397479627275,
                39.70531209376297
              ],
              [
                -121.73397654943899,
                39.705311642876794
              ],
              [
                -121.733978303768,
                39.70531119289366
              ],
              [
                -121.73398005809352,
                39.70531074381124
              ],
              [
                -121.73398181358502,
                39.70531029473148
              ],
              [
                -121.7339835690732,
                39.70530984655239
              ],
              [
                -121.73398532455784,
                39.705309399274014
              ],
              [
                -121.73398708003909,
                39.70530895289616
              ],
              [
                -121.73398883552035,
                39.70530850651829
              ],
              [
                -121.73399059216418,
                39.705308061043816
              ],
              [
                -121.73399234880466,
                39.70530761646996
              ],
              [
                -121.73399410544503,
                39.705307171896116
              ],
              [
                -121.73399586207869,
                39.70530672912347
              ],
              [
                -121.73399761987824,
                39.70530628635362
              ],
              [
                -121.73399937767786,
                39.705305843583865
              ],
              [
                -121.73400113547056,
                39.70530540261507
              ],
              [
                -121.73400289326332,
                39.70530496164642
              ],
              [
                -121.73400465221863,
                39.70530452158115
              ],
              [
                -121.73400641117402,
                39.70530408151577
              ],
              [
                -121.73400817012248,
                39.70530364325183
              ],
              [
                -121.73400992907095,
                39.70530320498771
              ],
              [
                -121.73401168918207,
                39.70530276762699
              ],
              [
                -121.73401344812706,
                39.70530233026356
              ],
              [
                -121.73401520823128,
                39.705301894704114
              ],
              [
                -121.73401696950158,
                39.70530145914737
              ],
              [
                -121.73401872960572,
                39.7053010235878
              ],
              [
                -121.7340204908691,
                39.70530058983243
              ],
              [
                -121.73402225213256,
                39.70530015607685
              ],
              [
                -121.7340240133925,
                39.70529972322194
              ],
              [
                -121.73402577581511,
                39.7052992912704
              ],
              [
                -121.73402753707157,
                39.70529885931614
              ],
              [
                -121.73402929949071,
                39.705298428265216
              ],
              [
                -121.73403106190652,
                39.705297998114816
              ],
              [
                -121.73403282548477,
                39.70529756886788
              ],
              [
                -121.7340345878971,
                39.705297139618374
              ],
              [
                -121.73403635147197,
                39.70529671127194
              ],
              [
                -121.73403811504343,
                39.705296283826286
              ],
              [
                -121.7340398786149,
                39.70529585638054
              ],
              [
                -121.7340416433455,
                39.705295430738836
              ],
              [
                -121.73404340807612,
                39.70529500509702
              ],
              [
                -121.73404517280672,
                39.705294579455156
              ],
              [
                -121.73404693753061,
                39.70529415561474
              ],
              [
                -121.73404870225433,
                39.70529373177431
              ],
              [
                -121.7340504681407,
                39.70529330883724
              ],
              [
                -121.73405223402705,
                39.7052928859
              ],
              [
                -121.73405399990665,
                39.70529246476402
              ],
              [
                -121.73405576695225,
                39.70529204363086
              ],
              [
                -121.73405753282827,
                39.70529162339568
              ],
              [
                -121.73405929987038,
                39.70529120316313
              ],
              [
                -121.73406106690565,
                39.705290784731744
              ],
              [
                -121.73406283394097,
                39.705290366300396
              ],
              [
                -121.7340646021388,
                39.7052899487725
              ],
              [
                -121.73406637033666,
                39.70528953124444
              ],
              [
                -121.73406813853106,
                39.705289114617095
              ],
              [
                -121.7340699067222,
                39.70528869889041
              ],
              [
                -121.73407167490971,
                39.7052882840643
              ],
              [
                -121.73407344425989,
                39.705287870141646
              ],
              [
                -121.73407521361007,
                39.7052874562188
              ],
              [
                -121.73407698295685,
                39.70528704319669
              ],
              [
                -121.73407875230363,
                39.70528663017451
              ],
              [
                -121.73408052280962,
                39.70528621895632
              ],
              [
                -121.73408229214947,
                39.70528580773551
              ],
              [
                -121.73408406265186,
                39.70528539741792
              ],
              [
                -121.73408583432054,
                39.705284987103006
              ],
              [
                -121.7340876048162,
                39.70528457858685
              ],
              [
                -121.73408937647795,
                39.70528417007323
              ],
              [
                -121.73409114813612,
                39.70528376246032
              ],
              [
                -121.73409291979443,
                39.70528335484735
              ],
              [
                -121.73409469144924,
                39.705282948135036
              ],
              [
                -121.73409646426671,
                39.705282542325946
              ],
              [
                -121.73409823591467,
                39.70528213741504
              ],
              [
                -121.73410000872522,
                39.70528173340737
              ],
              [
                -121.73410178270188,
                39.70528132940217
              ],
              [
                -121.73410340911411,
                39.70528095958302
              ],
              [
                -121.73410178270188,
                39.705281329402325
              ],
              [
                -121.73410000872529,
                39.70528173340737
              ]
            ]
          ],
          [
            [
              [
                -121.72419351206528,
                39.70941226082324
              ],
              [
                -121.72419750125225,
                39.70941058938088
              ],
              [
                -121.72419956858168,
                39.70940971994111
              ],
              [
                -121.72419750125223,
                39.709410589380916
              ],
              [
                -121.72419351206528,
                39.70941226082324
              ]
            ]
          ],
          [
            [
              [
                -121.72416145602145,
                39.70942557710857
              ],
              [
                -121.7241637886459,
                39.70942461700167
              ],
              [
                -121.72416457675425,
                39.70942429134206
              ],
              [
                -121.72416378864582,
                39.709424617001716
              ],
              [
                -121.72416145602145,
                39.70942557710857
              ]
            ]
          ],
          [
            [
              [
                -121.72413060855159,
                39.70943818129359
              ],
              [
                -121.72413672300836,
                39.709435699620144
              ],
              [
                -121.72414157524453,
                39.70943372338618
              ],
              [
                -121.7241367230084,
                39.709435699620244
              ],
              [
                -121.72413060855159,
                39.70943818129359
              ]
            ]
          ],
          [
            [
              [
                -121.72411266697546,
                39.709445417137964
              ],
              [
                -121.72411636811574,
                39.709443931062616
              ],
              [
                -121.72411935278902,
                39.70944272846402
              ],
              [
                -121.72411636811565,
                39.709443931062694
              ],
              [
                -121.72411266697546,
                39.709445417137964
              ]
            ]
          ],
          [
            [
              [
                -121.72409596568262,
                39.709452092136026
              ],
              [
                -121.72410277151565,
                39.70944937989666
              ],
              [
                -121.72410777777591,
                39.70944737748306
              ],
              [
                -121.72410277151565,
                39.7094493798967
              ],
              [
                -121.72409596568262,
                39.709452092136026
              ]
            ]
          ],
          [
            [
              [
                -121.72406185999053,
                39.70946553966036
              ],
              [
                -121.72406082445731,
                39.70946594347942
              ],
              [
                -121.72406185999063,
                39.70946553966032
              ],
              [
                -121.7240686913326,
                39.709462865311714
              ],
              [
                -121.72407551803789,
                39.70946018374655
              ],
              [
                -121.72406869133258,
                39.7094628653118
              ],
              [
                -121.72406185999053,
                39.70946553966036
              ]
            ]
          ],
          [
            [
              [
                -121.72403287989977,
                39.70947677252854
              ],
              [
                -121.72403448245613,
                39.70947615676634
              ],
              [
                -121.72403816300462,
                39.709474737245394
              ],
              [
                -121.72403448245606,
                39.70947615676636
              ],
              [
                -121.72403287989977,
                39.70947677252854
              ]
            ]
          ],
          [
            [
              [
                -121.72400514607791,
                39.70948735927309
              ],
              [
                -121.72400702377558,
                39.70948664847941
              ],
              [
                -121.72400787100449,
                39.709486326547946
              ],
              [
                -121.72400702377567,
                39.70948664847941
              ],
              [
                -121.72400514607791,
                39.70948735927309
              ]
            ]
          ],
          [
            [
              [
                -121.72398821355107,
                39.70949374543801
              ],
              [
                -121.7239932648798,
                39.70949184742805
              ],
              [
                -121.72399605498893,
                39.709490795062884
              ],
              [
                -121.7239932648798,
                39.709491847428076
              ],
              [
                -121.72398821355107,
                39.70949374543801
              ]
            ]
          ],
          [
            [
              [
                -121.72397720767006,
                39.70949786461881
              ],
              [
                -121.72397948628151,
                39.70949701480474
              ],
              [
                -121.72398177318547,
                39.709496158784205
              ],
              [
                -121.72397948628154,
                39.70949701480474
              ],
              [
                -121.72397720767006,
                39.70949786461881
              ]
            ]
          ],
          [
            [
              [
                -121.7239530027222,
                39.709506837974814
              ],
              [
                -121.72395878129576,
                39.70950470678437
              ],
              [
                -121.7239648824225,
                39.709502448747784
              ],
              [
                -121.72395878129576,
                39.709504706784486
              ],
              [
                -121.7239530027222,
                39.709506837974814
              ]
            ]
          ],
          [
            [
              [
                -121.72388248908567,
                39.70953230333456
              ],
              [
                -121.72387552445964,
                39.709534764795826
              ],
              [
                -121.72388248908584,
                39.70953230333442
              ],
              [
                -121.72388944790909,
                39.709529834653374
              ],
              [
                -121.72389042282389,
                39.70952948736117
              ],
              [
                -121.72389640326891,
                39.70952735695702
              ],
              [
                -121.72388944790909,
                39.70952983465351
              ],
              [
                -121.72388248908567,
                39.70953230333456
              ]
            ]
          ],
          [
            [
              [
                -121.72385583930509,
                39.70954166898177
              ],
              [
                -121.7238615813078,
                39.709539663366016
              ],
              [
                -121.7238672891218,
                39.70953766205951
              ],
              [
                -121.72386158130773,
                39.70953966336621
              ],
              [
                -121.72385583930509,
                39.70954166898177
              ]
            ]
          ],
          [
            [
              [
                -121.723826643507,
                39.70955176953914
              ],
              [
                -121.7238336405688,
                39.7095493639998
              ],
              [
                -121.72383724370768,
                39.70954812072647
              ],
              [
                -121.72383364056878,
                39.709549363999884
              ],
              [
                -121.723826643507,
                39.70955176953914
              ]
            ]
          ],
          [
            [
              [
                -121.72380774857214,
                39.709558217070985
              ],
              [
                -121.7238126366499,
                39.70955655626819
              ],
              [
                -121.72381964181194,
                39.709554166961084
              ],
              [
                -121.72381263664995,
                39.70955655626838
              ],
              [
                -121.72380774857214,
                39.709558217070985
              ]
            ]
          ],
          [
            [
              [
                -121.72376842791616,
                39.7095714138717
              ],
              [
                -121.72377050486894,
                39.7095707252374
              ],
              [
                -121.72377203691423,
                39.709570215169734
              ],
              [
                -121.72377050486894,
                39.70957072523743
              ],
              [
                -121.72376842791616,
                39.7095714138717
              ]
            ]
          ],
          [
            [
              [
                -121.7237493781766,
                39.70957770104005
              ],
              [
                -121.72374232784563,
                39.70958001007529
              ],
              [
                -121.72373768254762,
                39.709581524848346
              ],
              [
                -121.7237423278457,
                39.70958001007524
              ],
              [
                -121.72374937817655,
                39.70957770104005
              ],
              [
                -121.72375642504055,
                39.709575383889955
              ],
              [
                -121.7237576493752,
                39.70957497962813
              ],
              [
                -121.72375642504055,
                39.70957538388996
              ],
              [
                -121.7237493781766,
                39.70957770104005
              ]
            ]
          ],
          [
            [
              [
                -121.72369610620255,
                39.7095949121324
              ],
              [
                -121.72369992972367,
                39.70959369562251
              ],
              [
                -121.7237041868265,
                39.70959233593364
              ],
              [
                -121.7236999297236,
                39.70959369562256
              ],
              [
                -121.72369610620255,
                39.7095949121324
              ]
            ]
          ],
          [
            [
              [
                -121.72367157669382,
                39.70960265848292
              ],
              [
                -121.72366447889698,
                39.70960487823348
              ],
              [
                -121.72366121867708,
                39.709605893681676
              ],
              [
                -121.72366447889704,
                39.70960487823335
              ],
              [
                -121.72367157669377,
                39.7096026584828
              ],
              [
                -121.72367867219336,
                39.709600429719536
              ],
              [
                -121.72368320324173,
                39.70959900012077
              ],
              [
                -121.72367867219329,
                39.709600429719686
              ],
              [
                -121.72367157669382,
                39.70960265848292
              ]
            ]
          ],
          [
            [
              [
                -121.7173116567827,
                39.71132191409909
              ],
              [
                -121.71731216269784,
                39.71132177748384
              ],
              [
                -121.71731216270733,
                39.71132177748127
              ],
              [
                -121.71731216269785,
                39.71132177748384
              ],
              [
                -121.7173116567827,
                39.71132191409909
              ]
            ]
          ],
          [
            [
              [
                -121.71729643657254,
                39.71132603683396
              ],
              [
                -121.71729742238423,
                39.711325768164016
              ],
              [
                -121.71729831352852,
                39.711325526281385
              ],
              [
                -121.71729742238419,
                39.71132576816402
              ],
              [
                -121.71729643657254,
                39.71132603683396
              ]
            ]
          ],
          [
            [
              [
                -121.71727534082198,
                39.711331814596996
              ],
              [
                -121.71727052991565,
                39.711333144325025
              ],
              [
                -121.71727534082198,
                39.71133181459694
              ],
              [
                -121.71728269709865,
                39.711329791303534
              ],
              [
                -121.71728456074618,
                39.71132928086991
              ],
              [
                -121.71728269709845,
                39.7113297913036
              ],
              [
                -121.71727534082198,
                39.711331814596996
              ]
            ]
          ],
          [
            [
              [
                -121.71722395088585,
                39.711346212067234
              ],
              [
                -121.71722248368468,
                39.71134663044759
              ],
              [
                -121.7172239508858,
                39.711346212067234
              ],
              [
                -121.71723128057927,
                39.711344130168186
              ],
              [
                -121.7172386149008,
                39.71134205728675
              ],
              [
                -121.71723128057914,
                39.711344130168214
              ],
              [
                -121.71722395088585,
                39.711346212067234
              ]
            ]
          ],
          [
            [
              [
                -121.7171889201278,
                39.71135628767126
              ],
              [
                -121.71719467027545,
                39.7113546181105
              ],
              [
                -121.71719756315848,
                39.711353782257184
              ],
              [
                -121.71719467027526,
                39.71135461811061
              ],
              [
                -121.7171889201278,
                39.71135628767126
              ]
            ]
          ],
          [
            [
              [
                -121.71712341331886,
                39.711375702730685
              ],
              [
                -121.71712902222717,
                39.71137400983439
              ],
              [
                -121.71713630103943,
                39.711371822438096
              ],
              [
                -121.7171290222271,
                39.71137400983449
              ],
              [
                -121.71712341331886,
                39.711375702730685
              ]
            ]
          ],
          [
            [
              [
                -121.71710721358333,
                39.71138061982448
              ],
              [
                -121.71709995096498,
                39.71138283968289
              ],
              [
                -121.7170975930791,
                39.71138356330522
              ],
              [
                -121.71709995096502,
                39.71138283968283
              ],
              [
                -121.71710721358343,
                39.71138061982436
              ],
              [
                -121.71711447850096,
                39.71137840807733
              ],
              [
                -121.71711753426155,
                39.711377482157864
              ],
              [
                -121.71711447850096,
                39.71137840807736
              ],
              [
                -121.71710721358333,
                39.71138061982448
              ]
            ]
          ],
          [
            [
              [
                -121.71707094681439,
                39.711391798484435
              ],
              [
                -121.7170659943286,
                39.711393344593446
              ],
              [
                -121.71707094681445,
                39.71139179848437
              ],
              [
                -121.71707819206921,
                39.71138954706182
              ],
              [
                -121.71708130776871,
                39.71138858243947
              ],
              [
                -121.71707819206915,
                39.711389547061884
              ],
              [
                -121.71707094681439,
                39.711391798484435
              ]
            ]
          ],
          [
            [
              [
                -121.71704588588656,
                39.71139966187344
              ],
              [
                -121.71704923767007,
                39.71139860235168
              ],
              [
                -121.71705195060096,
                39.71139774870696
              ],
              [
                -121.71704923766997,
                39.71139860235175
              ],
              [
                -121.71704588588656,
                39.71139966187344
              ]
            ]
          ],
          [
            [
              [
                -121.71701529789992,
                39.71140941107234
              ],
              [
                -121.71702035271103,
                39.71140778750101
              ],
              [
                -121.71702577981969,
                39.71140605100822
              ],
              [
                -121.717020352711,
                39.71140778750113
              ],
              [
                -121.71701529789992,
                39.71140941107234
              ]
            ]
          ],
          [
            [
              [
                -121.7169987326695,
                39.71141476090354
              ],
              [
                -121.71699584631655,
                39.711415699688274
              ],
              [
                -121.71699873266944,
                39.71141476090354
              ],
              [
                -121.71700593510715,
                39.711412428320074
              ],
              [
                -121.71700870683735,
                39.71141153421954
              ],
              [
                -121.71700593510704,
                39.71141242832015
              ],
              [
                -121.7169987326695,
                39.71141476090354
              ]
            ]
          ],
          [
            [
              [
                -121.71696584453217,
                39.711425534220346
              ],
              [
                -121.71696996923747,
                39.71142417150588
              ],
              [
                -121.71697467440093,
                39.7114226224958
              ],
              [
                -121.71696996923741,
                39.71142417150601
              ],
              [
                -121.71696584453217,
                39.711425534220346
              ]
            ]
          ],
          [
            [
              [
                -121.71694844297043,
                39.71143131265334
              ],
              [
                -121.71695561414998,
                39.711428924154866
              ],
              [
                -121.71695720023621,
                39.71142839792747
              ],
              [
                -121.71695561415002,
                39.711428924154866
              ],
              [
                -121.71694844297043,
                39.71143131265334
              ]
            ]
          ],
          [
            [
              [
                -121.87422763902707,
                39.72495926828884
              ],
              [
                -121.87426621627863,
                39.72497848880457
              ],
              [
                -121.8742662495163,
                39.72497850884106
              ],
              [
                -121.87437489266506,
                39.72506128295102
              ],
              [
                -121.87437492500443,
                39.72506130506026
              ],
              [
                -121.87445292482222,
                39.72511334110241
              ],
              [
                -121.87445295985651,
                39.72511336113889
              ],
              [
                -121.87451878301063,
                39.72514923741587
              ],
              [
                -121.87451881804495,
                39.72514925676142
              ],
              [
                -121.87462980669494,
                39.725214429025364
              ],
              [
                -121.8746298408309,
                39.7252144476799
              ],
              [
                -121.87472455290626,
                39.72526024123201
              ],
              [
                -121.87472458794055,
                39.72526025781383
              ],
              [
                -121.87488950784692,
                39.72532915535772
              ],
              [
                -121.87488954288123,
                39.725329171248646
              ],
              [
                -121.87514698197565,
                39.7254443106193
              ],
              [
                -121.8751399518092,
                39.725442010567086
              ],
              [
                -121.87487616351953,
                39.72532403173542
              ],
              [
                -121.87471120940324,
                39.72525511821749
              ],
              [
                -121.8746164614815,
                39.72520930732926
              ],
              [
                -121.87450543955302,
                39.725144115398635
              ],
              [
                -121.87443958067091,
                39.72510821991435
              ],
              [
                -121.8743615474386,
                39.72505616307185
              ],
              [
                -121.87425287228007,
                39.724973365263075
              ],
              [
                -121.87421139940099,
                39.724954036925595
              ],
              [
                -121.8742137995818,
                39.72495405811104
              ],
              [
                -121.87422760219611,
                39.72495925308876
              ],
              [
                -121.87422763902707,
                39.72495926828884
              ]
            ]
          ],
          [
            [
              [
                -121.87524574061129,
                39.72547761645609
              ],
              [
                -121.87524009848748,
                39.725475535921404
              ],
              [
                -121.87524415373797,
                39.72547686269914
              ],
              [
                -121.87524418967057,
                39.725476877208216
              ],
              [
                -121.87524574061129,
                39.72547761645609
              ]
            ]
          ],
          [
            [
              [
                -121.87622079222938,
                39.725978458024606
              ],
              [
                -121.87613497166211,
                39.725932410311
              ],
              [
                -121.87616855070802,
                39.72594906848362
              ],
              [
                -121.8761685857423,
                39.72594908644706
              ],
              [
                -121.87622079222938,
                39.725978458024606
              ]
            ]
          ],
          [
            [
              [
                -121.87865922415635,
                39.726996345767304
              ],
              [
                -121.87871072277495,
                39.72702358283415
              ],
              [
                -121.87871075601262,
                39.727023604251876
              ],
              [
                -121.87874281688514,
                39.72709444420378
              ],
              [
                -121.8787546476974,
                39.727133027054094
              ],
              [
                -121.87877031251934,
                39.727190888507536
              ],
              [
                -121.87879473501697,
                39.7272199535944
              ],
              [
                -121.87879475837316,
                39.72721998053911
              ],
              [
                -121.87887225154114,
                39.727304054285604
              ],
              [
                -121.87887227669398,
                39.727304080539426
              ],
              [
                -121.87893770548769,
                39.72736559734443
              ],
              [
                -121.87893773513211,
                39.727365620143765
              ],
              [
                -121.87907753802087,
                39.727463688689724
              ],
              [
                -121.8790680184088,
                39.72746125364045
              ],
              [
                -121.87892435678044,
                39.727360477509
              ],
              [
                -121.8788589020968,
                39.727298935512565
              ],
              [
                -121.87878138460208,
                39.72721483483366
              ],
              [
                -121.87875693983835,
                39.72718574260885
              ],
              [
                -121.87874126932739,
                39.727127884094436
              ],
              [
                -121.87872943903122,
                39.72708930168358
              ],
              [
                -121.87869737776164,
                39.72701846140948
              ],
              [
                -121.87864584405223,
                39.72699120636837
              ],
              [
                -121.87864751895093,
                39.72698720899957
              ],
              [
                -121.87891031868243,
                39.72635999687664
              ],
              [
                -121.87892427297925,
                39.726363668021946
              ],
              [
                -121.87892430711524,
                39.72636368183994
              ],
              [
                -121.87865922415635,
                39.726996345767304
              ]
            ]
          ],
          [
            [
              [
                -121.87954552537187,
                39.727615699484986
              ],
              [
                -121.87954555591458,
                39.72761571952075
              ],
              [
                -121.8796138413509,
                39.72767491259761
              ],
              [
                -121.87961387458857,
                39.7276749319424
              ],
              [
                -121.87971191492205,
                39.72771923569258
              ],
              [
                -121.87971195085466,
                39.727719251582954
              ],
              [
                -121.87973459738296,
                39.72772948567192
              ],
              [
                -121.8797346333156,
                39.72772950087137
              ],
              [
                -121.87975944389916,
                39.727740712492555
              ],
              [
                -121.8797532557773,
                39.727738823232166
              ],
              [
                -121.87967537885127,
                39.727703632001564
              ],
              [
                -121.87966230347752,
                39.7276977234591
              ],
              [
                -121.87960049368522,
                39.727669792617434
              ],
              [
                -121.8795636036043,
                39.727637817670974
              ],
              [
                -121.87953218044575,
                39.72761057580196
              ],
              [
                -121.87933990557812,
                39.7275325107563
              ],
              [
                -121.87934186292391,
                39.72753301134805
              ],
              [
                -121.87934189795821,
                39.7275330265476
              ],
              [
                -121.87954552537187,
                39.727615699484986
              ]
            ]
          ],
          [
            [
              [
                -121.88060316405814,
                39.727870232740514
              ],
              [
                -121.88060319999076,
                39.72787024863083
              ],
              [
                -121.88064380384161,
                39.72788756909507
              ],
              [
                -121.88064383797759,
                39.72788758705803
              ],
              [
                -121.88068848424722,
                39.72791436157156
              ],
              [
                -121.88068851748487,
                39.727914382988956
              ],
              [
                -121.88075068988569,
                39.727951667210554
              ],
              [
                -121.88075072132672,
                39.72795168931887
              ],
              [
                -121.88080399321969,
                39.72799273054191
              ],
              [
                -121.88080402376241,
                39.7279927540319
              ],
              [
                -121.88090338282271,
                39.72807027243727
              ],
              [
                -121.88090341156882,
                39.72807029730899
              ],
              [
                -121.8809566196814,
                39.728115834719794
              ],
              [
                -121.88095665112246,
                39.72811585751894
              ],
              [
                -121.88105607665808,
                39.7281888684784
              ],
              [
                -121.88105610899744,
                39.728188890586594
              ],
              [
                -121.88113183338263,
                39.72823916390492
              ],
              [
                -121.881131865722,
                39.728239186013106
              ],
              [
                -121.88126951726791,
                39.728339594363895
              ],
              [
                -121.88126954960725,
                39.72833961647209
              ],
              [
                -121.88133018139736,
                39.72837621165727
              ],
              [
                -121.88133021643168,
                39.728376231001896
              ],
              [
                -121.88139868478224,
                39.72840904869101
              ],
              [
                -121.88139354736772,
                39.72840786048576
              ],
              [
                -121.88131683533649,
                39.72837109125943
              ],
              [
                -121.88125616957024,
                39.728334474338716
              ],
              [
                -121.88111848714561,
                39.728234043054044
              ],
              [
                -121.88104272911279,
                39.72818374864574
              ],
              [
                -121.88094327243796,
                39.728110714571585
              ],
              [
                -121.88089003551345,
                39.72806515271691
              ],
              [
                -121.88079064529762,
                39.727987611038465
              ],
              [
                -121.88073734332194,
                39.72794654669038
              ],
              [
                -121.8806304585237,
                39.7278824454205
              ],
              [
                -121.88051174451685,
                39.727831804800005
              ],
              [
                -121.88051414370842,
                39.727832261735614
              ],
              [
                -121.88051417964105,
                39.72783227486237
              ],
              [
                -121.88060316405814,
                39.727870232740514
              ]
            ]
          ]
        ]
      }
    },
    {
      "type": "Feature",
      "properties": {
        "zone_label": "22N01E09B001M",
        "rms_well_swn": "22N01E09B001M",
        "mgmt_area_full": "01-Vina-North",
        "mgmt_area": "North",
        "workbook_mgmt_area": "02-Vina-Chico",
        "reassigned": true,
        "well_in_chico_mgmt_area": true,
        "is_aggregate": false,
        "is_marker_only": false,
        "seed_lat": 39.7818,
        "seed_lon": -121.8718,
        "area_acres": 1965.7
      },
      "geometry": {
        "type": "MultiPolygon",
        "coordinates": [
          [
            [
              [
                -121.90885765603717,
                39.771397039197055
              ],
              [
                -121.90021029229683,
                39.790701090032115
              ],
              [
                -121.89758480948892,
                39.79166708925551
              ],
              [
                -121.89571740363718,
                39.78988092226717
              ],
              [
                -121.89532127041892,
                39.78950754735961
              ],
              [
                -121.89162456490405,
                39.78611803410609
              ],
              [
                -121.88998500791669,
                39.784569487887204
              ],
              [
                -121.88991226815705,
                39.7845035606858
              ],
              [
                -121.88843772467152,
                39.78315232465049
              ],
              [
                -121.88844133026139,
                39.7831485786851
              ],
              [
                -121.88845111134374,
                39.78315747145639
              ],
              [
                -121.88888632264725,
                39.782705311658184
              ],
              [
                -121.88929762080043,
                39.782277991675954
              ],
              [
                -121.88935840157723,
                39.78190346533883
              ],
              [
                -121.89015459642651,
                39.781133872269756
              ],
              [
                -121.89095539652119,
                39.78000283248365
              ],
              [
                -121.89101650181944,
                39.77991652932433
              ],
              [
                -121.89157730953359,
                39.779550136035766
              ],
              [
                -121.89176807093094,
                39.77948286676618
              ],
              [
                -121.892031807755,
                39.779270611295246
              ],
              [
                -121.89216527177918,
                39.77895064624854
              ],
              [
                -121.89233637116322,
                39.778707676237325
              ],
              [
                -121.8925048968963,
                39.77859390003755
              ],
              [
                -121.89298775347115,
                39.77845114174655
              ],
              [
                -121.8930982998038,
                39.77833971887786
              ],
              [
                -121.89336573271181,
                39.777545684922366
              ],
              [
                -121.89338264504292,
                39.7773394542463
              ],
              [
                -121.89355358526893,
                39.77715752613237
              ],
              [
                -121.89357593827762,
                39.77706309219635
              ],
              [
                -121.8936365274376,
                39.77680711064595
              ],
              [
                -121.89359187717831,
                39.77663329836365
              ],
              [
                -121.89358781620406,
                39.77622642300568
              ],
              [
                -121.89349090115944,
                39.77592360021408
              ],
              [
                -121.89351365027642,
                39.775778252422214
              ],
              [
                -121.89352333345816,
                39.7757164502397
              ],
              [
                -121.8937255089019,
                39.77535592007628
              ],
              [
                -121.89503580305842,
                39.773965172271424
              ],
              [
                -121.89523829618335,
                39.773635956145434
              ],
              [
                -121.89579198081182,
                39.77273575092041
              ],
              [
                -121.89670197338832,
                39.77204658959212
              ],
              [
                -121.89683011951712,
                39.771996899924424
              ],
              [
                -121.8969772914133,
                39.77193982731853
              ],
              [
                -121.89740118147803,
                39.77177544396887
              ],
              [
                -121.8981873370555,
                39.77185317271741
              ],
              [
                -121.89823171676288,
                39.77185756343725
              ],
              [
                -121.89822344066414,
                39.76969054447497
              ],
              [
                -121.89822264625853,
                39.769470925085415
              ],
              [
                -121.89822185188088,
                39.76925130662513
              ],
              [
                -121.8982210586523,
                39.76903168727603
              ],
              [
                -121.8982202642844,
                39.7688120688745
              ],
              [
                -121.89821946992126,
                39.768592450502126
              ],
              [
                -121.89821866608835,
                39.76837008477364
              ],
              [
                -121.89821816310757,
                39.76823102606314
              ],
              [
                -121.90885765603717,
                39.771397039197055
              ]
            ]
          ],
          [
            [
              [
                -121.89779208003586,
                39.76810421100332
              ],
              [
                -121.89764260285978,
                39.768105628281695
              ],
              [
                -121.8963511977386,
                39.76811786377386
              ],
              [
                -121.8957975846999,
                39.768123105272245
              ],
              [
                -121.89549579832529,
                39.76812603252611
              ],
              [
                -121.8951175700408,
                39.76812970065214
              ],
              [
                -121.8945218239997,
                39.7681354750501
              ],
              [
                -121.89374516360755,
                39.76814324134294
              ],
              [
                -121.89354098195408,
                39.768144975364216
              ],
              [
                -121.89344694187979,
                39.76814588555362
              ],
              [
                -121.8928623931179,
                39.7681515436998
              ],
              [
                -121.89276994267338,
                39.76815243768202
              ],
              [
                -121.89224971381427,
                39.76815747043029
              ],
              [
                -121.89207541520605,
                39.76815915539403
              ],
              [
                -121.89191534521315,
                39.76816070364892
              ],
              [
                -121.89175527404781,
                39.7681622507843
              ],
              [
                -121.89159520404247,
                39.76816379770322
              ],
              [
                -121.8914351340287,
                39.76816534530524
              ],
              [
                -121.89127506284211,
                39.768166891787835
              ],
              [
                -121.89111499281387,
                39.768168438954966
              ],
              [
                -121.89093720250924,
                39.7681676169456
              ],
              [
                -121.8907084634154,
                39.768168489290495
              ],
              [
                -121.89053689456121,
                39.76816947919376
              ],
              [
                -121.89036532570108,
                39.76817046974765
              ],
              [
                -121.89019375683736,
                39.76817145915112
              ],
              [
                -121.89002218913464,
                39.76817244920615
              ],
              [
                -121.88985062026129,
                39.76817343810961
              ],
              [
                -121.88967905138169,
                39.76817442766359
              ],
              [
                -121.88950748249746,
                39.76817541696778
              ],
              [
                -121.88933591360984,
                39.76817640512147
              ],
              [
                -121.88916448827266,
                39.76817739316007
              ],
              [
                -121.88801077126975,
                39.7681994461695
              ],
              [
                -121.88792700070445,
                39.768200277053495
              ],
              [
                -121.88782482857505,
                39.76825953389407
              ],
              [
                -121.88766823511739,
                39.76812591801547
              ],
              [
                -121.88784811587271,
                39.768025385401344
              ],
              [
                -121.88737767643607,
                39.76756101881232
              ],
              [
                -121.88699588712858,
                39.767181048668334
              ],
              [
                -121.88682144771215,
                39.76700743464172
              ],
              [
                -121.88593704174293,
                39.7661272021839
              ],
              [
                -121.88450524682386,
                39.764696996458305
              ],
              [
                -121.88378296319893,
                39.76397575814044
              ],
              [
                -121.88383037134415,
                39.76394773445055
              ],
              [
                -121.89779208003586,
                39.76810421100332
              ]
            ]
          ],
          [
            [
              [
                -121.71361839864102,
                39.71310992511506
              ],
              [
                -121.71262391933573,
                39.7136140603663
              ],
              [
                -121.71306962819098,
                39.713382500290535
              ],
              [
                -121.71359852875385,
                39.71310397270556
              ],
              [
                -121.71361839864102,
                39.71310992511506
              ]
            ]
          ],
          [
            [
              [
                -121.75462288702583,
                39.77469545334807
              ],
              [
                -121.75025286417741,
                39.771050246211146
              ],
              [
                -121.75545665096543,
                39.774851497571305
              ],
              [
                -121.75462288702583,
                39.77469545334807
              ]
            ]
          ],
          [
            [
              [
                -121.770026912662,
                39.77757739742459
              ],
              [
                -121.77683715846223,
                39.77693608868268
              ],
              [
                -121.7825291664151,
                39.77604554840089
              ],
              [
                -121.78792147383052,
                39.77273990382886
              ],
              [
                -121.79254317724883,
                39.76990621007787
              ],
              [
                -121.79255953476722,
                39.76989618000138
              ],
              [
                -121.79277784590805,
                39.76989472504451
              ],
              [
                -121.79360587124215,
                39.769889200062956
              ],
              [
                -121.79286899643922,
                39.77039157876841
              ],
              [
                -121.793021253045,
                39.770693279211876
              ],
              [
                -121.79613794984611,
                39.7773881946894
              ],
              [
                -121.79614106932817,
                39.777391220719124
              ],
              [
                -121.79614205435168,
                39.77739333643221
              ],
              [
                -121.80260931813307,
                39.78366616481298
              ],
              [
                -121.770026912662,
                39.77757739742459
              ]
            ]
          ],
          [
            [
              [
                -121.80642163397388,
                39.784377954565514
              ],
              [
                -121.80701275449715,
                39.78435889671396
              ],
              [
                -121.80699973199583,
                39.78385526534081
              ],
              [
                -121.82503383467325,
                39.78339946299844
              ],
              [
                -121.82841607613955,
                39.78335874572725
              ],
              [
                -121.8291773138099,
                39.78334956636375
              ],
              [
                -121.83192023517293,
                39.78331645500435
              ],
              [
                -121.83443016752017,
                39.783286097712974
              ],
              [
                -121.83550790795655,
                39.7832730453451
              ],
              [
                -121.83561448785365,
                39.78327175497498
              ],
              [
                -121.83680657012567,
                39.783257305651766
              ],
              [
                -121.83743518908685,
                39.78324968058444
              ],
              [
                -121.8379878912928,
                39.78324297583082
              ],
              [
                -121.83916977620682,
                39.7832640811625
              ],
              [
                -121.84200124731103,
                39.78321641095708
              ],
              [
                -121.84216284211249,
                39.783192213580875
              ],
              [
                -121.84218572715452,
                39.78329432197957
              ],
              [
                -121.84377109879536,
                39.785206691874585
              ],
              [
                -121.8437727107666,
                39.785328340428045
              ],
              [
                -121.84378465516752,
                39.78605374753484
              ],
              [
                -121.84379667288569,
                39.78677465301658
              ],
              [
                -121.84372413041152,
                39.78677639865619
              ],
              [
                -121.8437764149623,
                39.7903675171602
              ],
              [
                -121.84292813390769,
                39.79038793119791
              ],
              [
                -121.84153780178971,
                39.79041910818693
              ],
              [
                -121.84157519790529,
                39.79049606515304
              ],
              [
                -121.84155176242182,
                39.79050033609825
              ],
              [
                -121.84155768014185,
                39.79093193603813
              ],
              [
                -121.80642163397388,
                39.784377954565514
              ]
            ]
          ],
          [
            [
              [
                -121.88008159482007,
                39.79810501311119
              ],
              [
                -121.86768100818425,
                39.79579751472945
              ],
              [
                -121.86766072914101,
                39.790238040659716
              ],
              [
                -121.86759890400279,
                39.78905405504028
              ],
              [
                -121.87153464857646,
                39.789075595394884
              ],
              [
                -121.87148317278924,
                39.788985807331436
              ],
              [
                -121.87134516634461,
                39.78874504077705
              ],
              [
                -121.87133469931294,
                39.78874498360965
              ],
              [
                -121.87133178090087,
                39.78873989237808
              ],
              [
                -121.86760200371614,
                39.788719465696616
              ],
              [
                -121.86761751829965,
                39.787373679660696
              ],
              [
                -121.86762456844117,
                39.78657676829606
              ],
              [
                -121.86765698946452,
                39.78291129425963
              ],
              [
                -121.86765367709977,
                39.782911326892815
              ],
              [
                -121.86765369477213,
                39.78290932882566
              ],
              [
                -121.86744271254976,
                39.782911407606655
              ],
              [
                -121.8673959045784,
                39.78147056877438
              ],
              [
                -121.86739590088764,
                39.7814704551551
              ],
              [
                -121.86809957465778,
                39.78186593872496
              ],
              [
                -121.86842371366252,
                39.782057573943796
              ],
              [
                -121.86888621602687,
                39.78234219951327
              ],
              [
                -121.86914694973987,
                39.782558948312364
              ],
              [
                -121.86964827652012,
                39.78294556051396
              ],
              [
                -121.87009997951243,
                39.78293504557105
              ],
              [
                -121.87081297633065,
                39.78342750525802
              ],
              [
                -121.87103382662862,
                39.783551032990786
              ],
              [
                -121.87128122510704,
                39.78365458963162
              ],
              [
                -121.87173851723537,
                39.78375007185642
              ],
              [
                -121.87208537271977,
                39.78382884965171
              ],
              [
                -121.87215571829509,
                39.78383915196119
              ],
              [
                -121.87223504883565,
                39.7838645233866
              ],
              [
                -121.87223866878966,
                39.783851300241615
              ],
              [
                -121.87224605246213,
                39.783852381593555
              ],
              [
                -121.87371377170653,
                39.78383093846705
              ],
              [
                -121.87401173316789,
                39.783894247617845
              ],
              [
                -121.87430119164655,
                39.783987682098385
              ],
              [
                -121.87519888408929,
                39.784380861719775
              ],
              [
                -121.87603853282462,
                39.784787202465644
              ],
              [
                -121.87644681192825,
                39.78504381109379
              ],
              [
                -121.87658159727056,
                39.785209889656194
              ],
              [
                -121.87670615108821,
                39.78534840702167
              ],
              [
                -121.87673537293338,
                39.78546677847319
              ],
              [
                -121.8768497833293,
                39.785627166766275
              ],
              [
                -121.87698604327576,
                39.78570263574477
              ],
              [
                -121.87700970494262,
                39.7857797580532
              ],
              [
                -121.87742359621504,
                39.786129789365596
              ],
              [
                -121.87825295614975,
                39.78651404450875
              ],
              [
                -121.87890718957773,
                39.7865862771506
              ],
              [
                -121.87971134650209,
                39.78657756999682
              ],
              [
                -121.88018829856982,
                39.78652450297944
              ],
              [
                -121.88069723422224,
                39.786447026614525
              ],
              [
                -121.88172782758909,
                39.786165863903626
              ],
              [
                -121.88220005822214,
                39.78604683528539
              ],
              [
                -121.88234410546028,
                39.78599879115181
              ],
              [
                -121.88259741709999,
                39.78601770968397
              ],
              [
                -121.88293423214012,
                39.78612805499188
              ],
              [
                -121.8832697624275,
                39.786318028447425
              ],
              [
                -121.88338356643195,
                39.78640700324894
              ],
              [
                -121.88491251045107,
                39.786399740518505
              ],
              [
                -121.88483215518244,
                39.78619574668334
              ],
              [
                -121.88468284249882,
                39.78599109073939
              ],
              [
                -121.88437974486872,
                39.785665996704324
              ],
              [
                -121.88437397374021,
                39.785656444906856
              ],
              [
                -121.88436842221805,
                39.78564681406646
              ],
              [
                -121.88436307512359,
                39.78563710506858
              ],
              [
                -121.88435796045755,
                39.78562732874898
              ],
              [
                -121.88435306537805,
                39.78561748509486
              ],
              [
                -121.88434838871784,
                39.78560757410515
              ],
              [
                -121.88434394563475,
                39.78559760660285
              ],
              [
                -121.88433972094987,
                39.785587584374184
              ],
              [
                -121.88433572869431,
                39.785577493923064
              ],
              [
                -121.88433195598729,
                39.78556735865433
              ],
              [
                -121.88432843201339,
                39.78555717949722
              ],
              [
                -121.88432512527284,
                39.78554694381132
              ],
              [
                -121.88432205207168,
                39.78553667412959
              ],
              [
                -121.88431921242686,
                39.78552636054452
              ],
              [
                -121.88431659231291,
                39.78551601294971
              ],
              [
                -121.8843142337739,
                39.78550562057865
              ],
              [
                -121.88431209357874,
                39.78549520590511
              ],
              [
                -121.88431018690359,
                39.785484768944286
              ],
              [
                -121.88430852777499,
                39.785474298901974
              ],
              [
                -121.8843071021469,
                39.78546381828115
              ],
              [
                -121.88430591004,
                39.78545331447236
              ],
              [
                -121.88430496544228,
                39.78544280009823
              ],
              [
                -121.88430423918736,
                39.78543226342243
              ],
              [
                -121.88430377560039,
                39.78542172700439
              ],
              [
                -121.88430353150582,
                39.7854111790931
              ],
              [
                -121.88430353371534,
                39.78540064313253
              ],
              [
                -121.88430376942566,
                39.78539009569271
              ],
              [
                -121.8843042537756,
                39.785379560205456
              ],
              [
                -121.88430497042013,
                39.7853690366549
              ],
              [
                -121.88430592054728,
                39.78535851243319
              ],
              [
                -121.88430710411933,
                39.785348010957335
              ],
              [
                -121.88430854915156,
                39.78533753315532
              ],
              [
                -121.88431021364003,
                39.78532706547602
              ],
              [
                -121.88431211157088,
                39.78531662144316
              ],
              [
                -121.8843142569352,
                39.78530621187859
              ],
              [
                -121.88431663457709,
                39.78529582415798
              ],
              [
                -121.88431924564532,
                39.78528546999102
              ],
              [
                -121.8843220761094,
                39.78527516197331
              ],
              [
                -121.88432515400814,
                39.78526488752303
              ],
              [
                -121.88450040203156,
                39.785236510252865
              ],
              [
                -121.88490539427508,
                39.784860632779726
              ],
              [
                -121.88533894855192,
                39.7849736241658
              ],
              [
                -121.88547545579058,
                39.78499987801466
              ],
              [
                -121.88558667469216,
                39.784973257998274
              ],
              [
                -121.88593265935481,
                39.78498338736674
              ],
              [
                -121.88632811664311,
                39.78530442753518
              ],
              [
                -121.8864521672717,
                39.785408648580194
              ],
              [
                -121.88681790802694,
                39.78571561677539
              ],
              [
                -121.88685417323863,
                39.78574816764647
              ],
              [
                -121.88720544215045,
                39.78606378805558
              ],
              [
                -121.88752278224608,
                39.78636237316352
              ],
              [
                -121.88753461294947,
                39.786374021929106
              ],
              [
                -121.88783037716017,
                39.78666814439861
              ],
              [
                -121.88810051321735,
                39.78694881556353
              ],
              [
                -121.88837501092847,
                39.78724691893776
              ],
              [
                -121.88862635527774,
                39.78753360906458
              ],
              [
                -121.88887264799708,
                39.78782679303801
              ],
              [
                -121.8891097613585,
                39.78810998307481
              ],
              [
                -121.88934937364128,
                39.78839921299034
              ],
              [
                -121.88958897391007,
                39.78868843066433
              ],
              [
                -121.88982859016414,
                39.78897764873223
              ],
              [
                -121.89006820956399,
                39.7892668653807
              ],
              [
                -121.89030784494902,
                39.78955608242299
              ],
              [
                -121.89054745193953,
                39.78984530972526
              ],
              [
                -121.89080716961034,
                39.790167613942316
              ],
              [
                -121.8909796133984,
                39.79042090826371
              ],
              [
                -121.89096627100463,
                39.7911747677199
              ],
              [
                -121.89096141209774,
                39.79144934067622
              ],
              [
                -121.89096579113303,
                39.79199828609202
              ],
              [
                -121.8909721350305,
                39.792792822744204
              ],
              [
                -121.89097431743417,
                39.79306741375339
              ],
              [
                -121.89098064956057,
                39.79386063419856
              ],
              [
                -121.89098253898699,
                39.794095918161865
              ],
              [
                -121.88008159482007,
                39.79810501311119
              ]
            ]
          ],
          [
            [
              [
                -121.70399618723418,
                39.718148901440266
              ],
              [
                -121.70399605556166,
                39.718148970775374
              ],
              [
                -121.70399618723418,
                39.71814890144013
              ],
              [
                -121.70634299969834,
                39.71689950225792
              ],
              [
                -121.7076716355115,
                39.716192119611165
              ],
              [
                -121.70634299969828,
                39.71689950225803
              ],
              [
                -121.70399618723418,
                39.718148901440266
              ]
            ]
          ]
        ]
      }
    },
    {
      "type": "Feature",
      "properties": {
        "zone_label": "20N02E24C001M",
        "rms_well_swn": "20N02E24C001M",
        "mgmt_area_full": "03-Vina-South",
        "mgmt_area": "South",
        "workbook_mgmt_area": "03-Vina-South",
        "reassigned": false,
        "is_aggregate": false,
        "seed_lat": 39.5812,
        "seed_lon": -121.7026,
        "area_acres": 7860.7
      },
      "geometry": {
        "type": "Polygon",
        "coordinates": [
          [
            [
              -121.69462064774633,
              39.54463748891184
            ],
            [
              -121.69462064774636,
              39.544637488911874
            ],
            [
              -121.69812374785285,
              39.5470519515027
            ],
            [
              -121.69815115698414,
              39.55235781326982
            ],
            [
              -121.6981644567207,
              39.55235759853868
            ],
            [
              -121.69816448426305,
              39.55236295730734
            ],
            [
              -121.70533524639416,
              39.552247201605454
            ],
            [
              -121.70593997584251,
              39.55222278257483
            ],
            [
              -121.70644185551316,
              39.55249748126705
            ],
            [
              -121.70733657710207,
              39.553150066988835
            ],
            [
              -121.70733665930709,
              39.553145548271374
            ],
            [
              -121.70734990516972,
              39.55315521003067
            ],
            [
              -121.70744028481415,
              39.54815237660893
            ],
            [
              -121.70737531574935,
              39.54810463285573
            ],
            [
              -121.70737794555362,
              39.53759541211804
            ],
            [
              -121.70841086364162,
              39.53761474076246
            ],
            [
              -121.70989969303642,
              39.53763128717289
            ],
            [
              -121.71486564136306,
              39.537595588419244
            ],
            [
              -121.71469603631421,
              39.53802527953438
            ],
            [
              -121.71451734436427,
              39.53839683479846
            ],
            [
              -121.71410385483792,
              39.539519183834486
            ],
            [
              -121.71394537405844,
              39.540125210022
            ],
            [
              -121.71282862331655,
              39.546532517782914
            ],
            [
              -121.7126614496751,
              39.547606940507144
            ],
            [
              -121.71247392783822,
              39.54889639366278
            ],
            [
              -121.71227507920952,
              39.551846708820506
            ],
            [
              -121.71203059023846,
              39.55356027037688
            ],
            [
              -121.71222478393895,
              39.55648160102284
            ],
            [
              -121.71221729083322,
              39.556886530476966
            ],
            [
              -121.71236702051965,
              39.55843854580878
            ],
            [
              -121.7124790471297,
              39.55899733699092
            ],
            [
              -121.71240768550138,
              39.55946560832259
            ],
            [
              -121.71236728486407,
              39.560005904565735
            ],
            [
              -121.7125401192478,
              39.56028931816406
            ],
            [
              -121.71272693388447,
              39.5617667897052
            ],
            [
              -121.71291041448632,
              39.564745385740686
            ],
            [
              -121.71316374413807,
              39.56652715891508
            ],
            [
              -121.71321326639402,
              39.56672870314922
            ],
            [
              -121.71322912923736,
              39.56695829656386
            ],
            [
              -121.71322947506104,
              39.56748323940948
            ],
            [
              -121.71320496603232,
              39.568264542968436
            ],
            [
              -121.71315323626533,
              39.569158309584054
            ],
            [
              -121.71312786104176,
              39.56998626477405
            ],
            [
              -121.71301825087448,
              39.57074718209361
            ],
            [
              -121.71289154394039,
              39.57161678734508
            ],
            [
              -121.71283680349703,
              39.57212945261761
            ],
            [
              -121.71280534523869,
              39.572199095422334
            ],
            [
              -121.71264081012781,
              39.57239558172193
            ],
            [
              -121.7120242463801,
              39.573108103672794
            ],
            [
              -121.71195149019006,
              39.57323561420702
            ],
            [
              -121.71194861146732,
              39.57339111959355
            ],
            [
              -121.7119618213835,
              39.57349236540254
            ],
            [
              -121.71207126385906,
              39.57355579436231
            ],
            [
              -121.71207727046163,
              39.57355669256016
            ],
            [
              -121.71208459717853,
              39.57356093872973
            ],
            [
              -121.71222499728056,
              39.57358193756236
            ],
            [
              -121.71315537381776,
              39.57357281088954
            ],
            [
              -121.71498122792966,
              39.57353859546036
            ],
            [
              -121.71671601768269,
              39.57353445022906
            ],
            [
              -121.71708935045594,
              39.573537173948964
            ],
            [
              -121.71720763763913,
              39.573952919229775
            ],
            [
              -121.71717424439363,
              39.57465737502286
            ],
            [
              -121.71717168618409,
              39.57774489919573
            ],
            [
              -121.7171589849167,
              39.57811097627535
            ],
            [
              -121.7171621936333,
              39.57830562657415
            ],
            [
              -121.7171779906009,
              39.58150380884111
            ],
            [
              -121.7172002632634,
              39.581953588122424
            ],
            [
              -121.71717121480171,
              39.58400847625412
            ],
            [
              -121.71718464226154,
              39.584006954388634
            ],
            [
              -121.71718454807382,
              39.584013621029214
            ],
            [
              -121.72142138993715,
              39.583533328189134
            ],
            [
              -121.72154717721267,
              39.58353471301408
            ],
            [
              -121.72163463537076,
              39.58355508596852
            ],
            [
              -121.72182044225684,
              39.583661592257585
            ],
            [
              -121.72204518299307,
              39.583819548664955
            ],
            [
              -121.72396149999297,
              39.585192217852935
            ],
            [
              -121.72424997923426,
              39.58542265582652
            ],
            [
              -121.72996239493087,
              39.58916072937928
            ],
            [
              -121.73028954657772,
              39.58930895495436
            ],
            [
              -121.73034288943775,
              39.58936739625142
            ],
            [
              -121.7308294427077,
              39.58965249560449
            ],
            [
              -121.73273162826199,
              39.59077863510886
            ],
            [
              -121.69459092362086,
              39.61503545430583
            ],
            [
              -121.63996322328516,
              39.59313731445688
            ],
            [
              -121.69462064774633,
              39.54463748891184
            ]
          ]
        ]
      }
    },
    {
      "type": "Feature",
      "properties": {
        "zone_label": "21N02E18C003M",
        "rms_well_swn": "21N02E18C003M",
        "mgmt_area_full": "03-Vina-South",
        "mgmt_area": "South",
        "workbook_mgmt_area": "03-Vina-South",
        "reassigned": false,
        "is_aggregate": false,
        "seed_lat": 39.682,
        "seed_lon": -121.797,
        "area_acres": 5243.6
      },
      "geometry": {
        "type": "Polygon",
        "coordinates": [
          [
            [
              -121.7635484775391,
              39.66212379636132
            ],
            [
              -121.7888096861487,
              39.65821297247228
            ],
            [
              -121.78984542036237,
              39.65845679489454
            ],
            [
              -121.82001145785453,
              39.69513548325781
            ],
            [
              -121.81551906862425,
              39.70478043550894
            ],
            [
              -121.81535449861599,
              39.70488703126048
            ],
            [
              -121.81524853877468,
              39.704684953215136
            ],
            [
              -121.8151150865452,
              39.70443043049889
            ],
            [
              -121.81498162126009,
              39.704175919294926
            ],
            [
              -121.8148481709353,
              39.70392140793817
            ],
            [
              -121.8148240673559,
              39.703875435602306
            ],
            [
              -121.81471472160692,
              39.70366688559827
            ],
            [
              -121.81458125805884,
              39.70341237386804
            ],
            [
              -121.81449923180685,
              39.7032559185946
            ],
            [
              -121.81444781063712,
              39.70315786198688
            ],
            [
              -121.81431436538035,
              39.702903338223756
            ],
            [
              -121.81418090473554,
              39.702648825969206
            ],
            [
              -121.81404746021711,
              39.70239431356374
            ],
            [
              -121.81391222075155,
              39.70213636920566
            ],
            [
              -121.81375316301677,
              39.70183140269219
            ],
            [
              -121.81310969624626,
              39.70206716452715
            ],
            [
              -121.81291666546062,
              39.70213791338969
            ],
            [
              -121.81216492479084,
              39.702413270607146
            ],
            [
              -121.81141221626328,
              39.70268904928066
            ],
            [
              -121.81121889144333,
              39.702759895753324
            ],
            [
              -121.81054218334059,
              39.70300783596735
            ],
            [
              -121.8094446868954,
              39.70317858126671
            ],
            [
              -121.80887676723128,
              39.70338565608301
            ],
            [
              -121.80850604321432,
              39.70362490496361
            ],
            [
              -121.80772618960209,
              39.70395808716964
            ],
            [
              -121.80628796650582,
              39.70452192654214
            ],
            [
              -121.80172697368975,
              39.69799959399583
            ],
            [
              -121.80159572559772,
              39.698047680561565
            ],
            [
              -121.80149175705091,
              39.698111533733965
            ],
            [
              -121.80097226331965,
              39.69837784427208
            ],
            [
              -121.80051001173965,
              39.698599686831066
            ],
            [
              -121.80008047100536,
              39.698819873635166
            ],
            [
              -121.79965101511947,
              39.69904002567692
            ],
            [
              -121.79922148412332,
              39.699260220144104
            ],
            [
              -121.79848514484001,
              39.69963397681696
            ],
            [
              -121.79774059758384,
              39.700009648523036
            ],
            [
              -121.79698115648283,
              39.70039282318112
            ],
            [
              -121.79624299201569,
              39.70076532500645
            ],
            [
              -121.79585202908568,
              39.7009704976796
            ],
            [
              -121.79539054144279,
              39.701208446413865
            ],
            [
              -121.79451090816012,
              39.70163587882829
            ],
            [
              -121.79364456171838,
              39.7020603723761
            ],
            [
              -121.79278419638787,
              39.70248192386513
            ],
            [
              -121.79287827749249,
              39.701797583386266
            ],
            [
              -121.79288772328424,
              39.70172887170776
            ],
            [
              -121.79319735445068,
              39.699888047264864
            ],
            [
              -121.79332952791364,
              39.699102214979
            ],
            [
              -121.79333503915234,
              39.69906945740508
            ],
            [
              -121.79346441252088,
              39.698300223224365
            ],
            [
              -121.79348199857375,
              39.698195654645154
            ],
            [
              -121.79369837567857,
              39.69694506752326
            ],
            [
              -121.79368601837055,
              39.69694449462683
            ],
            [
              -121.79363770167322,
              39.69692626087853
            ],
            [
              -121.7933995303109,
              39.696926146377834
            ],
            [
              -121.79339963929534,
              39.69687446167877
            ],
            [
              -121.79342267176702,
              39.692984843250954
            ],
            [
              -121.79343627262102,
              39.69145417137013
            ],
            [
              -121.78984101127966,
              39.691416508347416
            ],
            [
              -121.78506777916218,
              39.69136634535285
            ],
            [
              -121.78356952955905,
              39.691350554361804
            ],
            [
              -121.78169231260887,
              39.691330748896824
            ],
            [
              -121.78067551064694,
              39.69132000514289
            ],
            [
              -121.77910645794115,
              39.691297345698786
            ],
            [
              -121.77900385365908,
              39.69076702515021
            ],
            [
              -121.77881617238162,
              39.690238072948766
            ],
            [
              -121.7784441868163,
              39.68972754208198
            ],
            [
              -121.77824391781901,
              39.68948589392467
            ],
            [
              -121.77814626656287,
              39.689261172154765
            ],
            [
              -121.77815154108787,
              39.68888618828013
            ],
            [
              -121.77858133686232,
              39.68784468693371
            ],
            [
              -121.77900674526656,
              39.68622298409811
            ],
            [
              -121.778985840595,
              39.685646396713416
            ],
            [
              -121.77898266698772,
              39.68558653390436
            ],
            [
              -121.77887766684323,
              39.685048504867765
            ],
            [
              -121.77860292014739,
              39.68415241017754
            ],
            [
              -121.77793318752599,
              39.68366897797045
            ],
            [
              -121.7775799518574,
              39.68324782970927
            ],
            [
              -121.77760433195357,
              39.682337161996855
            ],
            [
              -121.77761654476362,
              39.68228570558134
            ],
            [
              -121.7782746110716,
              39.679512985242155
            ],
            [
              -121.77828664885985,
              39.6785305502839
            ],
            [
              -121.77842535955664,
              39.67834293172932
            ],
            [
              -121.77809519498862,
              39.67824513077711
            ],
            [
              -121.77798396929057,
              39.678222599684126
            ],
            [
              -121.77750230996251,
              39.678075898326036
            ],
            [
              -121.77738496728199,
              39.67801813676806
            ],
            [
              -121.77731005114015,
              39.67793102591606
            ],
            [
              -121.77647253198604,
              39.6776741774066
            ],
            [
              -121.7749070062162,
              39.67702342761814
            ],
            [
              -121.77394698674135,
              39.676623695835595
            ],
            [
              -121.77371127761194,
              39.676517809974214
            ],
            [
              -121.77253824235193,
              39.6760285401623
            ],
            [
              -121.77092389709262,
              39.67535517437916
            ],
            [
              -121.77075080538283,
              39.67528270073948
            ],
            [
              -121.7707286144253,
              39.675273594612065
            ],
            [
              -121.7707062336238,
              39.67526480245558
            ],
            [
              -121.77068366188601,
              39.675256301749904
            ],
            [
              -121.77066087116184,
              39.67524811585889
            ],
            [
              -121.7706379197647,
              39.67524023408742
            ],
            [
              -121.77061479251255,
              39.675232665412715
            ],
            [
              -121.77059148939632,
              39.67522541253709
            ],
            [
              -121.77056803956093,
              39.67521847371565
            ],
            [
              -121.77054442901965,
              39.675211848921066
            ],
            [
              -121.77052067175552,
              39.67520553908135
            ],
            [
              -121.77049676889888,
              39.67519955500694
            ],
            [
              -121.7704727472574,
              39.675193896750095
            ],
            [
              -121.77044859400688,
              39.67518856518642
            ],
            [
              -121.77042433833054,
              39.675183546862336
            ],
            [
              -121.77039994984032,
              39.67517886693785
            ],
            [
              -121.77037547283376,
              39.67517452369842
            ],
            [
              -121.77035090854976,
              39.67517049462836
            ],
            [
              -121.7703262405554,
              39.67516681482337
            ],
            [
              -121.77030148411704,
              39.67516344918552
            ],
            [
              -121.77027669740166,
              39.67516043205523
            ],
            [
              -121.77025180818111,
              39.67515775158205
            ],
            [
              -121.77022688875381,
              39.6751553979996
            ],
            [
              -121.77020189479431,
              39.67515338112907
            ],
            [
              -121.77017681179689,
              39.67514758563223
            ],
            [
              -121.77015178250382,
              39.67514781863676
            ],
            [
              -121.77012670888664,
              39.67514806145676
            ],
            [
              -121.7700852921634,
              39.67514845336305
            ],
            [
              -121.76950128904794,
              39.67514211493431
            ],
            [
              -121.76913199966236,
              39.67514441511836
            ],
            [
              -121.76869339885924,
              39.675089059878104
            ],
            [
              -121.76868086516554,
              39.67508629168577
            ],
            [
              -121.7686725482919,
              39.67508430729169
            ],
            [
              -121.7686643180393,
              39.67508221138027
            ],
            [
              -121.76865611842726,
              39.6750800137492
            ],
            [
              -121.76864797633823,
              39.67507769193368
            ],
            [
              -121.76863988003653,
              39.67507527022977
            ],
            [
              -121.76863184122243,
              39.67507273514974
            ],
            [
              -121.76862385988966,
              39.67507008849535
            ],
            [
              -121.76861593833729,
              39.675067340178515
            ],
            [
              -121.76860807539637,
              39.67506449109784
            ],
            [
              -121.76860028509277,
              39.675061529571735
            ],
            [
              -121.76859256859203,
              39.67505845560248
            ],
            [
              -121.76858491066712,
              39.67505529167775
            ],
            [
              -121.7685773253764,
              39.67505201620828
            ],
            [
              -121.76856982783978,
              39.675048639131674
            ],
            [
              -121.76856240282765,
              39.67504518383614
            ],
            [
              -121.76855505169549,
              39.675041592679456
            ],
            [
              -121.76854778707181,
              39.6750379242323
            ],
            [
              -121.76854059738072,
              39.67503415415263
            ],
            [
              -121.76853350826237,
              39.675030283391855
            ],
            [
              -121.76852649287258,
              39.67502632270532
            ],
            [
              -121.76851957922392,
              39.675022260439476
            ],
            [
              -121.7685127532522,
              39.67501811998453
            ],
            [
              -121.76850604533657,
              39.67501387888285
            ],
            [
              -121.76809530143169,
              39.6747504445839
            ],
            [
              -121.7680604675623,
              39.67472770610405
            ],
            [
              -121.7680261725649,
              39.67470450751675
            ],
            [
              -121.76799238846608,
              39.67468084876738
            ],
            [
              -121.76795915951894,
              39.67465674165301
            ],
            [
              -121.76792648456079,
              39.67463218527062
            ],
            [
              -121.76789434956314,
              39.674607192203155
            ],
            [
              -121.7678627976196,
              39.67458177244381
            ],
            [
              -121.76783182989219,
              39.67455592689596
            ],
            [
              -121.76780143119298,
              39.674529666338444
            ],
            [
              -121.76777164457594,
              39.67450301247392
            ],
            [
              -121.76774245612333,
              39.6744759445588
            ],
            [
              -121.76771389486315,
              39.67444849597702
            ],
            [
              -121.76768594564597,
              39.67442066579857
            ],
            [
              -121.767585874719,
              39.674319173238864
            ],
            [
              -121.7673766718296,
              39.67411502333425
            ],
            [
              -121.76732438229166,
              39.674068231057255
            ],
            [
              -121.76727104380564,
              39.674022145533286
            ],
            [
              -121.76721570559663,
              39.6739748878247
            ],
            [
              -121.7671613164816,
              39.6739321705895
            ],
            [
              -121.76707158760158,
              39.67386308372296
            ],
            [
              -121.76695949911388,
              39.673779115345006
            ],
            [
              -121.76690794300896,
              39.67403794530031
            ],
            [
              -121.76674874547874,
              39.67465214314317
            ],
            [
              -121.76607788364377,
              39.67525813821345
            ],
            [
              -121.76302825833834,
              39.67713470591391
            ],
            [
              -121.76120956194511,
              39.678546134318466
            ],
            [
              -121.76107986564253,
              39.678641857877444
            ],
            [
              -121.76046738598893,
              39.679025307120156
            ],
            [
              -121.76196313628304,
              39.680366651615884
            ],
            [
              -121.76432650161432,
              39.68241454506853
            ],
            [
              -121.7645115938485,
              39.68257869823635
            ],
            [
              -121.76489114392382,
              39.682922663043314
            ],
            [
              -121.76830004489783,
              39.68597513249577
            ],
            [
              -121.76848517096224,
              39.68613927923234
            ],
            [
              -121.77083338893264,
              39.688240959886635
            ],
            [
              -121.77212555498264,
              39.68939887130285
            ],
            [
              -121.7723106978551,
              39.68956301091494
            ],
            [
              -121.77360928838914,
              39.690730003160965
            ],
            [
              -121.77379611328095,
              39.69096623539387
            ],
            [
              -121.77660097353974,
              39.69347804313676
            ],
            [
              -121.77678679251,
              39.69364668649447
            ],
            [
              -121.777604227959,
              39.69444105367304
            ],
            [
              -121.77618328261009,
              39.69558810071587
            ],
            [
              -121.77613080166542,
              39.69668761618257
            ],
            [
              -121.77615317606764,
              39.697502086686995
            ],
            [
              -121.7770068930486,
              39.69982124351376
            ],
            [
              -121.77679380538224,
              39.70051966480626
            ],
            [
              -121.7760050794765,
              39.701918090912045
            ],
            [
              -121.77583060316903,
              39.702020622912855
            ],
            [
              -121.77555349763757,
              39.70213903330695
            ],
            [
              -121.77313515838853,
              39.701783400293806
            ],
            [
              -121.77163280503093,
              39.70156244348612
            ],
            [
              -121.76954802807285,
              39.70150109710239
            ],
            [
              -121.76950143189062,
              39.701499891618774
            ],
            [
              -121.76797583242102,
              39.70161711710822
            ],
            [
              -121.76760145487272,
              39.70190459931102
            ],
            [
              -121.76718365685122,
              39.70192724535545
            ],
            [
              -121.76183485589277,
              39.702468021330596
            ],
            [
              -121.75848684076539,
              39.702806209649495
            ],
            [
              -121.74634918493025,
              39.70399979996984
            ],
            [
              -121.74500921894824,
              39.70413221020079
            ],
            [
              -121.74295204964996,
              39.70433883830792
            ],
            [
              -121.73530401542507,
              39.705081271608265
            ],
            [
              -121.73463438868367,
              39.705178646762185
            ],
            [
              -121.73428928022038,
              39.70524264036849
            ],
            [
              -121.73428748202417,
              39.70524297406768
            ],
            [
              -121.73428568499068,
              39.705243308670006
            ],
            [
              -121.73428388795713,
              39.70524364327251
            ],
            [
              -121.73428209208619,
              39.70524397877804
            ],
            [
              -121.73428029504585,
              39.70524431518183
            ],
            [
              -121.73427849916807,
              39.70524465248863
            ],
            [
              -121.73427670329028,
              39.70524498979569
            ],
            [
              -121.73427490740912,
              39.70524532800334
            ],
            [
              -121.7342731115244,
              39.705245667111555
            ],
            [
              -121.73427131563642,
              39.7052460071205
            ],
            [
              -121.73426952091437,
              39.7052463471321
            ],
            [
              -121.7342677261856,
              39.70524668894493
            ],
            [
              -121.73426593029406,
              39.705247029854505
            ],
            [
              -121.7342641367279,
              39.70524737257054
            ],
            [
              -121.73426234199555,
              39.70524771528411
            ],
            [
              -121.73426054725635,
              39.70524805979906
            ],
            [
              -121.73425875368673,
              39.70524840341567
            ],
            [
              -121.73425696011022,
              39.705248748833846
            ],
            [
              -121.73425516653369,
              39.70524909425185
            ],
            [
              -121.73425337295376,
              39.705249440570604
            ],
            [
              -121.73425158053647,
              39.70524978779253
            ],
            [
              -121.73424978694968,
              39.70525013591266
            ],
            [
              -121.73424799452887,
              39.70525048403538
            ],
            [
              -121.73424620210469,
              39.70525083305869
            ],
            [
              -121.73424440967707,
              39.70525118298245
            ],
            [
              -121.73424261841215,
              39.70525153380984
            ],
            [
              -121.73424082598108,
              39.70525188463449
            ],
            [
              -121.73423903471273,
              39.705252236362384
            ],
            [
              -121.73423724344084,
              39.70525258899093
            ],
            [
              -121.73423545216902,
              39.70525294161943
            ],
            [
              -121.73423366205638,
              39.70525329605183
            ],
            [
              -121.73423187077765,
              39.70525365048178
            ],
            [
              -121.73423008066497,
              39.70525400491428
            ],
            [
              -121.73422829054552,
              39.70525436114789
            ],
            [
              -121.734226500426,
              39.70525471738175
            ],
            [
              -121.73422471030312,
              39.705255074516224
            ],
            [
              -121.73422292134279,
              39.70525543255389
            ],
            [
              -121.73422113121633,
              39.70525579058899
            ],
            [
              -121.73421934225267,
              39.70525614952731
            ],
            [
              -121.73421755328549,
              39.70525650936639
            ],
            [
              -121.734215765481,
              39.70525687010862
            ],
            [
              -121.73421397650692,
              39.70525723174907
            ],
            [
              -121.73421218869892,
              39.70525759339184
            ],
            [
              -121.73421040088756,
              39.70525795593541
            ],
            [
              -121.73420861307609,
              39.705258318478975
            ],
            [
              -121.73420682525789,
              39.705258682823946
            ],
            [
              -121.7342050386056,
              39.705259047171516
            ],
            [
              -121.73420325078395,
              39.7052594124171
            ],
            [
              -121.7342014641249,
              39.70525977856595
            ],
            [
              -121.73419967746578,
              39.70526014471474
            ],
            [
              -121.73419789196934,
              39.705260511766774
            ],
            [
              -121.73419610530343,
              39.70526087971684
            ],
            [
              -121.73419431980015,
              39.70526124857024
            ],
            [
              -121.73419253429677,
              39.705261617423744
            ],
            [
              -121.73419074879001,
              39.70526198717779
            ],
            [
              -121.73418896327982,
              39.70526235783246
            ],
            [
              -121.73418717776973,
              39.705262728487156
            ],
            [
              -121.73418539341868,
              39.70526310094583
            ],
            [
              -121.73418360906778,
              39.70526347340437
            ],
            [
              -121.73418182471327,
              39.7052638467637
            ],
            [
              -121.73418004035892,
              39.705264220122956
            ],
            [
              -121.73417825716713,
              39.7052645943856
            ],
            [
              -121.73417647397191,
              39.70526496954875
            ],
            [
              -121.73417468960716,
              39.70526534560998
            ],
            [
              -121.73417290757115,
              39.7052657225772
            ],
            [
              -121.7341711243691,
              39.7052660995418
            ],
            [
              -121.73416934116351,
              39.70526647740682
            ],
            [
              -121.73416755912068,
              39.705266856175356
            ],
            [
              -121.73416577707775,
              39.70526723494381
            ],
            [
              -121.73416399503142,
              39.70526761461287
            ],
            [
              -121.73416221298164,
              39.705267995182496
            ],
            [
              -121.73416043209453,
              39.70526837665561
            ],
            [
              -121.73415865120734,
              39.70526875812868
            ],
            [
              -121.7341568703134,
              39.705269141403036
            ],
            [
              -121.7341550894227,
              39.70526952377668
            ],
            [
              -121.7341533085254,
              39.70526990795177
            ],
            [
              -121.73415152879402,
              39.70527029212924
            ],
            [
              -121.73414974905569,
              39.70527067810823
            ],
            [
              -121.73414796932087,
              39.705271063186366
            ],
            [
              -121.73414618957929,
              39.70527145006599
            ],
            [
              -121.73414440983758,
              39.705271836945506
            ],
            [
              -121.73414263125855,
              39.70527222472849
            ],
            [
              -121.73414085267606,
              39.70527261341188
            ],
            [
              -121.73413907409015,
              39.705273002996115
            ],
            [
              -121.7341372955042,
              39.70527339258031
            ],
            [
              -121.73413551808093,
              39.70527378306773
            ],
            [
              -121.73413373948817,
              39.70527417445312
            ],
            [
              -121.73413196206138,
              39.705274565841215
            ],
            [
              -121.7341301846278,
              39.70527495903059
            ],
            [
              -121.73412840836025,
              39.70527535222265
            ],
            [
              -121.73412663092667,
              39.705275745412024
            ],
            [
              -121.7341248546522,
              39.70527614040534
            ],
            [
              -121.73412307837778,
              39.70527653539858
            ],
            [
              -121.73412130210002,
              39.70527693129258
            ],
            [
              -121.73411952698483,
              39.705277328089906
            ],
            [
              -121.73411775070353,
              39.70527772488442
            ],
            [
              -121.7341159755849,
              39.70527812258239
            ],
            [
              -121.73411420046277,
              39.70527852118093
            ],
            [
              -121.73411242533727,
              39.70527892068013
            ],
            [
              -121.73411065137783,
              39.705279320182036
            ],
            [
              -121.73410887741488,
              39.70527972058438
            ],
            [
              -121.73410710228248,
              39.705280121885
            ],
            [
              -121.73410532947881,
              39.705280524091414
            ],
            [
              -121.73410355550897,
              39.705280926295245
            ],
            [
              -121.73410178270188,
              39.70528132940217
            ],
            [
              -121.73410000872522,
              39.70528173340737
            ],
            [
              -121.73409823591467,
              39.70528213741504
            ],
            [
              -121.73409646426671,
              39.705282542325946
            ],
            [
              -121.73409469144924,
              39.705282948135036
            ],
            [
              -121.73409291979443,
              39.70528335484735
            ],
            [
              -121.73409114813612,
              39.70528376246032
            ],
            [
              -121.73408937647795,
              39.70528417007323
            ],
            [
              -121.7340876048162,
              39.70528457858685
            ],
            [
              -121.73408583432054,
              39.705284987103006
            ],
            [
              -121.73408406265186,
              39.70528539741792
            ],
            [
              -121.73408229214947,
              39.70528580773551
            ],
            [
              -121.73408052280962,
              39.70528621895632
            ],
            [
              -121.73407875230363,
              39.70528663017451
            ],
            [
              -121.73407698295685,
              39.70528704319669
            ],
            [
              -121.73407521361007,
              39.7052874562188
            ],
            [
              -121.73407344425989,
              39.705287870141646
            ],
            [
              -121.73407167490971,
              39.7052882840643
            ],
            [
              -121.7340699067222,
              39.70528869889041
            ],
            [
              -121.73406813853106,
              39.705289114617095
            ],
            [
              -121.73406637033666,
              39.70528953124444
            ],
            [
              -121.7340646021388,
              39.7052899487725
            ],
            [
              -121.73406283394097,
              39.705290366300396
            ],
            [
              -121.73406106690565,
              39.705290784731744
            ],
            [
              -121.73405929987038,
              39.70529120316313
            ],
            [
              -121.73405753282827,
              39.70529162339568
            ],
            [
              -121.73405576695225,
              39.70529204363086
            ],
            [
              -121.73405399990665,
              39.70529246476402
            ],
            [
              -121.73405223402705,
              39.7052928859
            ],
            [
              -121.7340504681407,
              39.70529330883724
            ],
            [
              -121.73404870225433,
              39.70529373177431
            ],
            [
              -121.73404693753061,
              39.70529415561474
            ],
            [
              -121.73404517280672,
              39.705294579455156
            ],
            [
              -121.73404340807612,
              39.70529500509702
            ],
            [
              -121.7340416433455,
              39.705295430738836
            ],
            [
              -121.7340398786149,
              39.70529585638054
            ],
            [
              -121.73403811504343,
              39.705296283826286
            ],
            [
              -121.73403635147197,
              39.70529671127194
            ],
            [
              -121.7340345878971,
              39.705297139618374
            ],
            [
              -121.73403282548477,
              39.70529756886788
            ],
            [
              -121.73403106190652,
              39.705297998114816
            ],
            [
              -121.73402929949071,
              39.705298428265216
            ],
            [
              -121.73402753707157,
              39.70529885931614
            ],
            [
              -121.73402577581511,
              39.7052992912704
            ],
            [
              -121.7340240133925,
              39.70529972322194
            ],
            [
              -121.73402225213256,
              39.70530015607685
            ],
            [
              -121.7340204908691,
              39.70530058983243
            ],
            [
              -121.73401872960572,
              39.7053010235878
            ],
            [
              -121.73401696950158,
              39.70530145914737
            ],
            [
              -121.73401520823128,
              39.705301894704114
            ],
            [
              -121.73401344812706,
              39.70530233026356
            ],
            [
              -121.73401168918207,
              39.70530276762699
            ],
            [
              -121.73400992907095,
              39.70530320498771
            ],
            [
              -121.73400817012248,
              39.70530364325183
            ],
            [
              -121.73400641117402,
              39.70530408151577
            ],
            [
              -121.73400465221863,
              39.70530452158115
            ],
            [
              -121.73400289326332,
              39.70530496164642
            ],
            [
              -121.73400113547056,
              39.70530540261507
            ],
            [
              -121.73399937767786,
              39.705305843583865
            ],
            [
              -121.73399761987824,
              39.70530628635362
            ],
            [
              -121.73399586207869,
              39.70530672912347
            ],
            [
              -121.73399410544503,
              39.705307171896116
            ],
            [
              -121.73399234880466,
              39.70530761646996
            ],
            [
              -121.73399059216418,
              39.705308061043816
            ],
            [
              -121.73398883552035,
              39.70530850651829
            ],
            [
              -121.73398708003909,
              39.70530895289616
            ],
            [
              -121.73398532455784,
              39.705309399274014
            ],
            [
              -121.7339835690732,
              39.70530984655239
            ],
            [
              -121.73398181358502,
              39.70531029473148
            ],
            [
              -121.73398005809352,
              39.70531074381124
            ],
            [
              -121.733978303768,
              39.70531119289366
            ],
            [
              -121.73397654943899,
              39.705311642876794
            ],
            [
              -121.73397479627275,
              39.70531209376297
            ],
            [
              -121.73397304194032,
              39.70531254464657
            ],
            [
              -121.73397128877053,
              39.70531299643354
            ],
            [
              -121.73396953559745,
              39.705313449121164
            ],
            [
              -121.73396778242072,
              39.70531390270954
            ],
            [
              -121.73396603041017,
              39.705314356300455
            ],
            [
              -121.73396427722662,
              39.7053148116899
            ],
            [
              -121.73396252521255,
              39.70531526618156
            ],
            [
              -121.73396077435774,
              39.70531572247709
            ],
            [
              -121.73395902233688,
              39.70531617876993
            ],
            [
              -121.73395727147854,
              39.70531663596611
            ],
            [
              -121.7339555206168,
              39.70531709406288
            ],
            [
              -121.73395376975171,
              39.70531755306015
            ],
            [
              -121.73395202005263,
              39.70531801206039
            ],
            [
              -121.73395026918399,
              39.705318471958556
            ],
            [
              -121.73394851948139,
              39.70531893185908
            ],
            [
              -121.733946769772,
              39.70531939356131
            ],
            [
              -121.73394502122864,
              39.70531985526595
            ],
            [
              -121.73394327268188,
              39.70532031787117
            ],
            [
              -121.733941524135,
              39.705320780476576
            ],
            [
              -121.73393977558138,
              39.7053212448832
            ],
            [
              -121.73393802702765,
              39.70532170928974
            ],
            [
              -121.73393627963658,
              39.705322174599786
            ],
            [
              -121.73393453224548,
              39.70532263990958
            ],
            [
              -121.73393278485104,
              39.70532310612018
            ],
            [
              -121.73393103861912,
              39.70532357323399
            ],
            [
              -121.73392929238383,
              39.7053240412485
            ],
            [
              -121.73392754614851,
              39.70532450926305
            ],
            [
              -121.73392579990968,
              39.70532497817825
            ],
            [
              -121.73392405366747,
              39.70532544799389
            ],
            [
              -121.73392230858789,
              39.70532591871301
            ],
            [
              -121.73392056350835,
              39.70532638943224
            ],
            [
              -121.73391881842522,
              39.705326861051844
            ],
            [
              -121.73391707450487,
              39.705327333574886
            ],
            [
              -121.73391533058444,
              39.70532780609779
            ],
            [
              -121.73391358666052,
              39.70532827952144
            ],
            [
              -121.73391184273328,
              39.70532875384587
            ],
            [
              -121.73391009996853,
              39.70532922907341
            ],
            [
              -121.73390835720389,
              39.70532970430104
            ],
            [
              -121.73390661443572,
              39.70533018042926
            ],
            [
              -121.73390487166412,
              39.705330657458205
            ],
            [
              -121.7339031300553,
              39.70533113539043
            ],
            [
              -121.73390138728021,
              39.70533161331989
            ],
            [
              -121.73389964683395,
              39.705332092155494
            ],
            [
              -121.73389790522145,
              39.705332570988304
            ],
            [
              -121.73389616476825,
              39.70533305162512
            ],
            [
              -121.733894423149,
              39.705333532259154
            ],
            [
              -121.7338926838584,
              39.70533401379922
            ],
            [
              -121.73389094340168,
              39.70533449533667
            ],
            [
              -121.73095261857154,
              39.70651720896307
            ],
            [
              -121.72775693053994,
              39.70790579605602
            ],
            [
              -121.72421094825461,
              39.709404924018976
            ],
            [
              -121.72420422707008,
              39.709407760758644
            ],
            [
              -121.72419750125225,
              39.70941058938088
            ],
            [
              -121.72419076963506,
              39.70941340988281
            ],
            [
              -121.72418403221486,
              39.70941622316535
            ],
            [
              -121.7241772901615,
              39.70941902833027
            ],
            [
              -121.72417054230525,
              39.70942182627575
            ],
            [
              -121.7241637886459,
              39.70942461700167
            ],
            [
              -121.72415703035703,
              39.70942739870929
            ],
            [
              -121.724150266265,
              39.70943017319759
            ],
            [
              -121.72414349753645,
              39.70943294046898
            ],
            [
              -121.72413672300836,
              39.709435699620144
            ],
            [
              -121.72412994267738,
              39.70943845155177
            ],
            [
              -121.72412315771318,
              39.70944119536593
            ],
            [
              -121.72411636811574,
              39.709443931062616
            ],
            [
              -121.72410957271535,
              39.70944665953967
            ],
            [
              -121.72410277151565,
              39.70944937989666
            ],
            [
              -121.72409596568262,
              39.709452092136026
            ],
            [
              -121.72408915521292,
              39.70945479715858
            ],
            [
              -121.7240823389402,
              39.70945749496155
            ],
            [
              -121.72407551803789,
              39.70946018374655
            ],
            [
              -121.7240686913326,
              39.709462865311714
            ],
            [
              -121.72406185999063,
              39.70946553966032
            ],
            [
              -121.72405502284927,
              39.70946820588864
            ],
            [
              -121.72404818107464,
              39.709470863999336
            ],
            [
              -121.72404133466685,
              39.709473513992556
            ],
            [
              -121.72403448245613,
              39.70947615676634
            ],
            [
              -121.72402762561218,
              39.70947879142248
            ],
            [
              -121.72402076296892,
              39.70948141795853
            ],
            [
              -121.72401389568886,
              39.70948403727779
            ],
            [
              -121.72400702377558,
              39.70948664847941
            ],
            [
              -121.7240001472292,
              39.70948925156355
            ],
            [
              -121.7239932648798,
              39.70949184742805
            ],
            [
              -121.72398637789729,
              39.70949443517513
            ],
            [
              -121.72397948628151,
              39.70949701480474
            ],
            [
              -121.72397258886288,
              39.70949958721478
            ],
            [
              -121.72396568798078,
              39.70950215060936
            ],
            [
              -121.72395878129576,
              39.70950470678437
            ],
            [
              -121.72395186997396,
              39.70950725574254
            ],
            [
              -121.72394495285643,
              39.70950979567983
            ],
            [
              -121.7239380322683,
              39.709512328402944
            ],
            [
              -121.72393110588088,
              39.70951485300585
            ],
            [
              -121.72392417486019,
              39.709517369491294
            ],
            [
              -121.72391723920278,
              39.70951987875992
            ],
            [
              -121.72391029891573,
              39.70952237901026
            ],
            [
              -121.72390335282586,
              39.70952487204097
            ],
            [
              -121.72389640326891,
              39.70952735695702
            ],
            [
              -121.72389042282389,
              39.70952948736117
            ],
            [
              -121.72389042282383,
              39.709529487361166
            ],
            [
              -121.7635484775391,
              39.66212379636132
            ]
          ]
        ]
      }
    },
    {
      "type": "Feature",
      "properties": {
        "zone_label": "20N01E02H003M",
        "rms_well_swn": "20N01E02H003M",
        "mgmt_area_full": "03-Vina-South",
        "mgmt_area": "South",
        "workbook_mgmt_area": "03-Vina-South",
        "reassigned": false,
        "is_aggregate": false,
        "seed_lat": 39.61576,
        "seed_lon": -121.82216,
        "area_acres": 5200.1
      },
      "geometry": {
        "type": "MultiPolygon",
        "coordinates": [
          [
            [
              [
                -121.840802170011,
                39.633836493767205
              ],
              [
                -121.80435640681104,
                39.62608848496708
              ],
              [
                -121.78774278245193,
                39.60542359974171
              ],
              [
                -121.78878960826053,
                39.60440590746725
              ],
              [
                -121.78942605511186,
                39.60382904578755
              ],
              [
                -121.79004387951126,
                39.603168185553315
              ],
              [
                -121.79086745861925,
                39.602450495053766
              ],
              [
                -121.7918883540351,
                39.60146793036547
              ],
              [
                -121.79261716386324,
                39.600656129348124
              ],
              [
                -121.79320443110959,
                39.59990182235951
              ],
              [
                -121.79416667631884,
                39.59863819722527
              ],
              [
                -121.79533177579751,
                39.596928822220285
              ],
              [
                -121.79593462493312,
                39.5959667146573
              ],
              [
                -121.79714906732882,
                39.594575483560305
              ],
              [
                -121.7976674954955,
                39.59395450602336
              ],
              [
                -121.79792684201361,
                39.59288178277788
              ],
              [
                -121.79847361084283,
                39.591768826316724
              ],
              [
                -121.79928898698259,
                39.59018338140346
              ],
              [
                -121.80016098601718,
                39.589120441186836
              ],
              [
                -121.80110846264449,
                39.58848872050353
              ],
              [
                -121.80132690502114,
                39.59493739445231
              ],
              [
                -121.80146723804063,
                39.59518093276426
              ],
              [
                -121.80147766846164,
                39.595181008292265
              ],
              [
                -121.80148058634157,
                39.59518607190699
              ],
              [
                -121.80248015445305,
                39.595193278478774
              ],
              [
                -121.80728093991384,
                39.59524888145386
              ],
              [
                -121.80741763347308,
                39.595237870695954
              ],
              [
                -121.80758997513796,
                39.59525515878933
              ],
              [
                -121.81349075358926,
                39.595315583793536
              ],
              [
                -121.81417212339413,
                39.59550100820222
              ],
              [
                -121.81825552389371,
                39.59548365464484
              ],
              [
                -121.8225922923833,
                39.59544079230409
              ],
              [
                -121.82279362961752,
                39.59540558717165
              ],
              [
                -121.82315360210636,
                39.59536733661586
              ],
              [
                -121.82335008650787,
                39.59538174161209
              ],
              [
                -121.8248107679063,
                39.595424462394064
              ],
              [
                -121.82654259512027,
                39.59543437940828
              ],
              [
                -121.82751289632317,
                39.595310952375286
              ],
              [
                -121.82867283544994,
                39.59506403781853
              ],
              [
                -121.82883664430945,
                39.5948893855085
              ],
              [
                -121.82924506716786,
                39.59435811052293
              ],
              [
                -121.82945279308612,
                39.59403052230616
              ],
              [
                -121.8299804754628,
                39.594045557171626
              ],
              [
                -121.83040275656253,
                39.59405758735761
              ],
              [
                -121.83055427000569,
                39.59402022847206
              ],
              [
                -121.8325807584425,
                39.59394788528932
              ],
              [
                -121.83469375123423,
                39.593981769156215
              ],
              [
                -121.83498893659481,
                39.593965729692584
              ],
              [
                -121.8352449715162,
                39.593841627559016
              ],
              [
                -121.83654479826215,
                39.59302496745691
              ],
              [
                -121.83678391636623,
                39.59293235989449
              ],
              [
                -121.83739884717404,
                39.592900514462485
              ],
              [
                -121.83788474019279,
                39.59274704028354
              ],
              [
                -121.83843380383745,
                39.59253106649451
              ],
              [
                -121.8384302366988,
                39.592232800201785
              ],
              [
                -121.83841830835445,
                39.591742736608445
              ],
              [
                -121.83839910324893,
                39.59168810518461
              ],
              [
                -121.83834275299783,
                39.59154284638321
              ],
              [
                -121.83834027436949,
                39.59149313117761
              ],
              [
                -121.83828314258476,
                39.59034728480683
              ],
              [
                -121.83827914012431,
                39.58983794541483
              ],
              [
                -121.83873524834574,
                39.5898381323323
              ],
              [
                -121.84156579736428,
                39.589819838851255
              ],
              [
                -121.84721114883263,
                39.5897642677153
              ],
              [
                -121.8474816294508,
                39.589781029660955
              ],
              [
                -121.84790289861932,
                39.58979873578967
              ],
              [
                -121.84801140073056,
                39.589961186123745
              ],
              [
                -121.8480450129409,
                39.590597784679794
              ],
              [
                -121.84805393792641,
                39.5922397451662
              ],
              [
                -121.84807810986149,
                39.594899878328064
              ],
              [
                -121.84806286355703,
                39.59569893715939
              ],
              [
                -121.848138376244,
                39.600833245846104
              ],
              [
                -121.8481363349406,
                39.60240991692685
              ],
              [
                -121.84818321821155,
                39.60283944993361
              ],
              [
                -121.84819801978666,
                39.603493725308304
              ],
              [
                -121.84822887719707,
                39.60503619022387
              ],
              [
                -121.84821396513063,
                39.606090577433804
              ],
              [
                -121.8482321147202,
                39.606233475876614
              ],
              [
                -121.84825723889378,
                39.60642005058697
              ],
              [
                -121.84824383886728,
                39.60753788244566
              ],
              [
                -121.84826477416864,
                39.6096788739017
              ],
              [
                -121.84827239022802,
                39.60992117068244
              ],
              [
                -121.84828559762573,
                39.60992150290151
              ],
              [
                -121.84828574922862,
                39.60992630740552
              ],
              [
                -121.84852024816294,
                39.60993220349022
              ],
              [
                -121.84983851465952,
                39.60993733687713
              ],
              [
                -121.85450225411003,
                39.609904118356056
              ],
              [
                -121.85758495788248,
                39.609828684203
              ],
              [
                -121.87135784433613,
                39.60970472456136
              ],
              [
                -121.87151563389814,
                39.60966707345968
              ],
              [
                -121.87164230790063,
                39.60967222262512
              ],
              [
                -121.87598963716799,
                39.6096987030772
              ],
              [
                -121.8761832900777,
                39.60963788240043
              ],
              [
                -121.87635488913,
                39.6095298263832
              ],
              [
                -121.8782194388208,
                39.60950162806571
              ],
              [
                -121.840802170011,
                39.633836493767205
              ]
            ]
          ],
          [
            [
              [
                -121.8945373323172,
                39.59888051148183
              ],
              [
                -121.8945373323172,
                39.598880511481795
              ],
              [
                -121.89445723158572,
                39.59479717342436
              ],
              [
                -121.90085576571244,
                39.59476652718673
              ],
              [
                -121.90085576571248,
                39.59476652718672
              ],
              [
                -121.8945373323172,
                39.59888051148183
              ]
            ]
          ],
          [
            [
              [
                -121.7807593052287,
                39.59673310573258
              ],
              [
                -121.78077513765068,
                39.59411868706259
              ],
              [
                -121.78077513765068,
                39.59411868706259
              ],
              [
                -121.78113734250923,
                39.595135587627084
              ],
              [
                -121.78256929135897,
                39.598985750726484
              ],
              [
                -121.7807593052287,
                39.59673310573258
              ]
            ]
          ]
        ]
      }
    },
    {
      "type": "Feature",
      "properties": {
        "zone_label": "20N02E09G001M",
        "rms_well_swn": "20N02E09G001M",
        "mgmt_area_full": "03-Vina-South",
        "mgmt_area": "South",
        "workbook_mgmt_area": "03-Vina-South",
        "reassigned": false,
        "is_aggregate": false,
        "seed_lat": 39.61546,
        "seed_lon": -121.73913,
        "area_acres": 6521.0
      },
      "geometry": {
        "type": "Polygon",
        "coordinates": [
          [
            [
              -121.69875733422181,
              39.622837701684375
            ],
            [
              -121.69459092362086,
              39.61503545430583
            ],
            [
              -121.73273162826199,
              39.59077863510886
            ],
            [
              -121.73273162826202,
              39.59077863510887
            ],
            [
              -121.735906616789,
              39.59265816326479
            ],
            [
              -121.73591015057224,
              39.5926575029995
            ],
            [
              -121.73591995530289,
              39.59266330689539
            ],
            [
              -121.74712237784924,
              39.59057083773831
            ],
            [
              -121.74903201202036,
              39.5887350145786
            ],
            [
              -121.74907688058057,
              39.58858195434843
            ],
            [
              -121.74903212106321,
              39.58835104393928
            ],
            [
              -121.74778196230918,
              39.58715333145944
            ],
            [
              -121.75151602545189,
              39.584994531994134
            ],
            [
              -121.75972551736342,
              39.57996296049419
            ],
            [
              -121.7607256010355,
              39.58044647655102
            ],
            [
              -121.76072730670863,
              39.58044599121584
            ],
            [
              -121.76073894256204,
              39.58045161739973
            ],
            [
              -121.77312413075977,
              39.57692891204833
            ],
            [
              -121.77423848282572,
              39.57667992672723
            ],
            [
              -121.77954196802922,
              39.59081211052138
            ],
            [
              -121.77967632926028,
              39.591033575026174
            ],
            [
              -121.78077513765068,
              39.59411868706259
            ],
            [
              -121.7807593052287,
              39.59673310573258
            ],
            [
              -121.7538814362111,
              39.63629267675989
            ],
            [
              -121.69875733422181,
              39.622837701684375
            ]
          ]
        ]
      }
    },
    {
      "type": "Feature",
      "properties": {
        "zone_label": "20N03E33L001M",
        "rms_well_swn": "20N03E33L001M",
        "mgmt_area_full": "03-Vina-South",
        "mgmt_area": "South",
        "workbook_mgmt_area": "03-Vina-South",
        "reassigned": false,
        "is_aggregate": false,
        "seed_lat": 39.54357,
        "seed_lon": -121.64667,
        "area_acres": 5185.9
      },
      "geometry": {
        "type": "Polygon",
        "coordinates": [
          [
            [
              -121.59953323033324,
              39.59732400191038
            ],
            [
              -121.6014793636891,
              39.59413707974962
            ],
            [
              -121.60151194965876,
              39.59409590804788
            ],
            [
              -121.6025502811791,
              39.59278138328535
            ],
            [
              -121.60384011198923,
              39.59154338779813
            ],
            [
              -121.60504435350289,
              39.59076138698
            ],
            [
              -121.61466286129699,
              39.58507655945175
            ],
            [
              -121.61694396772437,
              39.58413054486461
            ],
            [
              -121.61945002581975,
              39.58309113876341
            ],
            [
              -121.62213661005447,
              39.582217112887655
            ],
            [
              -121.62685362969717,
              39.580058844511534
            ],
            [
              -121.63556843957493,
              39.57487336933108
            ],
            [
              -121.63871549520984,
              39.573319897882804
            ],
            [
              -121.64036996760903,
              39.572258444357225
            ],
            [
              -121.64399759888516,
              39.56922565953114
            ],
            [
              -121.64478138598989,
              39.567465140379575
            ],
            [
              -121.64503451592553,
              39.56621116617709
            ],
            [
              -121.64478257955342,
              39.56443520084095
            ],
            [
              -121.64430313378116,
              39.562884433712824
            ],
            [
              -121.64156069036758,
              39.55712652436069
            ],
            [
              -121.639799932572,
              39.550582898061606
            ],
            [
              -121.63919136414913,
              39.54531421128922
            ],
            [
              -121.63827297807963,
              39.540612640226385
            ],
            [
              -121.63825308464185,
              39.536759469129585
            ],
            [
              -121.63826631691646,
              39.53675924528262
            ],
            [
              -121.63909590890408,
              39.53674520843133
            ],
            [
              -121.64641581937232,
              39.53662111075867
            ],
            [
              -121.64638699672459,
              39.53534576810494
            ],
            [
              -121.6463472897299,
              39.53358874427507
            ],
            [
              -121.64981271590692,
              39.53355306267539
            ],
            [
              -121.64980115439047,
              39.53175578144623
            ],
            [
              -121.6603358566006,
              39.53188395005498
            ],
            [
              -121.6604164670769,
              39.53793635682595
            ],
            [
              -121.67352358887291,
              39.53796210202461
            ],
            [
              -121.67468905564081,
              39.53793622300635
            ],
            [
              -121.67568318606534,
              39.537831371557935
            ],
            [
              -121.67904795890666,
              39.537782123823895
            ],
            [
              -121.67905056038894,
              39.53423339176444
            ],
            [
              -121.67909338262427,
              39.534052292515106
            ],
            [
              -121.67964280218285,
              39.53409724134888
            ],
            [
              -121.68334979637784,
              39.536720981655854
            ],
            [
              -121.68424842284145,
              39.53741297329979
            ],
            [
              -121.68619765186371,
              39.53879865526652
            ],
            [
              -121.6884073468803,
              39.54034398278382
            ],
            [
              -121.689963665789,
              39.541430523219375
            ],
            [
              -121.69028731566398,
              39.54165044630702
            ],
            [
              -121.69462064774633,
              39.54463748891184
            ],
            [
              -121.63996322328516,
              39.59313731445688
            ],
            [
              -121.59953323033324,
              39.59732400191038
            ]
          ]
        ]
      }
    },
    {
      "type": "Feature",
      "properties": {
        "zone_label": "21N01E10B003M",
        "rms_well_swn": "21N01E10B003M",
        "mgmt_area_full": "03-Vina-South",
        "mgmt_area": "South",
        "workbook_mgmt_area": "03-Vina-South",
        "reassigned": false,
        "is_aggregate": false,
        "seed_lat": 39.6963,
        "seed_lon": -121.8486,
        "area_acres": 6650.3
      },
      "geometry": {
        "type": "Polygon",
        "coordinates": [
          [
            [
              -121.82001145785453,
              39.69513548325781
            ],
            [
              -121.84564822018201,
              39.672264537817526
            ],
            [
              -121.89033818794888,
              39.67938248771322
            ],
            [
              -121.89033818794884,
              39.679382487713255
            ],
            [
              -121.88948399403088,
              39.68018483341411
            ],
            [
              -121.88873699002127,
              39.680491407221986
            ],
            [
              -121.88801553180379,
              39.680571797107554
            ],
            [
              -121.88788402231503,
              39.680586448505736
            ],
            [
              -121.88738595289335,
              39.68081928076422
            ],
            [
              -121.88734268055293,
              39.68114048368171
            ],
            [
              -121.88694985161153,
              39.68198849951985
            ],
            [
              -121.88631285025473,
              39.6824243000584
            ],
            [
              -121.88560523363427,
              39.68255242344147
            ],
            [
              -121.88414319921503,
              39.68346356003331
            ],
            [
              -121.88395922692706,
              39.683578200172455
            ],
            [
              -121.88383282928011,
              39.683656969552345
            ],
            [
              -121.88298990401732,
              39.68396072356772
            ],
            [
              -121.88214573171305,
              39.684734011984936
            ],
            [
              -121.88184424179506,
              39.68584539996096
            ],
            [
              -121.88469609704003,
              39.687082601052246
            ],
            [
              -121.88503289312321,
              39.68731706080081
            ],
            [
              -121.88524534547635,
              39.6875822193557
            ],
            [
              -121.88533295197102,
              39.687909969041044
            ],
            [
              -121.88526523217571,
              39.68913774002115
            ],
            [
              -121.8851804269811,
              39.691048799152725
            ],
            [
              -121.88634479812205,
              39.690748624257
            ],
            [
              -121.88832853363174,
              39.69023718517105
            ],
            [
              -121.89109478864775,
              39.68952393257444
            ],
            [
              -121.89291921189208,
              39.69040655095522
            ],
            [
              -121.89689930211209,
              39.68947386018707
            ],
            [
              -121.8996524500121,
              39.68930560084334
            ],
            [
              -121.90126966024876,
              39.68937584370165
            ],
            [
              -121.90254194390329,
              39.689339347057135
            ],
            [
              -121.90288718190581,
              39.68932943351754
            ],
            [
              -121.9038639348097,
              39.68907506764003
            ],
            [
              -121.90429770391087,
              39.68906846119995
            ],
            [
              -121.90504374965074,
              39.68905710127149
            ],
            [
              -121.90583403596005,
              39.68878955807131
            ],
            [
              -121.90627509707214,
              39.688322619446915
            ],
            [
              -121.90673055208308,
              39.688235676280684
            ],
            [
              -121.90742029070046,
              39.68838967962589
            ],
            [
              -121.90742295781344,
              39.689293070599554
            ],
            [
              -121.90759281013142,
              39.689238846134444
            ],
            [
              -121.90770755920443,
              39.68917234394296
            ],
            [
              -121.90783673686872,
              39.68906994903092
            ],
            [
              -121.90798223574838,
              39.68899473321884
            ],
            [
              -121.90832535544156,
              39.68886731537007
            ],
            [
              -121.90845490761465,
              39.688832490129506
            ],
            [
              -121.90867612781442,
              39.68876249420514
            ],
            [
              -121.9088591762089,
              39.68871014605248
            ],
            [
              -121.90898910602745,
              39.688697854461736
            ],
            [
              -121.909286489917,
              39.688651091127944
            ],
            [
              -121.90949196845486,
              39.6885629220476
            ],
            [
              -121.90971366323744,
              39.68841634682831
            ],
            [
              -121.90981331885277,
              39.688336190762705
            ],
            [
              -121.91001097285485,
              39.68804972145997
            ],
            [
              -121.9102097919724,
              39.68792094139068
            ],
            [
              -121.9104003546718,
              39.68776056635833
            ],
            [
              -121.9106064630713,
              39.68763184515243
            ],
            [
              -121.91085792059773,
              39.687539602876306
            ],
            [
              -121.91114031769133,
              39.687564769802876
            ],
            [
              -121.91132367714962,
              39.68758450823559
            ],
            [
              -121.91156010650569,
              39.68761375327629
            ],
            [
              -121.91171360511154,
              39.68761833272243
            ],
            [
              -121.911780843495,
              39.68762032925624
            ],
            [
              -121.91185014250263,
              39.68761647840512
            ],
            [
              -121.91200229422859,
              39.687581856773576
            ],
            [
              -121.9120360607942,
              39.68867247649539
            ],
            [
              -121.91209467654299,
              39.69056502829196
            ],
            [
              -121.91210499697857,
              39.699097579534765
            ],
            [
              -121.91210520080267,
              39.699271840785286
            ],
            [
              -121.90834972095669,
              39.70037314791984
            ],
            [
              -121.89304568665436,
              39.704809932459035
            ],
            [
              -121.89047405918693,
              39.70542058863262
            ],
            [
              -121.88744874713393,
              39.7062335309144
            ],
            [
              -121.88577557839874,
              39.71018963184694
            ],
            [
              -121.88510347464377,
              39.711779930881306
            ],
            [
              -121.88443016205635,
              39.71337060860031
            ],
            [
              -121.88366880346976,
              39.71500480052701
            ],
            [
              -121.88105098672344,
              39.71531441630083
            ],
            [
              -121.8808085548347,
              39.71534309241395
            ],
            [
              -121.87913319932481,
              39.715541213783645
            ],
            [
              -121.87688886180985,
              39.715806579751074
            ],
            [
              -121.87692234160419,
              39.71596921401547
            ],
            [
              -121.87731843197695,
              39.71788926289419
            ],
            [
              -121.8725396392287,
              39.71847711892645
            ],
            [
              -121.87071094029095,
              39.71870203234733
            ],
            [
              -121.8724314154627,
              39.721421378632776
            ],
            [
              -121.87437031627269,
              39.72118289517573
            ],
            [
              -121.87459493143747,
              39.722271826376556
            ],
            [
              -121.873272968803,
              39.7224344140136
            ],
            [
              -121.87222688712339,
              39.722564183640955
            ],
            [
              -121.87270201014663,
              39.72488918381188
            ],
            [
              -121.87270644837564,
              39.724889491944964
            ],
            [
              -121.87170948371124,
              39.724951178151635
            ],
            [
              -121.87170145075211,
              39.724948582629466
            ],
            [
              -121.87109068259781,
              39.72475144803866
            ],
            [
              -121.8706031487876,
              39.72485118170091
            ],
            [
              -121.87058233100818,
              39.724745447286516
            ],
            [
              -121.87034785212403,
              39.72355501467694
            ],
            [
              -121.87020187147708,
              39.72281386028405
            ],
            [
              -121.8701796365098,
              39.72271300357914
            ],
            [
              -121.86917050124664,
              39.7228414041595
            ],
            [
              -121.86691340176603,
              39.72304533227856
            ],
            [
              -121.86687548707283,
              39.7228343432292
            ],
            [
              -121.86683984315357,
              39.72264850687728
            ],
            [
              -121.86680467539817,
              39.72246507677073
            ],
            [
              -121.86676856987899,
              39.72227683321828
            ],
            [
              -121.86673292654996,
              39.72209098418627
            ],
            [
              -121.86669683659888,
              39.72190272979488
            ],
            [
              -121.866660732847,
              39.72171447446275
            ],
            [
              -121.866616020679,
              39.72148130927574
            ],
            [
              -121.86655105088893,
              39.72114247696284
            ],
            [
              -121.8663021265239,
              39.721171846798406
            ],
            [
              -121.86605151272364,
              39.72120140512991
            ],
            [
              -121.8657682885171,
              39.72123481669767
            ],
            [
              -121.8655097074614,
              39.72126533212372
            ],
            [
              -121.8652371875855,
              39.72129746126128
            ],
            [
              -121.86472081068109,
              39.72135836581855
            ],
            [
              -121.86445694048044,
              39.721389491621856
            ],
            [
              -121.86451979542717,
              39.72171729194185
            ],
            [
              -121.86456754352592,
              39.72196631617175
            ],
            [
              -121.86460362779593,
              39.72215457211244
            ],
            [
              -121.86463801024556,
              39.72233390838644
            ],
            [
              -121.86412855901156,
              39.722393716759036
            ],
            [
              -121.86360120611815,
              39.722455627796016
            ],
            [
              -121.8626516125271,
              39.722567093713224
            ],
            [
              -121.86274459748087,
              39.723039469250445
            ],
            [
              -121.8628375824971,
              39.72351185633985
            ],
            [
              -121.86262664976516,
              39.72353661872841
            ],
            [
              -121.86069652023374,
              39.72376308963667
            ],
            [
              -121.8601023569231,
              39.72383279948095
            ],
            [
              -121.85851324663285,
              39.72401923744152
            ],
            [
              -121.85640378898468,
              39.72426667566836
            ],
            [
              -121.85535239584995,
              39.7243900918687
            ],
            [
              -121.85523841738272,
              39.723810777265165
            ],
            [
              -121.85519568652968,
              39.72359359172738
            ],
            [
              -121.85515295458079,
              39.72337639902126
            ],
            [
              -121.8551102265694,
              39.72315921347448
            ],
            [
              -121.8550674975992,
              39.72294202615862
            ],
            [
              -121.85502476886006,
              39.72272483795611
            ],
            [
              -121.85498172239107,
              39.72250602158993
            ],
            [
              -121.85497794820348,
              39.72250646436273
            ],
            [
              -121.85497760138456,
              39.72250470122165
            ],
            [
              -121.85445025358503,
              39.72256657036637
            ],
            [
              -121.85392667215345,
              39.72262798281276
            ],
            [
              -121.85366828294316,
              39.72131596665198
            ],
            [
              -121.85355507712521,
              39.72074041672578
            ],
            [
              -121.85352301014784,
              39.720577528239716
            ],
            [
              -121.85350403324625,
              39.72048105129024
            ],
            [
              -121.8533614782074,
              39.71975634976135
            ],
            [
              -121.85335843670413,
              39.71975670655153
            ],
            [
              -121.85335735720234,
              39.719751218565804
            ],
            [
              -121.85320835110437,
              39.718993688806734
            ],
            [
              -121.85314693134775,
              39.71868140177295
            ],
            [
              -121.85372940303797,
              39.71861455769608
            ],
            [
              -121.85369121234604,
              39.718445681001505
            ],
            [
              -121.85361667296131,
              39.718286363097064
            ],
            [
              -121.85385319563399,
              39.71825264174116
            ],
            [
              -121.85448741725494,
              39.71816223315052
            ],
            [
              -121.85472784266238,
              39.71812795193252
            ],
            [
              -121.85498092464867,
              39.71809187634152
            ],
            [
              -121.85515015565203,
              39.71806775091495
            ],
            [
              -121.855303402615,
              39.71805602065931
            ],
            [
              -121.8559935696943,
              39.71794750046892
            ],
            [
              -121.85617622909028,
              39.717921456223806
            ],
            [
              -121.8565830572462,
              39.71786346844206
            ],
            [
              -121.85670119456317,
              39.71757479178823
            ],
            [
              -121.8571073887715,
              39.71658278975974
            ],
            [
              -121.85738028120744,
              39.71591594743876
            ],
            [
              -121.85755088532218,
              39.715499030361514
            ],
            [
              -121.85765056287825,
              39.71525552217329
            ],
            [
              -121.8577889293648,
              39.714917256045695
            ],
            [
              -121.85784381585363,
              39.7147832171507
            ],
            [
              -121.85792160131635,
              39.71459321821275
            ],
            [
              -121.85806347881905,
              39.71424425418965
            ],
            [
              -121.85821253550306,
              39.71388163017712
            ],
            [
              -121.85713307998107,
              39.71361811887491
            ],
            [
              -121.8566274910371,
              39.713439802636785
            ],
            [
              -121.85467435184366,
              39.71299909743447
            ],
            [
              -121.85464980039204,
              39.71299368099269
            ],
            [
              -121.85453766496359,
              39.7132524750459
            ],
            [
              -121.85412017136791,
              39.71421597206226
            ],
            [
              -121.85354384275249,
              39.71545936467124
            ],
            [
              -121.85318989453914,
              39.716276113856544
            ],
            [
              -121.8532321858487,
              39.716286005720974
            ],
            [
              -121.85308279302302,
              39.71666339555656
            ],
            [
              -121.85265408619654,
              39.71656083597639
            ],
            [
              -121.85144016314739,
              39.71627039847349
            ],
            [
              -121.85147377585079,
              39.716185849200954
            ],
            [
              -121.85146814625882,
              39.716184518520365
            ],
            [
              -121.85146965895945,
              39.71618071324761
            ],
            [
              -121.85158136280383,
              39.71589973609329
            ],
            [
              -121.85066126237757,
              39.71568442630197
            ],
            [
              -121.8486933760129,
              39.71522391356371
            ],
            [
              -121.84858810376221,
              39.71520498800381
            ],
            [
              -121.84866764359491,
              39.71500341549169
            ],
            [
              -121.84874719696374,
              39.71480184382949
            ],
            [
              -121.84882675104366,
              39.71460027119963
            ],
            [
              -121.84892211525711,
              39.714358608456244
            ],
            [
              -121.84920823194419,
              39.7136336205712
            ],
            [
              -121.84884194986398,
              39.71363401707859
            ],
            [
              -121.8486013505032,
              39.713572535705104
            ],
            [
              -121.84840607793093,
              39.71367888527251
            ],
            [
              -121.84822564488073,
              39.71377716727382
            ],
            [
              -121.84790875583826,
              39.71388857676946
            ],
            [
              -121.84783472007729,
              39.7139146019152
            ],
            [
              -121.84766419267233,
              39.714069851781986
            ],
            [
              -121.84764139104007,
              39.71409061374869
            ],
            [
              -121.84752438889547,
              39.714197141514305
            ],
            [
              -121.847463457833,
              39.71431695405284
            ],
            [
              -121.84736889435139,
              39.71450292081162
            ],
            [
              -121.84730260588334,
              39.71455481982651
            ],
            [
              -121.84685799161771,
              39.714792877533355
            ],
            [
              -121.84624987338104,
              39.714648016775286
            ],
            [
              -121.844066151652,
              39.71412999822203
            ],
            [
              -121.84381657551684,
              39.71411851310155
            ],
            [
              -121.8437670679658,
              39.71426419045448
            ],
            [
              -121.84222718975441,
              39.71818341825343
            ],
            [
              -121.84194641622125,
              39.7188938887939
            ],
            [
              -121.84193736799385,
              39.718883543061544
            ],
            [
              -121.84183934527519,
              39.718922081445406
            ],
            [
              -121.84180910788575,
              39.71899698784798
            ],
            [
              -121.84086385294643,
              39.71816365792653
            ],
            [
              -121.84024878239335,
              39.717665527642865
            ],
            [
              -121.84049662434646,
              39.71766909025392
            ],
            [
              -121.84049024464863,
              39.71766392331944
            ],
            [
              -121.8404924953752,
              39.7176639556169
            ],
            [
              -121.83667372243671,
              39.71457093000977
            ],
            [
              -121.83643935182673,
              39.71458272593563
            ],
            [
              -121.83439690364666,
              39.71275568745604
            ],
            [
              -121.83279436730407,
              39.71118588868617
            ],
            [
              -121.83265084159265,
              39.711045304080535
            ],
            [
              -121.83235924877782,
              39.71105746082582
            ],
            [
              -121.83192293643465,
              39.71107565109281
            ],
            [
              -121.82730517502034,
              39.711268199545394
            ],
            [
              -121.82524913700989,
              39.7113671427597
            ],
            [
              -121.82500820919257,
              39.711378602647414
            ],
            [
              -121.82412093144652,
              39.711361919387464
            ],
            [
              -121.82209490603086,
              39.71132380367324
            ],
            [
              -121.8223780865207,
              39.711105617778706
            ],
            [
              -121.82242970893759,
              39.71075916414142
            ],
            [
              -121.8226188583506,
              39.71052697279711
            ],
            [
              -121.82299917699464,
              39.710510969553226
            ],
            [
              -121.82307017160244,
              39.71036689095686
            ],
            [
              -121.82342694811886,
              39.71001479959902
            ],
            [
              -121.82357623732189,
              39.709897211347155
            ],
            [
              -121.82372976804513,
              39.709780345849744
            ],
            [
              -121.82398097658712,
              39.70947501442588
            ],
            [
              -121.82401260372265,
              39.70943658208949
            ],
            [
              -121.82409024514914,
              39.70921290187202
            ],
            [
              -121.82408583602661,
              39.70920868243879
            ],
            [
              -121.82408614726462,
              39.70920777195068
            ],
            [
              -121.82403191602855,
              39.70915589387801
            ],
            [
              -121.82411574037582,
              39.70901613267848
            ],
            [
              -121.82407130521464,
              39.70886818453242
            ],
            [
              -121.82398118787012,
              39.70865496252923
            ],
            [
              -121.82407469397832,
              39.70852154434435
            ],
            [
              -121.82442246460305,
              39.70826546084544
            ],
            [
              -121.82445911434603,
              39.708220807333994
            ],
            [
              -121.82449576992285,
              39.70817615552599
            ],
            [
              -121.82457560687968,
              39.70814538010658
            ],
            [
              -121.82461368274893,
              39.70803108891373
            ],
            [
              -121.82470306641416,
              39.708049875870714
            ],
            [
              -121.8247076877857,
              39.7080449295306
            ],
            [
              -121.82500826487596,
              39.70805112475701
            ],
            [
              -121.82511345299014,
              39.707974355866185
            ],
            [
              -121.82525413188353,
              39.7078933573379
            ],
            [
              -121.82540375034323,
              39.70784079627648
            ],
            [
              -121.82566810923865,
              39.70782094794275
            ],
            [
              -121.82584543690065,
              39.70785428120932
            ],
            [
              -121.82607973929774,
              39.7078386261092
            ],
            [
              -121.8263007246926,
              39.70779130871873
            ],
            [
              -121.82652478208361,
              39.707820605491165
            ],
            [
              -121.82677023858768,
              39.707791551474784
            ],
            [
              -121.82686387782228,
              39.70777467525514
            ],
            [
              -121.8269606309109,
              39.70775245163626
            ],
            [
              -121.82706481284126,
              39.70772851853737
            ],
            [
              -121.82710250882951,
              39.7077271121158
            ],
            [
              -121.82720131280409,
              39.70772343473279
            ],
            [
              -121.82737381328822,
              39.70763013049939
            ],
            [
              -121.82752184127432,
              39.707501190335975
            ],
            [
              -121.82753105286457,
              39.707419858851324
            ],
            [
              -121.82764237851504,
              39.707237462761604
            ],
            [
              -121.82790944469264,
              39.70710494053181
            ],
            [
              -121.82673529863622,
              39.70607503792637
            ],
            [
              -121.8265889244393,
              39.70602831352083
            ],
            [
              -121.8245079853971,
              39.70413457174798
            ],
            [
              -121.8238272516934,
              39.70344517213773
            ],
            [
              -121.82340518624783,
              39.70299727598225
            ],
            [
              -121.82299330834535,
              39.70254375610132
            ],
            [
              -121.82290709064846,
              39.70244520511833
            ],
            [
              -121.82228449157957,
              39.70171997470586
            ],
            [
              -121.82220061875223,
              39.70162039983384
            ],
            [
              -121.82168252505774,
              39.70113825052432
            ],
            [
              -121.821681815524,
              39.70113870198102
            ],
            [
              -121.82167923089237,
              39.70113629668841
            ],
            [
              -121.82147526556487,
              39.70101784886437
            ],
            [
              -121.82046275978144,
              39.70167582785751
            ],
            [
              -121.81987826885451,
              39.70205567348916
            ],
            [
              -121.81936127974667,
              39.70240015192194
            ],
            [
              -121.81915242233472,
              39.70252984924731
            ],
            [
              -121.81819301275694,
              39.70315172266997
            ],
            [
              -121.81737750464536,
              39.70367344323306
            ],
            [
              -121.81733988130699,
              39.70360915532795
            ],
            [
              -121.81633170154274,
              39.704254071973025
            ],
            [
              -121.81585881494328,
              39.70456037240251
            ],
            [
              -121.81551906862425,
              39.70478043550894
            ],
            [
              -121.81551906862425,
              39.70478043550894
            ],
            [
              -121.82001145785453,
              39.69513548325781
            ]
          ]
        ]
      }
    },
    {
      "type": "Feature",
      "properties": {
        "zone_label": "21N01E13L004M",
        "rms_well_swn": "21N01E13L004M",
        "mgmt_area_full": "03-Vina-South",
        "mgmt_area": "South",
        "workbook_mgmt_area": "03-Vina-South",
        "reassigned": false,
        "is_aggregate": false,
        "seed_lat": 39.67348,
        "seed_lon": -121.8144,
        "area_acres": 2712.9
      },
      "geometry": {
        "type": "Polygon",
        "coordinates": [
          [
            [
              -121.78984542036237,
              39.65845679489454
            ],
            [
              -121.83337228907865,
              39.65713972274784
            ],
            [
              -121.84564822018201,
              39.672264537817526
            ],
            [
              -121.82001145785453,
              39.69513548325781
            ],
            [
              -121.78984542036237,
              39.65845679489454
            ]
          ]
        ]
      }
    },
    {
      "type": "Feature",
      "properties": {
        "zone_label": "21N01E25K001M",
        "rms_well_swn": "21N01E25K001M",
        "mgmt_area_full": "03-Vina-South",
        "mgmt_area": "South",
        "workbook_mgmt_area": "03-Vina-South",
        "reassigned": false,
        "is_aggregate": false,
        "seed_lat": 39.642,
        "seed_lon": -121.8128,
        "area_acres": 2747.9
      },
      "geometry": {
        "type": "Polygon",
        "coordinates": [
          [
            [
              -121.80435640681104,
              39.62608848496708
            ],
            [
              -121.840802170011,
              39.633836493767205
            ],
            [
              -121.83337228907865,
              39.65713972274784
            ],
            [
              -121.78984542036237,
              39.65845679489454
            ],
            [
              -121.7888096861487,
              39.65821297247228
            ],
            [
              -121.80435640681104,
              39.62608848496708
            ]
          ]
        ]
      }
    },
    {
      "type": "Feature",
      "properties": {
        "zone_label": "21N01E27D001M",
        "rms_well_swn": "21N01E27D001M",
        "mgmt_area_full": "03-Vina-South",
        "mgmt_area": "South",
        "workbook_mgmt_area": "03-Vina-South",
        "reassigned": false,
        "is_aggregate": false,
        "seed_lat": 39.6511,
        "seed_lon": -121.8607,
        "area_acres": 10824.6
      },
      "geometry": {
        "type": "Polygon",
        "coordinates": [
          [
            [
              -121.84564822018201,
              39.672264537817526
            ],
            [
              -121.83337228907865,
              39.65713972274784
            ],
            [
              -121.840802170011,
              39.633836493767205
            ],
            [
              -121.8782194388208,
              39.60950162806571
            ],
            [
              -121.87821943882084,
              39.60950162806571
            ],
            [
              -121.87825162873885,
              39.609501140996024
            ],
            [
              -121.8948936757131,
              39.60940990116395
            ],
            [
              -121.89478953594225,
              39.6039656878931
            ],
            [
              -121.89477166027362,
              39.60244114930782
            ],
            [
              -121.89459162389515,
              39.60164790873782
            ],
            [
              -121.8945373323172,
              39.59888051148183
            ],
            [
              -121.90085576571248,
              39.59476652718672
            ],
            [
              -121.90753376633981,
              39.59473418666757
            ],
            [
              -121.90762089670167,
              39.59881304103131
            ],
            [
              -121.90860360291279,
              39.63651262821971
            ],
            [
              -121.93008839070154,
              39.630862723378876
            ],
            [
              -121.93030328061171,
              39.6313197947455
            ],
            [
              -121.93109497029968,
              39.634764008318236
            ],
            [
              -121.93119831370785,
              39.63800362460429
            ],
            [
              -121.92500941878771,
              39.63862283639033
            ],
            [
              -121.92245092762805,
              39.64022865517973
            ],
            [
              -121.92243324574866,
              39.645402889267885
            ],
            [
              -121.92234116903016,
              39.64883939548474
            ],
            [
              -121.9222420304286,
              39.65253823839412
            ],
            [
              -121.91726562134018,
              39.652447311677584
            ],
            [
              -121.90855702309001,
              39.65233332434845
            ],
            [
              -121.90834465632248,
              39.65234022053509
            ],
            [
              -121.90820820504847,
              39.6523399011692
            ],
            [
              -121.90816203133885,
              39.656879804988904
            ],
            [
              -121.9080651140169,
              39.66640504485826
            ],
            [
              -121.9080636891754,
              39.66685958602247
            ],
            [
              -121.90618069724914,
              39.666864070143625
            ],
            [
              -121.90590179918914,
              39.67328340853398
            ],
            [
              -121.90393005966126,
              39.67445767322702
            ],
            [
              -121.90162538892206,
              39.67590549501848
            ],
            [
              -121.90098781167835,
              39.67636767665959
            ],
            [
              -121.89994971558427,
              39.67697772258059
            ],
            [
              -121.89954277866258,
              39.67729240171039
            ],
            [
              -121.89827016466407,
              39.678098320189484
            ],
            [
              -121.8979426029044,
              39.678409239841876
            ],
            [
              -121.89540387712746,
              39.67905426543526
            ],
            [
              -121.8950996439196,
              39.67879751959901
            ],
            [
              -121.89272749031632,
              39.679320055946114
            ],
            [
              -121.89198690439471,
              39.6791020932671
            ],
            [
              -121.891476244289,
              39.67906034300981
            ],
            [
              -121.89126175963922,
              39.679018190664095
            ],
            [
              -121.89108143965471,
              39.67901756268922
            ],
            [
              -121.8910497370478,
              39.67912491048756
            ],
            [
              -121.8907831155437,
              39.6790798302894
            ],
            [
              -121.89058756612314,
              39.679148242029925
            ],
            [
              -121.89033818794888,
              39.67938248771322
            ],
            [
              -121.84564822018201,
              39.672264537817526
            ]
          ]
        ]
      }
    },
    {
      "type": "Feature",
      "properties": {
        "zone_label": "21N02E26E006M",
        "rms_well_swn": "21N02E26E006M",
        "mgmt_area_full": "03-Vina-South",
        "mgmt_area": "South",
        "workbook_mgmt_area": "03-Vina-South",
        "reassigned": false,
        "is_aggregate": false,
        "seed_lat": 39.6468,
        "seed_lon": -121.7263,
        "area_acres": 11480.0
      },
      "geometry": {
        "type": "Polygon",
        "coordinates": [
          [
            [
              -121.72389042282383,
              39.709529487361166
            ],
            [
              -121.72388944790909,
              39.709529834653374
            ],
            [
              -121.72388248908584,
              39.70953230333442
            ],
            [
              -121.72387552445964,
              39.709534764795826
            ],
            [
              -121.72386855520035,
              39.70953721813975
            ],
            [
              -121.7238615813078,
              39.709539663366016
            ],
            [
              -121.72385460394828,
              39.7095421004777
            ],
            [
              -121.7238476207895,
              39.709544529469106
            ],
            [
              -121.72384063299393,
              39.7095469512435
            ],
            [
              -121.7238336405688,
              39.7095493639998
            ],
            [
              -121.723826643507,
              39.70955176953914
            ],
            [
              -121.72381964181194,
              39.709554166961084
            ],
            [
              -121.7238126366499,
              39.70955655626819
            ],
            [
              -121.72380562568507,
              39.70955893835577
            ],
            [
              -121.7237986100905,
              39.709561311425105
            ],
            [
              -121.72379159102545,
              39.709563677280315
            ],
            [
              -121.72378456616472,
              39.709566034114616
            ],
            [
              -121.72377753783333,
              39.70956838373474
            ],
            [
              -121.72377050486894,
              39.7095707252374
            ],
            [
              -121.72376346727133,
              39.70957305862246
            ],
            [
              -121.72375642504055,
              39.709575383889955
            ],
            [
              -121.72374937817655,
              39.70957770104005
            ],
            [
              -121.7237423278457,
              39.70958001007524
            ],
            [
              -121.72373527171563,
              39.70958231099014
            ],
            [
              -121.72372821211839,
              39.70958460379037
            ],
            [
              -121.72372114788459,
              39.70958688937373
            ],
            [
              -121.7237140790211,
              39.70958916593881
            ],
            [
              -121.72370700668716,
              39.70959143528974
            ],
            [
              -121.72369992972367,
              39.70959369562251
            ],
            [
              -121.72369284812343,
              39.709595948738404
            ],
            [
              -121.72368576189368,
              39.709598192836026
            ],
            [
              -121.72367867219336,
              39.709600429719536
            ],
            [
              -121.72367157669377,
              39.7096026584828
            ],
            [
              -121.72366447889704,
              39.70960487823335
            ],
            [
              -121.72365737529735,
              39.70960709076439
            ],
            [
              -121.7236502682307,
              39.709609295180506
            ],
            [
              -121.72364315770066,
              39.70961149058101
            ],
            [
              -121.72363604136788,
              39.70961367876212
            ],
            [
              -121.72362892156814,
              39.70961585882825
            ],
            [
              -121.72362179830488,
              39.70961802987892
            ],
            [
              -121.72361467040506,
              39.70962019371273
            ],
            [
              -121.72360753787571,
              39.70962234852844
            ],
            [
              -121.72360040187576,
              39.70962449612984
            ],
            [
              -121.72359326124277,
              39.709626635613795
            ],
            [
              -121.72358611714647,
              39.709628766082325
            ],
            [
              -121.7235789684169,
              39.70963088843324
            ],
            [
              -121.72357181505073,
              39.70963300356722
            ],
            [
              -121.72356465938749,
              39.70963510968854
            ],
            [
              -121.72355749792129,
              39.70963720859017
            ],
            [
              -121.72355033299182,
              39.70963929847632
            ],
            [
              -121.72354316459533,
              39.70964138024759
            ],
            [
              -121.72353599273187,
              39.7096434539042
            ],
            [
              -121.72352881623546,
              39.7096455194431
            ],
            [
              -121.72352163510595,
              39.709647576864526
            ],
            [
              -121.7235144505095,
              39.709649626171064
            ],
            [
              -121.72350726244966,
              39.70965166646216
            ],
            [
              -121.72350006975321,
              39.709653699536275
            ],
            [
              -121.72349287359332,
              39.709655723595
            ],
            [
              -121.72348567396307,
              39.709657740439624
            ],
            [
              -121.72347846970322,
              39.709659748265956
            ],
            [
              -121.72347126197651,
              39.70966174797735
            ],
            [
              -121.72346405078284,
              39.70966373957416
            ],
            [
              -121.72345683495622,
              39.709665723053284
            ],
            [
              -121.72344961566257,
              39.70966769841752
            ],
            [
              -121.72344239290561,
              39.709669664766274
            ],
            [
              -121.72343516667821,
              39.70967162390094
            ],
            [
              -121.71731216269784,
              39.71132177748384
            ],
            [
              -121.71730479022705,
              39.71132376831522
            ],
            [
              -121.71729742238423,
              39.711325768164016
            ],
            [
              -121.71729005801053,
              39.71132777522642
            ],
            [
              -121.71728269709865,
              39.711329791303534
            ],
            [
              -121.71727534082198,
              39.71133181459694
            ],
            [
              -121.7172679880072,
              39.71133384690502
            ],
            [
              -121.71726063865786,
              39.711335887327216
            ],
            [
              -121.71725329394006,
              39.711337935866354
            ],
            [
              -121.71724595152146,
              39.71133999251673
            ],
            [
              -121.7172386149008,
              39.71134205728675
            ],
            [
              -121.71723128057927,
              39.711344130168186
            ],
            [
              -121.7172239508858,
              39.711346212067234
            ],
            [
              -121.71721662466135,
              39.7113483011796
            ],
            [
              -121.71720930306853,
              39.71135039840897
            ],
            [
              -121.71720198493739,
              39.71135250465304
            ],
            [
              -121.71719467027545,
              39.7113546181105
            ],
            [
              -121.71718736024131,
              39.711356740585714
            ],
            [
              -121.71718005367632,
              39.71135887027424
            ],
            [
              -121.71717275173931,
              39.71136100898043
            ],
            [
              -121.71716545326767,
              39.71136315580069
            ],
            [
              -121.71715815943115,
              39.71136530983707
            ],
            [
              -121.71715086905658,
              39.711367472888305
            ],
            [
              -121.71714358214727,
              39.71136964405368
            ],
            [
              -121.71713630103943,
              39.711371822438096
            ],
            [
              -121.71712902222717,
              39.71137400983439
            ],
            [
              -121.71712174804644,
              39.71137620534781
            ],
            [
              -121.71711447850096,
              39.71137840807733
            ],
            [
              -121.71710721358343,
              39.71138061982436
            ],
            [
              -121.71709995096502,
              39.71138283968283
            ],
            [
              -121.71709269414808,
              39.71138506676033
            ],
            [
              -121.71708544079289,
              39.711387302852636
            ],
            [
              -121.71707819206921,
              39.71138954706182
            ],
            [
              -121.71707094681445,
              39.71139179848437
            ],
            [
              -121.71706370618779,
              39.71139405892461
            ],
            [
              -121.71705647019628,
              39.71139632658112
            ],
            [
              -121.71704923767007,
              39.71139860235168
            ],
            [
              -121.71704200977183,
              39.711400887139845
            ],
            [
              -121.71703478650875,
              39.711403179144284
            ],
            [
              -121.71702756671107,
              39.71140547926283
            ],
            [
              -121.71702035271103,
              39.71140778750101
            ],
            [
              -121.71701314101028,
              39.71141010385068
            ],
            [
              -121.71700593510715,
              39.711412428320074
            ],
            [
              -121.71699873266944,
              39.71141476090354
            ],
            [
              -121.71699153602941,
              39.71141710160669
            ],
            [
              -121.71698434285473,
              39.71141945042405
            ],
            [
              -121.71697715314917,
              39.71142180645476
            ],
            [
              -121.71696996923747,
              39.71142417150588
            ],
            [
              -121.71696278879492,
              39.711426543770465
            ],
            [
              -121.71695561414998,
              39.711428924154866
            ],
            [
              -121.71694844297043,
              39.71143131265334
            ],
            [
              -121.71604672019637,
              39.71181465882873
            ],
            [
              -121.71306962819098,
              39.713382500290535
            ],
            [
              -121.71262391933172,
              39.71361406036834
            ],
            [
              -121.70966867228918,
              39.7151288195638
            ],
            [
              -121.70634299969834,
              39.71689950225792
            ],
            [
              -121.70399618723418,
              39.71814890144013
            ],
            [
              -121.7016591614252,
              39.71937947385998
            ],
            [
              -121.69729764731731,
              39.71562601613497
            ],
            [
              -121.69484112903523,
              39.71296036488915
            ],
            [
              -121.69239592281106,
              39.70983752010522
            ],
            [
              -121.69097587444699,
              39.708348468843184
            ],
            [
              -121.68863630899574,
              39.70589494105564
            ],
            [
              -121.68381723445285,
              39.70038274868726
            ],
            [
              -121.69875733422181,
              39.622837701684375
            ],
            [
              -121.7538814362111,
              39.63629267675989
            ],
            [
              -121.7635484775391,
              39.66212379636132
            ],
            [
              -121.72389042282383,
              39.709529487361166
            ]
          ]
        ]
      }
    },
    {
      "type": "Feature",
      "properties": {
        "zone_label": "21N02E32E001M",
        "rms_well_swn": "21N02E32E001M",
        "mgmt_area_full": "03-Vina-South",
        "mgmt_area": "South",
        "workbook_mgmt_area": "03-Vina-South",
        "reassigned": false,
        "is_aggregate": false,
        "seed_lat": 39.63383,
        "seed_lon": -121.78447,
        "area_acres": 4534.0
      },
      "geometry": {
        "type": "Polygon",
        "coordinates": [
          [
            [
              -121.7538814362111,
              39.63629267675989
            ],
            [
              -121.7807593052287,
              39.59673310573258
            ],
            [
              -121.78256929135897,
              39.598985750726484
            ],
            [
              -121.78256929135897,
              39.598985750726484
            ],
            [
              -121.78300382720496,
              39.60015403045711
            ],
            [
              -121.78394331271478,
              39.60267977533419
            ],
            [
              -121.78456968887097,
              39.60477271975501
            ],
            [
              -121.785184521468,
              39.606582406544746
            ],
            [
              -121.78532427789693,
              39.60685699413618
            ],
            [
              -121.78550244577872,
              39.60723130237485
            ],
            [
              -121.78554899731161,
              39.60732489991038
            ],
            [
              -121.7855598440912,
              39.60732501306632
            ],
            [
              -121.7855623443789,
              39.60733004085267
            ],
            [
              -121.78568278870128,
              39.60733129967104
            ],
            [
              -121.78598096787344,
              39.60727234400842
            ],
            [
              -121.78632103068692,
              39.60711450499065
            ],
            [
              -121.78661334626277,
              39.606931336219944
            ],
            [
              -121.78684207601769,
              39.60671025879936
            ],
            [
              -121.78728553780972,
              39.60600138968985
            ],
            [
              -121.787535616183,
              39.605624996156514
            ],
            [
              -121.7877427824519,
              39.60542359974171
            ],
            [
              -121.78774278245193,
              39.60542359974171
            ],
            [
              -121.80435640681104,
              39.62608848496708
            ],
            [
              -121.7888096861487,
              39.65821297247228
            ],
            [
              -121.7635484775391,
              39.66212379636132
            ],
            [
              -121.7538814362111,
              39.63629267675989
            ]
          ]
        ]
      }
    },
    {
      "type": "Feature",
      "properties": {
        "zone_label": "21N03E32B001M",
        "rms_well_swn": "21N03E32B001M",
        "mgmt_area_full": "03-Vina-South",
        "mgmt_area": "South",
        "workbook_mgmt_area": "03-Vina-South",
        "reassigned": false,
        "is_aggregate": false,
        "seed_lat": 39.63958,
        "seed_lon": -121.66338,
        "area_acres": 14224.9
      },
      "geometry": {
        "type": "Polygon",
        "coordinates": [
          [
            [
              -121.63996322328516,
              39.59313731445688
            ],
            [
              -121.69459092362086,
              39.61503545430583
            ],
            [
              -121.69875733422181,
              39.622837701684375
            ],
            [
              -121.68381723445285,
              39.70038274868726
            ],
            [
              -121.68381723445285,
              39.70038274868724
            ],
            [
              -121.68337086212256,
              39.69987212480845
            ],
            [
              -121.67791204844787,
              39.69270276800901
            ],
            [
              -121.67212709172583,
              39.68678620885794
            ],
            [
              -121.66480542753686,
              39.68010339740506
            ],
            [
              -121.65952413559319,
              39.67487974775565
            ],
            [
              -121.65677503425859,
              39.67198110209115
            ],
            [
              -121.65352977063209,
              39.66855895981981
            ],
            [
              -121.65031632854658,
              39.6654361340441
            ],
            [
              -121.647017962552,
              39.66223024163986
            ],
            [
              -121.64544209757983,
              39.6604282881723
            ],
            [
              -121.64377598889726,
              39.65852279874595
            ],
            [
              -121.64044740970265,
              39.655328599271286
            ],
            [
              -121.63916440119684,
              39.65429950481062
            ],
            [
              -121.63855895561863,
              39.65381377304497
            ],
            [
              -121.63784549888221,
              39.65334902619543
            ],
            [
              -121.63662365271213,
              39.65255293695577
            ],
            [
              -121.63352890194642,
              39.650536679789994
            ],
            [
              -121.63154027802923,
              39.64901314370054
            ],
            [
              -121.62386224810301,
              39.643130103136585
            ],
            [
              -121.61536274442297,
              39.635674335523085
            ],
            [
              -121.61291964499421,
              39.63353087787348
            ],
            [
              -121.61182643958618,
              39.63282824279958
            ],
            [
              -121.60912333501817,
              39.63135782239532
            ],
            [
              -121.60743354497947,
              39.630817461812974
            ],
            [
              -121.606548067242,
              39.63068961904323
            ],
            [
              -121.59736482249875,
              39.63066348573707
            ],
            [
              -121.59442099868171,
              39.62993232194007
            ],
            [
              -121.59243963290908,
              39.629215816748456
            ],
            [
              -121.59098098726787,
              39.62833581313833
            ],
            [
              -121.58931039522992,
              39.62705233894518
            ],
            [
              -121.58736874204747,
              39.624792717171715
            ],
            [
              -121.58610953174711,
              39.62191470205572
            ],
            [
              -121.58648194241667,
              39.61894755528899
            ],
            [
              -121.58726462257412,
              39.61730165875208
            ],
            [
              -121.58811255344746,
              39.61599979321778
            ],
            [
              -121.5890256454826,
              39.615041897545204
            ],
            [
              -121.59105351956651,
              39.61388630506567
            ],
            [
              -121.59293313100098,
              39.6128152451958
            ],
            [
              -121.59542088535277,
              39.61108114374507
            ],
            [
              -121.59744929134008,
              39.60890344357716
            ],
            [
              -121.59846600931873,
              39.607811896870054
            ],
            [
              -121.5984779279363,
              39.60443899619576
            ],
            [
              -121.59804138572743,
              39.60123072629459
            ],
            [
              -121.598134397074,
              39.60048892499696
            ],
            [
              -121.59916189813445,
              39.59793204857957
            ],
            [
              -121.59953323033324,
              39.59732400191039
            ],
            [
              -121.59953323033324,
              39.59732400191038
            ],
            [
              -121.63996322328516,
              39.59313731445688
            ]
          ]
        ]
      }
    }
  ]
}